[2025-11-09T13:19:06.801+0000] {processor.py:161} INFO - Started process (PID=159) to work on /opt/airflow/dags/connect.py
[2025-11-09T13:19:06.803+0000] {processor.py:830} INFO - Processing file /opt/airflow/dags/connect.py for tasks to queue
[2025-11-09T13:19:06.808+0000] {logging_mixin.py:188} INFO - [2025-11-09T13:19:06.808+0000] {dagbag.py:545} INFO - Filling up the DagBag from /opt/airflow/dags/connect.py
[2025-11-09T13:19:06.824+0000] {processor.py:840} INFO - DAG(s) 'test_connections_dag' retrieved from /opt/airflow/dags/connect.py
[2025-11-09T13:19:06.876+0000] {logging_mixin.py:188} INFO - [2025-11-09T13:19:06.876+0000] {dag.py:3089} INFO - Sync 1 DAGs
[2025-11-09T13:19:06.916+0000] {logging_mixin.py:188} INFO - [2025-11-09T13:19:06.915+0000] {dag.py:3947} INFO - Setting next_dagrun for test_connections_dag to 2025-11-09 06:00:00+00:00, run_after=2025-11-09 12:00:00+00:00
[2025-11-09T13:19:06.947+0000] {processor.py:183} INFO - Processing /opt/airflow/dags/connect.py took 0.156 seconds
[2025-11-09T13:19:37.139+0000] {processor.py:161} INFO - Started process (PID=183) to work on /opt/airflow/dags/connect.py
[2025-11-09T13:19:37.140+0000] {processor.py:830} INFO - Processing file /opt/airflow/dags/connect.py for tasks to queue
[2025-11-09T13:19:37.142+0000] {logging_mixin.py:188} INFO - [2025-11-09T13:19:37.142+0000] {dagbag.py:545} INFO - Filling up the DagBag from /opt/airflow/dags/connect.py
[2025-11-09T13:19:37.162+0000] {processor.py:840} INFO - DAG(s) 'test_connections_dag' retrieved from /opt/airflow/dags/connect.py
[2025-11-09T13:19:37.445+0000] {logging_mixin.py:188} INFO - [2025-11-09T13:19:37.445+0000] {dag.py:3089} INFO - Sync 1 DAGs
[2025-11-09T13:19:37.462+0000] {logging_mixin.py:188} INFO - [2025-11-09T13:19:37.462+0000] {dag.py:3947} INFO - Setting next_dagrun for test_connections_dag to 2025-11-09 06:00:00+00:00, run_after=2025-11-09 12:00:00+00:00
[2025-11-09T13:19:37.479+0000] {processor.py:183} INFO - Processing /opt/airflow/dags/connect.py took 0.355 seconds
[2025-11-09T13:20:07.667+0000] {processor.py:161} INFO - Started process (PID=196) to work on /opt/airflow/dags/connect.py
[2025-11-09T13:20:07.668+0000] {processor.py:830} INFO - Processing file /opt/airflow/dags/connect.py for tasks to queue
[2025-11-09T13:20:07.670+0000] {logging_mixin.py:188} INFO - [2025-11-09T13:20:07.670+0000] {dagbag.py:545} INFO - Filling up the DagBag from /opt/airflow/dags/connect.py
[2025-11-09T13:20:07.683+0000] {processor.py:840} INFO - DAG(s) 'test_connections_dag' retrieved from /opt/airflow/dags/connect.py
[2025-11-09T13:20:07.712+0000] {logging_mixin.py:188} INFO - [2025-11-09T13:20:07.712+0000] {dag.py:3089} INFO - Sync 1 DAGs
[2025-11-09T13:20:07.731+0000] {logging_mixin.py:188} INFO - [2025-11-09T13:20:07.731+0000] {dag.py:3947} INFO - Setting next_dagrun for test_connections_dag to 2025-11-09 06:00:00+00:00, run_after=2025-11-09 12:00:00+00:00
[2025-11-09T13:20:07.749+0000] {processor.py:183} INFO - Processing /opt/airflow/dags/connect.py took 0.087 seconds
[2025-11-09T13:20:37.953+0000] {processor.py:161} INFO - Started process (PID=206) to work on /opt/airflow/dags/connect.py
[2025-11-09T13:20:37.954+0000] {processor.py:830} INFO - Processing file /opt/airflow/dags/connect.py for tasks to queue
[2025-11-09T13:20:37.955+0000] {logging_mixin.py:188} INFO - [2025-11-09T13:20:37.955+0000] {dagbag.py:545} INFO - Filling up the DagBag from /opt/airflow/dags/connect.py
[2025-11-09T13:20:37.966+0000] {processor.py:840} INFO - DAG(s) 'test_connections_dag' retrieved from /opt/airflow/dags/connect.py
[2025-11-09T13:20:37.990+0000] {logging_mixin.py:188} INFO - [2025-11-09T13:20:37.990+0000] {dag.py:3089} INFO - Sync 1 DAGs
[2025-11-09T13:20:38.011+0000] {logging_mixin.py:188} INFO - [2025-11-09T13:20:38.011+0000] {dag.py:3947} INFO - Setting next_dagrun for test_connections_dag to 2025-11-09 06:00:00+00:00, run_after=2025-11-09 12:00:00+00:00
[2025-11-09T13:20:38.030+0000] {processor.py:183} INFO - Processing /opt/airflow/dags/connect.py took 0.084 seconds
[2025-11-09T13:21:08.197+0000] {processor.py:161} INFO - Started process (PID=216) to work on /opt/airflow/dags/connect.py
[2025-11-09T13:21:08.199+0000] {processor.py:830} INFO - Processing file /opt/airflow/dags/connect.py for tasks to queue
[2025-11-09T13:21:08.202+0000] {logging_mixin.py:188} INFO - [2025-11-09T13:21:08.201+0000] {dagbag.py:545} INFO - Filling up the DagBag from /opt/airflow/dags/connect.py
[2025-11-09T13:21:08.214+0000] {processor.py:840} INFO - DAG(s) 'test_connections_dag' retrieved from /opt/airflow/dags/connect.py
[2025-11-09T13:21:08.243+0000] {logging_mixin.py:188} INFO - [2025-11-09T13:21:08.243+0000] {dag.py:3089} INFO - Sync 1 DAGs
[2025-11-09T13:21:08.275+0000] {logging_mixin.py:188} INFO - [2025-11-09T13:21:08.275+0000] {dag.py:3947} INFO - Setting next_dagrun for test_connections_dag to 2025-11-09 06:00:00+00:00, run_after=2025-11-09 12:00:00+00:00
[2025-11-09T13:21:08.298+0000] {processor.py:183} INFO - Processing /opt/airflow/dags/connect.py took 0.108 seconds
[2025-11-09T13:21:38.473+0000] {processor.py:161} INFO - Started process (PID=226) to work on /opt/airflow/dags/connect.py
[2025-11-09T13:21:38.474+0000] {processor.py:830} INFO - Processing file /opt/airflow/dags/connect.py for tasks to queue
[2025-11-09T13:21:38.476+0000] {logging_mixin.py:188} INFO - [2025-11-09T13:21:38.476+0000] {dagbag.py:545} INFO - Filling up the DagBag from /opt/airflow/dags/connect.py
[2025-11-09T13:21:38.488+0000] {processor.py:840} INFO - DAG(s) 'test_connections_dag' retrieved from /opt/airflow/dags/connect.py
[2025-11-09T13:21:38.515+0000] {logging_mixin.py:188} INFO - [2025-11-09T13:21:38.515+0000] {dag.py:3089} INFO - Sync 1 DAGs
[2025-11-09T13:21:38.533+0000] {logging_mixin.py:188} INFO - [2025-11-09T13:21:38.533+0000] {dag.py:3947} INFO - Setting next_dagrun for test_connections_dag to 2025-11-09 06:00:00+00:00, run_after=2025-11-09 12:00:00+00:00
[2025-11-09T13:21:38.548+0000] {processor.py:183} INFO - Processing /opt/airflow/dags/connect.py took 0.081 seconds
[2025-11-09T13:22:08.728+0000] {processor.py:161} INFO - Started process (PID=236) to work on /opt/airflow/dags/connect.py
[2025-11-09T13:22:08.729+0000] {processor.py:830} INFO - Processing file /opt/airflow/dags/connect.py for tasks to queue
[2025-11-09T13:22:08.731+0000] {logging_mixin.py:188} INFO - [2025-11-09T13:22:08.731+0000] {dagbag.py:545} INFO - Filling up the DagBag from /opt/airflow/dags/connect.py
[2025-11-09T13:22:08.745+0000] {processor.py:840} INFO - DAG(s) 'test_connections_dag' retrieved from /opt/airflow/dags/connect.py
[2025-11-09T13:22:08.771+0000] {logging_mixin.py:188} INFO - [2025-11-09T13:22:08.770+0000] {dag.py:3089} INFO - Sync 1 DAGs
[2025-11-09T13:22:08.793+0000] {logging_mixin.py:188} INFO - [2025-11-09T13:22:08.792+0000] {dag.py:3947} INFO - Setting next_dagrun for test_connections_dag to 2025-11-09 06:00:00+00:00, run_after=2025-11-09 12:00:00+00:00
[2025-11-09T13:22:08.809+0000] {processor.py:183} INFO - Processing /opt/airflow/dags/connect.py took 0.090 seconds
[2025-11-09T13:22:38.997+0000] {processor.py:161} INFO - Started process (PID=246) to work on /opt/airflow/dags/connect.py
[2025-11-09T13:22:38.999+0000] {processor.py:830} INFO - Processing file /opt/airflow/dags/connect.py for tasks to queue
[2025-11-09T13:22:39.003+0000] {logging_mixin.py:188} INFO - [2025-11-09T13:22:39.002+0000] {dagbag.py:545} INFO - Filling up the DagBag from /opt/airflow/dags/connect.py
[2025-11-09T13:22:39.016+0000] {processor.py:840} INFO - DAG(s) 'test_connections_dag' retrieved from /opt/airflow/dags/connect.py
[2025-11-09T13:22:39.053+0000] {logging_mixin.py:188} INFO - [2025-11-09T13:22:39.052+0000] {dag.py:3089} INFO - Sync 1 DAGs
[2025-11-09T13:22:39.081+0000] {logging_mixin.py:188} INFO - [2025-11-09T13:22:39.081+0000] {dag.py:3947} INFO - Setting next_dagrun for test_connections_dag to 2025-11-09 06:00:00+00:00, run_after=2025-11-09 12:00:00+00:00
[2025-11-09T13:22:39.099+0000] {processor.py:183} INFO - Processing /opt/airflow/dags/connect.py took 0.117 seconds
[2025-11-09T13:23:09.198+0000] {processor.py:161} INFO - Started process (PID=256) to work on /opt/airflow/dags/connect.py
[2025-11-09T13:23:09.200+0000] {processor.py:830} INFO - Processing file /opt/airflow/dags/connect.py for tasks to queue
[2025-11-09T13:23:09.202+0000] {logging_mixin.py:188} INFO - [2025-11-09T13:23:09.202+0000] {dagbag.py:545} INFO - Filling up the DagBag from /opt/airflow/dags/connect.py
[2025-11-09T13:23:09.212+0000] {processor.py:840} INFO - DAG(s) 'test_connections_dag' retrieved from /opt/airflow/dags/connect.py
[2025-11-09T13:23:09.245+0000] {logging_mixin.py:188} INFO - [2025-11-09T13:23:09.245+0000] {dag.py:3089} INFO - Sync 1 DAGs
[2025-11-09T13:23:09.263+0000] {logging_mixin.py:188} INFO - [2025-11-09T13:23:09.263+0000] {dag.py:3947} INFO - Setting next_dagrun for test_connections_dag to 2025-11-09 06:00:00+00:00, run_after=2025-11-09 12:00:00+00:00
[2025-11-09T13:23:09.278+0000] {processor.py:183} INFO - Processing /opt/airflow/dags/connect.py took 0.086 seconds
[2025-11-09T13:23:39.440+0000] {processor.py:161} INFO - Started process (PID=266) to work on /opt/airflow/dags/connect.py
[2025-11-09T13:23:39.442+0000] {processor.py:830} INFO - Processing file /opt/airflow/dags/connect.py for tasks to queue
[2025-11-09T13:23:39.446+0000] {logging_mixin.py:188} INFO - [2025-11-09T13:23:39.445+0000] {dagbag.py:545} INFO - Filling up the DagBag from /opt/airflow/dags/connect.py
[2025-11-09T13:23:39.463+0000] {processor.py:840} INFO - DAG(s) 'test_connections_dag' retrieved from /opt/airflow/dags/connect.py
[2025-11-09T13:23:39.493+0000] {logging_mixin.py:188} INFO - [2025-11-09T13:23:39.492+0000] {dag.py:3089} INFO - Sync 1 DAGs
[2025-11-09T13:23:39.515+0000] {logging_mixin.py:188} INFO - [2025-11-09T13:23:39.515+0000] {dag.py:3947} INFO - Setting next_dagrun for test_connections_dag to 2025-11-09 06:00:00+00:00, run_after=2025-11-09 12:00:00+00:00
[2025-11-09T13:23:39.534+0000] {processor.py:183} INFO - Processing /opt/airflow/dags/connect.py took 0.110 seconds
[2025-11-09T13:24:09.680+0000] {processor.py:161} INFO - Started process (PID=276) to work on /opt/airflow/dags/connect.py
[2025-11-09T13:24:09.681+0000] {processor.py:830} INFO - Processing file /opt/airflow/dags/connect.py for tasks to queue
[2025-11-09T13:24:09.684+0000] {logging_mixin.py:188} INFO - [2025-11-09T13:24:09.684+0000] {dagbag.py:545} INFO - Filling up the DagBag from /opt/airflow/dags/connect.py
[2025-11-09T13:24:09.701+0000] {processor.py:840} INFO - DAG(s) 'test_connections_dag' retrieved from /opt/airflow/dags/connect.py
[2025-11-09T13:24:09.735+0000] {logging_mixin.py:188} INFO - [2025-11-09T13:24:09.735+0000] {dag.py:3089} INFO - Sync 1 DAGs
[2025-11-09T13:24:09.759+0000] {logging_mixin.py:188} INFO - [2025-11-09T13:24:09.758+0000] {dag.py:3947} INFO - Setting next_dagrun for test_connections_dag to 2025-11-09 06:00:00+00:00, run_after=2025-11-09 12:00:00+00:00
[2025-11-09T13:24:09.780+0000] {processor.py:183} INFO - Processing /opt/airflow/dags/connect.py took 0.115 seconds
[2025-11-09T13:24:39.847+0000] {processor.py:161} INFO - Started process (PID=286) to work on /opt/airflow/dags/connect.py
[2025-11-09T13:24:39.848+0000] {processor.py:830} INFO - Processing file /opt/airflow/dags/connect.py for tasks to queue
[2025-11-09T13:24:39.850+0000] {logging_mixin.py:188} INFO - [2025-11-09T13:24:39.849+0000] {dagbag.py:545} INFO - Filling up the DagBag from /opt/airflow/dags/connect.py
[2025-11-09T13:24:39.860+0000] {processor.py:840} INFO - DAG(s) 'test_connections_dag' retrieved from /opt/airflow/dags/connect.py
[2025-11-09T13:24:39.885+0000] {logging_mixin.py:188} INFO - [2025-11-09T13:24:39.885+0000] {dag.py:3089} INFO - Sync 1 DAGs
[2025-11-09T13:24:39.905+0000] {logging_mixin.py:188} INFO - [2025-11-09T13:24:39.905+0000] {dag.py:3947} INFO - Setting next_dagrun for test_connections_dag to 2025-11-09 06:00:00+00:00, run_after=2025-11-09 12:00:00+00:00
[2025-11-09T13:24:39.922+0000] {processor.py:183} INFO - Processing /opt/airflow/dags/connect.py took 0.082 seconds
[2025-11-09T13:25:10.124+0000] {processor.py:161} INFO - Started process (PID=296) to work on /opt/airflow/dags/connect.py
[2025-11-09T13:25:10.125+0000] {processor.py:830} INFO - Processing file /opt/airflow/dags/connect.py for tasks to queue
[2025-11-09T13:25:10.127+0000] {logging_mixin.py:188} INFO - [2025-11-09T13:25:10.126+0000] {dagbag.py:545} INFO - Filling up the DagBag from /opt/airflow/dags/connect.py
[2025-11-09T13:25:10.143+0000] {processor.py:840} INFO - DAG(s) 'test_connections_dag' retrieved from /opt/airflow/dags/connect.py
[2025-11-09T13:25:10.172+0000] {logging_mixin.py:188} INFO - [2025-11-09T13:25:10.171+0000] {dag.py:3089} INFO - Sync 1 DAGs
[2025-11-09T13:25:10.193+0000] {logging_mixin.py:188} INFO - [2025-11-09T13:25:10.192+0000] {dag.py:3947} INFO - Setting next_dagrun for test_connections_dag to 2025-11-09 06:00:00+00:00, run_after=2025-11-09 12:00:00+00:00
[2025-11-09T13:25:10.209+0000] {processor.py:183} INFO - Processing /opt/airflow/dags/connect.py took 0.097 seconds
[2025-11-09T13:25:40.337+0000] {processor.py:161} INFO - Started process (PID=306) to work on /opt/airflow/dags/connect.py
[2025-11-09T13:25:40.339+0000] {processor.py:830} INFO - Processing file /opt/airflow/dags/connect.py for tasks to queue
[2025-11-09T13:25:40.342+0000] {logging_mixin.py:188} INFO - [2025-11-09T13:25:40.342+0000] {dagbag.py:545} INFO - Filling up the DagBag from /opt/airflow/dags/connect.py
[2025-11-09T13:25:40.359+0000] {processor.py:840} INFO - DAG(s) 'test_connections_dag' retrieved from /opt/airflow/dags/connect.py
[2025-11-09T13:25:40.389+0000] {logging_mixin.py:188} INFO - [2025-11-09T13:25:40.389+0000] {dag.py:3089} INFO - Sync 1 DAGs
[2025-11-09T13:25:40.414+0000] {logging_mixin.py:188} INFO - [2025-11-09T13:25:40.414+0000] {dag.py:3947} INFO - Setting next_dagrun for test_connections_dag to 2025-11-09 06:00:00+00:00, run_after=2025-11-09 12:00:00+00:00
[2025-11-09T13:25:40.435+0000] {processor.py:183} INFO - Processing /opt/airflow/dags/connect.py took 0.116 seconds
[2025-11-09T13:26:10.635+0000] {processor.py:161} INFO - Started process (PID=316) to work on /opt/airflow/dags/connect.py
[2025-11-09T13:26:10.637+0000] {processor.py:830} INFO - Processing file /opt/airflow/dags/connect.py for tasks to queue
[2025-11-09T13:26:10.639+0000] {logging_mixin.py:188} INFO - [2025-11-09T13:26:10.639+0000] {dagbag.py:545} INFO - Filling up the DagBag from /opt/airflow/dags/connect.py
[2025-11-09T13:26:10.649+0000] {processor.py:840} INFO - DAG(s) 'test_connections_dag' retrieved from /opt/airflow/dags/connect.py
[2025-11-09T13:26:10.681+0000] {logging_mixin.py:188} INFO - [2025-11-09T13:26:10.680+0000] {dag.py:3089} INFO - Sync 1 DAGs
[2025-11-09T13:26:10.704+0000] {logging_mixin.py:188} INFO - [2025-11-09T13:26:10.704+0000] {dag.py:3947} INFO - Setting next_dagrun for test_connections_dag to 2025-11-09 12:00:00+00:00, run_after=2025-11-09 18:00:00+00:00
[2025-11-09T13:26:10.725+0000] {processor.py:183} INFO - Processing /opt/airflow/dags/connect.py took 0.097 seconds
[2025-11-09T13:26:40.872+0000] {processor.py:161} INFO - Started process (PID=330) to work on /opt/airflow/dags/connect.py
[2025-11-09T13:26:40.874+0000] {processor.py:830} INFO - Processing file /opt/airflow/dags/connect.py for tasks to queue
[2025-11-09T13:26:40.878+0000] {logging_mixin.py:188} INFO - [2025-11-09T13:26:40.877+0000] {dagbag.py:545} INFO - Filling up the DagBag from /opt/airflow/dags/connect.py
[2025-11-09T13:26:40.901+0000] {processor.py:840} INFO - DAG(s) 'test_connections_dag' retrieved from /opt/airflow/dags/connect.py
[2025-11-09T13:26:40.930+0000] {logging_mixin.py:188} INFO - [2025-11-09T13:26:40.929+0000] {dag.py:3089} INFO - Sync 1 DAGs
[2025-11-09T13:26:40.952+0000] {logging_mixin.py:188} INFO - [2025-11-09T13:26:40.952+0000] {dag.py:3947} INFO - Setting next_dagrun for test_connections_dag to 2025-11-09 12:00:00+00:00, run_after=2025-11-09 18:00:00+00:00
[2025-11-09T13:26:40.972+0000] {processor.py:183} INFO - Processing /opt/airflow/dags/connect.py took 0.117 seconds
[2025-11-09T13:27:11.169+0000] {processor.py:161} INFO - Started process (PID=340) to work on /opt/airflow/dags/connect.py
[2025-11-09T13:27:11.170+0000] {processor.py:830} INFO - Processing file /opt/airflow/dags/connect.py for tasks to queue
[2025-11-09T13:27:11.174+0000] {logging_mixin.py:188} INFO - [2025-11-09T13:27:11.173+0000] {dagbag.py:545} INFO - Filling up the DagBag from /opt/airflow/dags/connect.py
[2025-11-09T13:27:11.187+0000] {processor.py:840} INFO - DAG(s) 'test_connections_dag' retrieved from /opt/airflow/dags/connect.py
[2025-11-09T13:27:11.218+0000] {logging_mixin.py:188} INFO - [2025-11-09T13:27:11.218+0000] {dag.py:3089} INFO - Sync 1 DAGs
[2025-11-09T13:27:11.245+0000] {logging_mixin.py:188} INFO - [2025-11-09T13:27:11.245+0000] {dag.py:3947} INFO - Setting next_dagrun for test_connections_dag to 2025-11-09 12:00:00+00:00, run_after=2025-11-09 18:00:00+00:00
[2025-11-09T13:27:11.269+0000] {processor.py:183} INFO - Processing /opt/airflow/dags/connect.py took 0.106 seconds
[2025-11-09T13:27:41.332+0000] {processor.py:161} INFO - Started process (PID=354) to work on /opt/airflow/dags/connect.py
[2025-11-09T13:27:41.333+0000] {processor.py:830} INFO - Processing file /opt/airflow/dags/connect.py for tasks to queue
[2025-11-09T13:27:41.335+0000] {logging_mixin.py:188} INFO - [2025-11-09T13:27:41.335+0000] {dagbag.py:545} INFO - Filling up the DagBag from /opt/airflow/dags/connect.py
[2025-11-09T13:27:41.349+0000] {processor.py:840} INFO - DAG(s) 'test_connections_dag' retrieved from /opt/airflow/dags/connect.py
[2025-11-09T13:27:41.380+0000] {logging_mixin.py:188} INFO - [2025-11-09T13:27:41.379+0000] {dag.py:3089} INFO - Sync 1 DAGs
[2025-11-09T13:27:41.404+0000] {logging_mixin.py:188} INFO - [2025-11-09T13:27:41.403+0000] {dag.py:3947} INFO - Setting next_dagrun for test_connections_dag to 2025-11-09 12:00:00+00:00, run_after=2025-11-09 18:00:00+00:00
[2025-11-09T13:27:41.423+0000] {processor.py:183} INFO - Processing /opt/airflow/dags/connect.py took 0.097 seconds
[2025-11-09T13:28:11.616+0000] {processor.py:161} INFO - Started process (PID=364) to work on /opt/airflow/dags/connect.py
[2025-11-09T13:28:11.617+0000] {processor.py:830} INFO - Processing file /opt/airflow/dags/connect.py for tasks to queue
[2025-11-09T13:28:11.619+0000] {logging_mixin.py:188} INFO - [2025-11-09T13:28:11.619+0000] {dagbag.py:545} INFO - Filling up the DagBag from /opt/airflow/dags/connect.py
[2025-11-09T13:28:11.631+0000] {processor.py:840} INFO - DAG(s) 'test_connections_dag' retrieved from /opt/airflow/dags/connect.py
[2025-11-09T13:28:11.655+0000] {logging_mixin.py:188} INFO - [2025-11-09T13:28:11.654+0000] {dag.py:3089} INFO - Sync 1 DAGs
[2025-11-09T13:28:11.673+0000] {logging_mixin.py:188} INFO - [2025-11-09T13:28:11.672+0000] {dag.py:3947} INFO - Setting next_dagrun for test_connections_dag to 2025-11-09 12:00:00+00:00, run_after=2025-11-09 18:00:00+00:00
[2025-11-09T13:28:11.713+0000] {processor.py:183} INFO - Processing /opt/airflow/dags/connect.py took 0.108 seconds
[2025-11-09T13:28:41.813+0000] {processor.py:161} INFO - Started process (PID=374) to work on /opt/airflow/dags/connect.py
[2025-11-09T13:28:41.813+0000] {processor.py:830} INFO - Processing file /opt/airflow/dags/connect.py for tasks to queue
[2025-11-09T13:28:41.815+0000] {logging_mixin.py:188} INFO - [2025-11-09T13:28:41.815+0000] {dagbag.py:545} INFO - Filling up the DagBag from /opt/airflow/dags/connect.py
[2025-11-09T13:28:41.827+0000] {processor.py:840} INFO - DAG(s) 'test_connections_dag' retrieved from /opt/airflow/dags/connect.py
[2025-11-09T13:28:41.850+0000] {logging_mixin.py:188} INFO - [2025-11-09T13:28:41.849+0000] {dag.py:3089} INFO - Sync 1 DAGs
[2025-11-09T13:28:41.870+0000] {logging_mixin.py:188} INFO - [2025-11-09T13:28:41.870+0000] {dag.py:3947} INFO - Setting next_dagrun for test_connections_dag to 2025-11-09 12:00:00+00:00, run_after=2025-11-09 18:00:00+00:00
[2025-11-09T13:28:41.888+0000] {processor.py:183} INFO - Processing /opt/airflow/dags/connect.py took 0.082 seconds
[2025-11-09T13:29:12.093+0000] {processor.py:161} INFO - Started process (PID=384) to work on /opt/airflow/dags/connect.py
[2025-11-09T13:29:12.095+0000] {processor.py:830} INFO - Processing file /opt/airflow/dags/connect.py for tasks to queue
[2025-11-09T13:29:12.099+0000] {logging_mixin.py:188} INFO - [2025-11-09T13:29:12.098+0000] {dagbag.py:545} INFO - Filling up the DagBag from /opt/airflow/dags/connect.py
[2025-11-09T13:29:12.114+0000] {processor.py:840} INFO - DAG(s) 'test_connections_dag' retrieved from /opt/airflow/dags/connect.py
[2025-11-09T13:29:12.147+0000] {logging_mixin.py:188} INFO - [2025-11-09T13:29:12.146+0000] {dag.py:3089} INFO - Sync 1 DAGs
[2025-11-09T13:29:12.176+0000] {logging_mixin.py:188} INFO - [2025-11-09T13:29:12.175+0000] {dag.py:3947} INFO - Setting next_dagrun for test_connections_dag to 2025-11-09 12:00:00+00:00, run_after=2025-11-09 18:00:00+00:00
[2025-11-09T13:29:12.200+0000] {processor.py:183} INFO - Processing /opt/airflow/dags/connect.py took 0.115 seconds
[2025-11-09T13:29:42.398+0000] {processor.py:161} INFO - Started process (PID=394) to work on /opt/airflow/dags/connect.py
[2025-11-09T13:29:42.400+0000] {processor.py:830} INFO - Processing file /opt/airflow/dags/connect.py for tasks to queue
[2025-11-09T13:29:42.403+0000] {logging_mixin.py:188} INFO - [2025-11-09T13:29:42.402+0000] {dagbag.py:545} INFO - Filling up the DagBag from /opt/airflow/dags/connect.py
[2025-11-09T13:29:42.418+0000] {processor.py:840} INFO - DAG(s) 'test_connections_dag' retrieved from /opt/airflow/dags/connect.py
[2025-11-09T13:29:42.448+0000] {logging_mixin.py:188} INFO - [2025-11-09T13:29:42.448+0000] {dag.py:3089} INFO - Sync 1 DAGs
[2025-11-09T13:29:42.473+0000] {logging_mixin.py:188} INFO - [2025-11-09T13:29:42.473+0000] {dag.py:3947} INFO - Setting next_dagrun for test_connections_dag to 2025-11-09 12:00:00+00:00, run_after=2025-11-09 18:00:00+00:00
[2025-11-09T13:29:42.490+0000] {processor.py:183} INFO - Processing /opt/airflow/dags/connect.py took 0.105 seconds
[2025-11-09T13:30:12.591+0000] {processor.py:161} INFO - Started process (PID=404) to work on /opt/airflow/dags/connect.py
[2025-11-09T13:30:12.593+0000] {processor.py:830} INFO - Processing file /opt/airflow/dags/connect.py for tasks to queue
[2025-11-09T13:30:12.599+0000] {logging_mixin.py:188} INFO - [2025-11-09T13:30:12.597+0000] {dagbag.py:545} INFO - Filling up the DagBag from /opt/airflow/dags/connect.py
[2025-11-09T13:30:12.625+0000] {processor.py:840} INFO - DAG(s) 'test_connections_dag' retrieved from /opt/airflow/dags/connect.py
[2025-11-09T13:30:12.652+0000] {logging_mixin.py:188} INFO - [2025-11-09T13:30:12.652+0000] {dag.py:3089} INFO - Sync 1 DAGs
[2025-11-09T13:30:12.671+0000] {logging_mixin.py:188} INFO - [2025-11-09T13:30:12.671+0000] {dag.py:3947} INFO - Setting next_dagrun for test_connections_dag to 2025-11-09 12:00:00+00:00, run_after=2025-11-09 18:00:00+00:00
[2025-11-09T13:30:12.688+0000] {processor.py:183} INFO - Processing /opt/airflow/dags/connect.py took 0.115 seconds
[2025-11-09T13:30:42.878+0000] {processor.py:161} INFO - Started process (PID=414) to work on /opt/airflow/dags/connect.py
[2025-11-09T13:30:42.880+0000] {processor.py:830} INFO - Processing file /opt/airflow/dags/connect.py for tasks to queue
[2025-11-09T13:30:42.883+0000] {logging_mixin.py:188} INFO - [2025-11-09T13:30:42.883+0000] {dagbag.py:545} INFO - Filling up the DagBag from /opt/airflow/dags/connect.py
[2025-11-09T13:30:42.901+0000] {processor.py:840} INFO - DAG(s) 'test_connections_dag' retrieved from /opt/airflow/dags/connect.py
[2025-11-09T13:30:42.926+0000] {logging_mixin.py:188} INFO - [2025-11-09T13:30:42.926+0000] {dag.py:3089} INFO - Sync 1 DAGs
[2025-11-09T13:30:42.945+0000] {logging_mixin.py:188} INFO - [2025-11-09T13:30:42.945+0000] {dag.py:3947} INFO - Setting next_dagrun for test_connections_dag to 2025-11-09 12:00:00+00:00, run_after=2025-11-09 18:00:00+00:00
[2025-11-09T13:30:42.961+0000] {processor.py:183} INFO - Processing /opt/airflow/dags/connect.py took 0.099 seconds
[2025-11-09T13:31:13.073+0000] {processor.py:161} INFO - Started process (PID=424) to work on /opt/airflow/dags/connect.py
[2025-11-09T13:31:13.075+0000] {processor.py:830} INFO - Processing file /opt/airflow/dags/connect.py for tasks to queue
[2025-11-09T13:31:13.077+0000] {logging_mixin.py:188} INFO - [2025-11-09T13:31:13.076+0000] {dagbag.py:545} INFO - Filling up the DagBag from /opt/airflow/dags/connect.py
[2025-11-09T13:31:13.088+0000] {processor.py:840} INFO - DAG(s) 'test_connections_dag' retrieved from /opt/airflow/dags/connect.py
[2025-11-09T13:31:13.113+0000] {logging_mixin.py:188} INFO - [2025-11-09T13:31:13.112+0000] {dag.py:3089} INFO - Sync 1 DAGs
[2025-11-09T13:31:13.132+0000] {logging_mixin.py:188} INFO - [2025-11-09T13:31:13.132+0000] {dag.py:3947} INFO - Setting next_dagrun for test_connections_dag to 2025-11-09 12:00:00+00:00, run_after=2025-11-09 18:00:00+00:00
[2025-11-09T13:31:13.149+0000] {processor.py:183} INFO - Processing /opt/airflow/dags/connect.py took 0.083 seconds
[2025-11-09T13:31:43.376+0000] {processor.py:161} INFO - Started process (PID=434) to work on /opt/airflow/dags/connect.py
[2025-11-09T13:31:43.377+0000] {processor.py:830} INFO - Processing file /opt/airflow/dags/connect.py for tasks to queue
[2025-11-09T13:31:43.381+0000] {logging_mixin.py:188} INFO - [2025-11-09T13:31:43.380+0000] {dagbag.py:545} INFO - Filling up the DagBag from /opt/airflow/dags/connect.py
[2025-11-09T13:31:43.400+0000] {processor.py:840} INFO - DAG(s) 'test_connections_dag' retrieved from /opt/airflow/dags/connect.py
[2025-11-09T13:31:43.429+0000] {logging_mixin.py:188} INFO - [2025-11-09T13:31:43.429+0000] {dag.py:3089} INFO - Sync 1 DAGs
[2025-11-09T13:31:43.447+0000] {logging_mixin.py:188} INFO - [2025-11-09T13:31:43.447+0000] {dag.py:3947} INFO - Setting next_dagrun for test_connections_dag to 2025-11-09 12:00:00+00:00, run_after=2025-11-09 18:00:00+00:00
[2025-11-09T13:31:43.462+0000] {processor.py:183} INFO - Processing /opt/airflow/dags/connect.py took 0.105 seconds
[2025-11-09T13:32:13.547+0000] {processor.py:161} INFO - Started process (PID=444) to work on /opt/airflow/dags/connect.py
[2025-11-09T13:32:13.548+0000] {processor.py:830} INFO - Processing file /opt/airflow/dags/connect.py for tasks to queue
[2025-11-09T13:32:13.550+0000] {logging_mixin.py:188} INFO - [2025-11-09T13:32:13.549+0000] {dagbag.py:545} INFO - Filling up the DagBag from /opt/airflow/dags/connect.py
[2025-11-09T13:32:13.560+0000] {processor.py:840} INFO - DAG(s) 'test_connections_dag' retrieved from /opt/airflow/dags/connect.py
[2025-11-09T13:32:13.582+0000] {logging_mixin.py:188} INFO - [2025-11-09T13:32:13.582+0000] {dag.py:3089} INFO - Sync 1 DAGs
[2025-11-09T13:32:13.603+0000] {logging_mixin.py:188} INFO - [2025-11-09T13:32:13.602+0000] {dag.py:3947} INFO - Setting next_dagrun for test_connections_dag to 2025-11-09 12:00:00+00:00, run_after=2025-11-09 18:00:00+00:00
[2025-11-09T13:32:13.619+0000] {processor.py:183} INFO - Processing /opt/airflow/dags/connect.py took 0.079 seconds
[2025-11-09T13:32:43.776+0000] {processor.py:161} INFO - Started process (PID=454) to work on /opt/airflow/dags/connect.py
[2025-11-09T13:32:43.778+0000] {processor.py:830} INFO - Processing file /opt/airflow/dags/connect.py for tasks to queue
[2025-11-09T13:32:43.781+0000] {logging_mixin.py:188} INFO - [2025-11-09T13:32:43.781+0000] {dagbag.py:545} INFO - Filling up the DagBag from /opt/airflow/dags/connect.py
[2025-11-09T13:32:43.792+0000] {processor.py:840} INFO - DAG(s) 'test_connections_dag' retrieved from /opt/airflow/dags/connect.py
[2025-11-09T13:32:43.817+0000] {logging_mixin.py:188} INFO - [2025-11-09T13:32:43.817+0000] {dag.py:3089} INFO - Sync 1 DAGs
[2025-11-09T13:32:43.836+0000] {logging_mixin.py:188} INFO - [2025-11-09T13:32:43.835+0000] {dag.py:3947} INFO - Setting next_dagrun for test_connections_dag to 2025-11-09 12:00:00+00:00, run_after=2025-11-09 18:00:00+00:00
[2025-11-09T13:32:43.856+0000] {processor.py:183} INFO - Processing /opt/airflow/dags/connect.py took 0.086 seconds
[2025-11-09T13:33:13.943+0000] {processor.py:161} INFO - Started process (PID=464) to work on /opt/airflow/dags/connect.py
[2025-11-09T13:33:13.944+0000] {processor.py:830} INFO - Processing file /opt/airflow/dags/connect.py for tasks to queue
[2025-11-09T13:33:13.946+0000] {logging_mixin.py:188} INFO - [2025-11-09T13:33:13.945+0000] {dagbag.py:545} INFO - Filling up the DagBag from /opt/airflow/dags/connect.py
[2025-11-09T13:33:13.956+0000] {processor.py:840} INFO - DAG(s) 'test_connections_dag' retrieved from /opt/airflow/dags/connect.py
[2025-11-09T13:33:13.980+0000] {logging_mixin.py:188} INFO - [2025-11-09T13:33:13.980+0000] {dag.py:3089} INFO - Sync 1 DAGs
[2025-11-09T13:33:14.004+0000] {logging_mixin.py:188} INFO - [2025-11-09T13:33:14.004+0000] {dag.py:3947} INFO - Setting next_dagrun for test_connections_dag to 2025-11-09 12:00:00+00:00, run_after=2025-11-09 18:00:00+00:00
[2025-11-09T13:33:14.021+0000] {processor.py:183} INFO - Processing /opt/airflow/dags/connect.py took 0.083 seconds
[2025-11-09T13:33:44.160+0000] {processor.py:161} INFO - Started process (PID=474) to work on /opt/airflow/dags/connect.py
[2025-11-09T13:33:44.161+0000] {processor.py:830} INFO - Processing file /opt/airflow/dags/connect.py for tasks to queue
[2025-11-09T13:33:44.163+0000] {logging_mixin.py:188} INFO - [2025-11-09T13:33:44.163+0000] {dagbag.py:545} INFO - Filling up the DagBag from /opt/airflow/dags/connect.py
[2025-11-09T13:33:44.173+0000] {processor.py:840} INFO - DAG(s) 'test_connections_dag' retrieved from /opt/airflow/dags/connect.py
[2025-11-09T13:33:44.197+0000] {logging_mixin.py:188} INFO - [2025-11-09T13:33:44.197+0000] {dag.py:3089} INFO - Sync 1 DAGs
[2025-11-09T13:33:44.216+0000] {logging_mixin.py:188} INFO - [2025-11-09T13:33:44.216+0000] {dag.py:3947} INFO - Setting next_dagrun for test_connections_dag to 2025-11-09 12:00:00+00:00, run_after=2025-11-09 18:00:00+00:00
[2025-11-09T13:33:44.233+0000] {processor.py:183} INFO - Processing /opt/airflow/dags/connect.py took 0.078 seconds
[2025-11-09T13:34:14.343+0000] {processor.py:161} INFO - Started process (PID=484) to work on /opt/airflow/dags/connect.py
[2025-11-09T13:34:14.344+0000] {processor.py:830} INFO - Processing file /opt/airflow/dags/connect.py for tasks to queue
[2025-11-09T13:34:14.347+0000] {logging_mixin.py:188} INFO - [2025-11-09T13:34:14.347+0000] {dagbag.py:545} INFO - Filling up the DagBag from /opt/airflow/dags/connect.py
[2025-11-09T13:34:14.360+0000] {processor.py:840} INFO - DAG(s) 'test_connections_dag' retrieved from /opt/airflow/dags/connect.py
[2025-11-09T13:34:14.391+0000] {logging_mixin.py:188} INFO - [2025-11-09T13:34:14.390+0000] {dag.py:3089} INFO - Sync 1 DAGs
[2025-11-09T13:34:14.414+0000] {logging_mixin.py:188} INFO - [2025-11-09T13:34:14.413+0000] {dag.py:3947} INFO - Setting next_dagrun for test_connections_dag to 2025-11-09 12:00:00+00:00, run_after=2025-11-09 18:00:00+00:00
[2025-11-09T13:34:14.436+0000] {processor.py:183} INFO - Processing /opt/airflow/dags/connect.py took 0.099 seconds
[2025-11-09T13:34:44.644+0000] {processor.py:161} INFO - Started process (PID=494) to work on /opt/airflow/dags/connect.py
[2025-11-09T13:34:44.647+0000] {processor.py:830} INFO - Processing file /opt/airflow/dags/connect.py for tasks to queue
[2025-11-09T13:34:44.651+0000] {logging_mixin.py:188} INFO - [2025-11-09T13:34:44.650+0000] {dagbag.py:545} INFO - Filling up the DagBag from /opt/airflow/dags/connect.py
[2025-11-09T13:34:44.671+0000] {processor.py:840} INFO - DAG(s) 'test_connections_dag' retrieved from /opt/airflow/dags/connect.py
[2025-11-09T13:34:44.699+0000] {logging_mixin.py:188} INFO - [2025-11-09T13:34:44.699+0000] {dag.py:3089} INFO - Sync 1 DAGs
[2025-11-09T13:34:44.723+0000] {logging_mixin.py:188} INFO - [2025-11-09T13:34:44.722+0000] {dag.py:3947} INFO - Setting next_dagrun for test_connections_dag to 2025-11-09 12:00:00+00:00, run_after=2025-11-09 18:00:00+00:00
[2025-11-09T13:34:44.739+0000] {processor.py:183} INFO - Processing /opt/airflow/dags/connect.py took 0.113 seconds
[2025-11-09T13:35:14.841+0000] {processor.py:161} INFO - Started process (PID=504) to work on /opt/airflow/dags/connect.py
[2025-11-09T13:35:14.843+0000] {processor.py:830} INFO - Processing file /opt/airflow/dags/connect.py for tasks to queue
[2025-11-09T13:35:14.845+0000] {logging_mixin.py:188} INFO - [2025-11-09T13:35:14.845+0000] {dagbag.py:545} INFO - Filling up the DagBag from /opt/airflow/dags/connect.py
[2025-11-09T13:35:14.858+0000] {processor.py:840} INFO - DAG(s) 'test_connections_dag' retrieved from /opt/airflow/dags/connect.py
[2025-11-09T13:35:14.887+0000] {logging_mixin.py:188} INFO - [2025-11-09T13:35:14.887+0000] {dag.py:3089} INFO - Sync 1 DAGs
[2025-11-09T13:35:14.908+0000] {logging_mixin.py:188} INFO - [2025-11-09T13:35:14.908+0000] {dag.py:3947} INFO - Setting next_dagrun for test_connections_dag to 2025-11-09 12:00:00+00:00, run_after=2025-11-09 18:00:00+00:00
[2025-11-09T13:35:14.925+0000] {processor.py:183} INFO - Processing /opt/airflow/dags/connect.py took 0.094 seconds
[2025-11-09T13:35:45.033+0000] {processor.py:161} INFO - Started process (PID=514) to work on /opt/airflow/dags/connect.py
[2025-11-09T13:35:45.034+0000] {processor.py:830} INFO - Processing file /opt/airflow/dags/connect.py for tasks to queue
[2025-11-09T13:35:45.036+0000] {logging_mixin.py:188} INFO - [2025-11-09T13:35:45.036+0000] {dagbag.py:545} INFO - Filling up the DagBag from /opt/airflow/dags/connect.py
[2025-11-09T13:35:45.050+0000] {processor.py:840} INFO - DAG(s) 'test_connections_dag' retrieved from /opt/airflow/dags/connect.py
[2025-11-09T13:35:45.085+0000] {logging_mixin.py:188} INFO - [2025-11-09T13:35:45.085+0000] {dag.py:3089} INFO - Sync 1 DAGs
[2025-11-09T13:35:45.114+0000] {logging_mixin.py:188} INFO - [2025-11-09T13:35:45.113+0000] {dag.py:3947} INFO - Setting next_dagrun for test_connections_dag to 2025-11-09 12:00:00+00:00, run_after=2025-11-09 18:00:00+00:00
[2025-11-09T13:35:45.130+0000] {processor.py:183} INFO - Processing /opt/airflow/dags/connect.py took 0.104 seconds
[2025-11-09T13:36:15.289+0000] {processor.py:161} INFO - Started process (PID=524) to work on /opt/airflow/dags/connect.py
[2025-11-09T13:36:15.290+0000] {processor.py:830} INFO - Processing file /opt/airflow/dags/connect.py for tasks to queue
[2025-11-09T13:36:15.292+0000] {logging_mixin.py:188} INFO - [2025-11-09T13:36:15.292+0000] {dagbag.py:545} INFO - Filling up the DagBag from /opt/airflow/dags/connect.py
[2025-11-09T13:36:15.305+0000] {processor.py:840} INFO - DAG(s) 'test_connections_dag' retrieved from /opt/airflow/dags/connect.py
[2025-11-09T13:36:15.335+0000] {logging_mixin.py:188} INFO - [2025-11-09T13:36:15.335+0000] {dag.py:3089} INFO - Sync 1 DAGs
[2025-11-09T13:36:15.361+0000] {logging_mixin.py:188} INFO - [2025-11-09T13:36:15.361+0000] {dag.py:3947} INFO - Setting next_dagrun for test_connections_dag to 2025-11-09 12:00:00+00:00, run_after=2025-11-09 18:00:00+00:00
[2025-11-09T13:36:15.380+0000] {processor.py:183} INFO - Processing /opt/airflow/dags/connect.py took 0.096 seconds
[2025-11-09T13:36:45.473+0000] {processor.py:161} INFO - Started process (PID=534) to work on /opt/airflow/dags/connect.py
[2025-11-09T13:36:45.476+0000] {processor.py:830} INFO - Processing file /opt/airflow/dags/connect.py for tasks to queue
[2025-11-09T13:36:45.480+0000] {logging_mixin.py:188} INFO - [2025-11-09T13:36:45.480+0000] {dagbag.py:545} INFO - Filling up the DagBag from /opt/airflow/dags/connect.py
[2025-11-09T13:36:45.501+0000] {processor.py:840} INFO - DAG(s) 'test_connections_dag' retrieved from /opt/airflow/dags/connect.py
[2025-11-09T13:36:45.526+0000] {logging_mixin.py:188} INFO - [2025-11-09T13:36:45.526+0000] {dag.py:3089} INFO - Sync 1 DAGs
[2025-11-09T13:36:45.544+0000] {logging_mixin.py:188} INFO - [2025-11-09T13:36:45.544+0000] {dag.py:3947} INFO - Setting next_dagrun for test_connections_dag to 2025-11-09 12:00:00+00:00, run_after=2025-11-09 18:00:00+00:00
[2025-11-09T13:36:45.561+0000] {processor.py:183} INFO - Processing /opt/airflow/dags/connect.py took 0.101 seconds
[2025-11-09T13:37:15.688+0000] {processor.py:161} INFO - Started process (PID=544) to work on /opt/airflow/dags/connect.py
[2025-11-09T13:37:15.690+0000] {processor.py:830} INFO - Processing file /opt/airflow/dags/connect.py for tasks to queue
[2025-11-09T13:37:15.693+0000] {logging_mixin.py:188} INFO - [2025-11-09T13:37:15.692+0000] {dagbag.py:545} INFO - Filling up the DagBag from /opt/airflow/dags/connect.py
[2025-11-09T13:37:15.704+0000] {processor.py:840} INFO - DAG(s) 'test_connections_dag' retrieved from /opt/airflow/dags/connect.py
[2025-11-09T13:37:15.733+0000] {logging_mixin.py:188} INFO - [2025-11-09T13:37:15.733+0000] {dag.py:3089} INFO - Sync 1 DAGs
[2025-11-09T13:37:15.756+0000] {logging_mixin.py:188} INFO - [2025-11-09T13:37:15.755+0000] {dag.py:3947} INFO - Setting next_dagrun for test_connections_dag to 2025-11-09 12:00:00+00:00, run_after=2025-11-09 18:00:00+00:00
[2025-11-09T13:37:15.772+0000] {processor.py:183} INFO - Processing /opt/airflow/dags/connect.py took 0.090 seconds
[2025-11-09T13:37:45.890+0000] {processor.py:161} INFO - Started process (PID=554) to work on /opt/airflow/dags/connect.py
[2025-11-09T13:37:45.891+0000] {processor.py:830} INFO - Processing file /opt/airflow/dags/connect.py for tasks to queue
[2025-11-09T13:37:45.893+0000] {logging_mixin.py:188} INFO - [2025-11-09T13:37:45.893+0000] {dagbag.py:545} INFO - Filling up the DagBag from /opt/airflow/dags/connect.py
[2025-11-09T13:37:45.904+0000] {processor.py:840} INFO - DAG(s) 'test_connections_dag' retrieved from /opt/airflow/dags/connect.py
[2025-11-09T13:37:45.929+0000] {logging_mixin.py:188} INFO - [2025-11-09T13:37:45.929+0000] {dag.py:3089} INFO - Sync 1 DAGs
[2025-11-09T13:37:45.947+0000] {logging_mixin.py:188} INFO - [2025-11-09T13:37:45.947+0000] {dag.py:3947} INFO - Setting next_dagrun for test_connections_dag to 2025-11-09 12:00:00+00:00, run_after=2025-11-09 18:00:00+00:00
[2025-11-09T13:37:45.965+0000] {processor.py:183} INFO - Processing /opt/airflow/dags/connect.py took 0.084 seconds
[2025-11-09T13:39:17.989+0000] {processor.py:161} INFO - Started process (PID=158) to work on /opt/airflow/dags/connect.py
[2025-11-09T13:39:17.991+0000] {processor.py:830} INFO - Processing file /opt/airflow/dags/connect.py for tasks to queue
[2025-11-09T13:39:17.996+0000] {logging_mixin.py:188} INFO - [2025-11-09T13:39:17.996+0000] {dagbag.py:545} INFO - Filling up the DagBag from /opt/airflow/dags/connect.py
[2025-11-09T13:39:18.026+0000] {processor.py:840} INFO - DAG(s) 'test_connections_dag' retrieved from /opt/airflow/dags/connect.py
[2025-11-09T13:39:18.137+0000] {logging_mixin.py:188} INFO - [2025-11-09T13:39:18.136+0000] {dag.py:3089} INFO - Sync 1 DAGs
[2025-11-09T13:39:18.187+0000] {logging_mixin.py:188} INFO - [2025-11-09T13:39:18.184+0000] {dag.py:3947} INFO - Setting next_dagrun for test_connections_dag to 2025-11-09 12:00:00+00:00, run_after=2025-11-09 18:00:00+00:00
[2025-11-09T13:39:18.229+0000] {processor.py:183} INFO - Processing /opt/airflow/dags/connect.py took 0.256 seconds
[2025-11-09T13:39:48.364+0000] {processor.py:161} INFO - Started process (PID=169) to work on /opt/airflow/dags/connect.py
[2025-11-09T13:39:48.366+0000] {processor.py:830} INFO - Processing file /opt/airflow/dags/connect.py for tasks to queue
[2025-11-09T13:39:48.369+0000] {logging_mixin.py:188} INFO - [2025-11-09T13:39:48.368+0000] {dagbag.py:545} INFO - Filling up the DagBag from /opt/airflow/dags/connect.py
[2025-11-09T13:39:48.401+0000] {processor.py:840} INFO - DAG(s) 'test_connections_dag' retrieved from /opt/airflow/dags/connect.py
[2025-11-09T13:39:49.003+0000] {logging_mixin.py:188} INFO - [2025-11-09T13:39:49.003+0000] {dag.py:3089} INFO - Sync 1 DAGs
[2025-11-09T13:39:49.056+0000] {logging_mixin.py:188} INFO - [2025-11-09T13:39:49.056+0000] {dag.py:3947} INFO - Setting next_dagrun for test_connections_dag to 2025-11-09 12:00:00+00:00, run_after=2025-11-09 18:00:00+00:00
[2025-11-09T13:39:49.304+0000] {processor.py:183} INFO - Processing /opt/airflow/dags/connect.py took 0.948 seconds
[2025-11-09T13:40:19.549+0000] {processor.py:161} INFO - Started process (PID=179) to work on /opt/airflow/dags/connect.py
[2025-11-09T13:40:19.569+0000] {processor.py:830} INFO - Processing file /opt/airflow/dags/connect.py for tasks to queue
[2025-11-09T13:40:19.596+0000] {logging_mixin.py:188} INFO - [2025-11-09T13:40:19.595+0000] {dagbag.py:545} INFO - Filling up the DagBag from /opt/airflow/dags/connect.py
[2025-11-09T13:40:19.620+0000] {processor.py:840} INFO - DAG(s) 'test_connections_dag' retrieved from /opt/airflow/dags/connect.py
[2025-11-09T13:40:19.653+0000] {logging_mixin.py:188} INFO - [2025-11-09T13:40:19.652+0000] {dag.py:3089} INFO - Sync 1 DAGs
[2025-11-09T13:40:19.677+0000] {logging_mixin.py:188} INFO - [2025-11-09T13:40:19.677+0000] {dag.py:3947} INFO - Setting next_dagrun for test_connections_dag to 2025-11-09 12:00:00+00:00, run_after=2025-11-09 18:00:00+00:00
[2025-11-09T13:40:20.113+0000] {processor.py:183} INFO - Processing /opt/airflow/dags/connect.py took 0.575 seconds
[2025-11-09T13:40:50.313+0000] {processor.py:161} INFO - Started process (PID=189) to work on /opt/airflow/dags/connect.py
[2025-11-09T13:40:50.314+0000] {processor.py:830} INFO - Processing file /opt/airflow/dags/connect.py for tasks to queue
[2025-11-09T13:40:50.316+0000] {logging_mixin.py:188} INFO - [2025-11-09T13:40:50.315+0000] {dagbag.py:545} INFO - Filling up the DagBag from /opt/airflow/dags/connect.py
[2025-11-09T13:40:50.330+0000] {processor.py:840} INFO - DAG(s) 'test_connections_dag' retrieved from /opt/airflow/dags/connect.py
[2025-11-09T13:40:50.357+0000] {logging_mixin.py:188} INFO - [2025-11-09T13:40:50.357+0000] {dag.py:3089} INFO - Sync 1 DAGs
[2025-11-09T13:40:50.380+0000] {logging_mixin.py:188} INFO - [2025-11-09T13:40:50.380+0000] {dag.py:3947} INFO - Setting next_dagrun for test_connections_dag to 2025-11-09 12:00:00+00:00, run_after=2025-11-09 18:00:00+00:00
[2025-11-09T13:40:52.775+0000] {processor.py:183} INFO - Processing /opt/airflow/dags/connect.py took 2.468 seconds
[2025-11-09T13:41:23.023+0000] {processor.py:161} INFO - Started process (PID=204) to work on /opt/airflow/dags/connect.py
[2025-11-09T13:41:23.026+0000] {processor.py:830} INFO - Processing file /opt/airflow/dags/connect.py for tasks to queue
[2025-11-09T13:41:23.029+0000] {logging_mixin.py:188} INFO - [2025-11-09T13:41:23.029+0000] {dagbag.py:545} INFO - Filling up the DagBag from /opt/airflow/dags/connect.py
[2025-11-09T13:41:23.056+0000] {processor.py:840} INFO - DAG(s) 'test_connections_dag' retrieved from /opt/airflow/dags/connect.py
[2025-11-09T13:41:23.146+0000] {logging_mixin.py:188} INFO - [2025-11-09T13:41:23.144+0000] {dag.py:3089} INFO - Sync 1 DAGs
[2025-11-09T13:41:23.261+0000] {logging_mixin.py:188} INFO - [2025-11-09T13:41:23.260+0000] {dag.py:3947} INFO - Setting next_dagrun for test_connections_dag to 2025-11-09 12:00:00+00:00, run_after=2025-11-09 18:00:00+00:00
[2025-11-09T13:41:23.360+0000] {processor.py:183} INFO - Processing /opt/airflow/dags/connect.py took 0.344 seconds
[2025-11-09T13:41:53.681+0000] {processor.py:161} INFO - Started process (PID=214) to work on /opt/airflow/dags/connect.py
[2025-11-09T13:41:53.684+0000] {processor.py:830} INFO - Processing file /opt/airflow/dags/connect.py for tasks to queue
[2025-11-09T13:41:53.688+0000] {logging_mixin.py:188} INFO - [2025-11-09T13:41:53.687+0000] {dagbag.py:545} INFO - Filling up the DagBag from /opt/airflow/dags/connect.py
[2025-11-09T13:41:53.708+0000] {processor.py:840} INFO - DAG(s) 'test_connections_dag' retrieved from /opt/airflow/dags/connect.py
[2025-11-09T13:41:53.749+0000] {logging_mixin.py:188} INFO - [2025-11-09T13:41:53.749+0000] {dag.py:3089} INFO - Sync 1 DAGs
[2025-11-09T13:41:53.783+0000] {logging_mixin.py:188} INFO - [2025-11-09T13:41:53.782+0000] {dag.py:3947} INFO - Setting next_dagrun for test_connections_dag to 2025-11-09 12:00:00+00:00, run_after=2025-11-09 18:00:00+00:00
[2025-11-09T13:41:53.809+0000] {processor.py:183} INFO - Processing /opt/airflow/dags/connect.py took 0.135 seconds
[2025-11-09T13:42:23.893+0000] {processor.py:161} INFO - Started process (PID=224) to work on /opt/airflow/dags/connect.py
[2025-11-09T13:42:23.894+0000] {processor.py:830} INFO - Processing file /opt/airflow/dags/connect.py for tasks to queue
[2025-11-09T13:42:23.896+0000] {logging_mixin.py:188} INFO - [2025-11-09T13:42:23.896+0000] {dagbag.py:545} INFO - Filling up the DagBag from /opt/airflow/dags/connect.py
[2025-11-09T13:42:23.909+0000] {processor.py:840} INFO - DAG(s) 'test_connections_dag' retrieved from /opt/airflow/dags/connect.py
[2025-11-09T13:42:23.943+0000] {logging_mixin.py:188} INFO - [2025-11-09T13:42:23.943+0000] {dag.py:3089} INFO - Sync 1 DAGs
[2025-11-09T13:42:23.970+0000] {logging_mixin.py:188} INFO - [2025-11-09T13:42:23.970+0000] {dag.py:3947} INFO - Setting next_dagrun for test_connections_dag to 2025-11-09 12:00:00+00:00, run_after=2025-11-09 18:00:00+00:00
[2025-11-09T13:42:23.995+0000] {processor.py:183} INFO - Processing /opt/airflow/dags/connect.py took 0.108 seconds
[2025-11-09T13:42:54.064+0000] {processor.py:161} INFO - Started process (PID=239) to work on /opt/airflow/dags/connect.py
[2025-11-09T13:42:54.065+0000] {processor.py:830} INFO - Processing file /opt/airflow/dags/connect.py for tasks to queue
[2025-11-09T13:42:54.067+0000] {logging_mixin.py:188} INFO - [2025-11-09T13:42:54.067+0000] {dagbag.py:545} INFO - Filling up the DagBag from /opt/airflow/dags/connect.py
[2025-11-09T13:42:54.082+0000] {processor.py:840} INFO - DAG(s) 'test_connections_dag' retrieved from /opt/airflow/dags/connect.py
[2025-11-09T13:42:54.118+0000] {logging_mixin.py:188} INFO - [2025-11-09T13:42:54.118+0000] {dag.py:3089} INFO - Sync 1 DAGs
[2025-11-09T13:42:54.146+0000] {logging_mixin.py:188} INFO - [2025-11-09T13:42:54.146+0000] {dag.py:3947} INFO - Setting next_dagrun for test_connections_dag to 2025-11-09 12:00:00+00:00, run_after=2025-11-09 18:00:00+00:00
[2025-11-09T13:42:54.171+0000] {processor.py:183} INFO - Processing /opt/airflow/dags/connect.py took 0.114 seconds
[2025-11-09T13:43:24.383+0000] {processor.py:161} INFO - Started process (PID=249) to work on /opt/airflow/dags/connect.py
[2025-11-09T13:43:24.385+0000] {processor.py:830} INFO - Processing file /opt/airflow/dags/connect.py for tasks to queue
[2025-11-09T13:43:24.391+0000] {logging_mixin.py:188} INFO - [2025-11-09T13:43:24.390+0000] {dagbag.py:545} INFO - Filling up the DagBag from /opt/airflow/dags/connect.py
[2025-11-09T13:43:24.414+0000] {processor.py:840} INFO - DAG(s) 'test_connections_dag' retrieved from /opt/airflow/dags/connect.py
[2025-11-09T13:43:24.445+0000] {logging_mixin.py:188} INFO - [2025-11-09T13:43:24.444+0000] {dag.py:3089} INFO - Sync 1 DAGs
[2025-11-09T13:43:24.464+0000] {logging_mixin.py:188} INFO - [2025-11-09T13:43:24.464+0000] {dag.py:3947} INFO - Setting next_dagrun for test_connections_dag to 2025-11-09 12:00:00+00:00, run_after=2025-11-09 18:00:00+00:00
[2025-11-09T13:43:24.481+0000] {processor.py:183} INFO - Processing /opt/airflow/dags/connect.py took 0.113 seconds
[2025-11-09T13:43:54.558+0000] {processor.py:161} INFO - Started process (PID=259) to work on /opt/airflow/dags/connect.py
[2025-11-09T13:43:54.559+0000] {processor.py:830} INFO - Processing file /opt/airflow/dags/connect.py for tasks to queue
[2025-11-09T13:43:54.561+0000] {logging_mixin.py:188} INFO - [2025-11-09T13:43:54.561+0000] {dagbag.py:545} INFO - Filling up the DagBag from /opt/airflow/dags/connect.py
[2025-11-09T13:43:54.573+0000] {processor.py:840} INFO - DAG(s) 'test_connections_dag' retrieved from /opt/airflow/dags/connect.py
[2025-11-09T13:43:54.598+0000] {logging_mixin.py:188} INFO - [2025-11-09T13:43:54.598+0000] {dag.py:3089} INFO - Sync 1 DAGs
[2025-11-09T13:43:54.618+0000] {logging_mixin.py:188} INFO - [2025-11-09T13:43:54.618+0000] {dag.py:3947} INFO - Setting next_dagrun for test_connections_dag to 2025-11-09 12:00:00+00:00, run_after=2025-11-09 18:00:00+00:00
[2025-11-09T13:43:54.635+0000] {processor.py:183} INFO - Processing /opt/airflow/dags/connect.py took 0.084 seconds
[2025-11-09T13:44:24.856+0000] {processor.py:161} INFO - Started process (PID=269) to work on /opt/airflow/dags/connect.py
[2025-11-09T13:44:24.857+0000] {processor.py:830} INFO - Processing file /opt/airflow/dags/connect.py for tasks to queue
[2025-11-09T13:44:24.859+0000] {logging_mixin.py:188} INFO - [2025-11-09T13:44:24.859+0000] {dagbag.py:545} INFO - Filling up the DagBag from /opt/airflow/dags/connect.py
[2025-11-09T13:44:24.872+0000] {processor.py:840} INFO - DAG(s) 'test_connections_dag' retrieved from /opt/airflow/dags/connect.py
[2025-11-09T13:44:24.900+0000] {logging_mixin.py:188} INFO - [2025-11-09T13:44:24.900+0000] {dag.py:3089} INFO - Sync 1 DAGs
[2025-11-09T13:44:24.923+0000] {logging_mixin.py:188} INFO - [2025-11-09T13:44:24.923+0000] {dag.py:3947} INFO - Setting next_dagrun for test_connections_dag to 2025-11-09 12:00:00+00:00, run_after=2025-11-09 18:00:00+00:00
[2025-11-09T13:44:24.944+0000] {processor.py:183} INFO - Processing /opt/airflow/dags/connect.py took 0.094 seconds
[2025-11-09T13:44:55.130+0000] {processor.py:161} INFO - Started process (PID=279) to work on /opt/airflow/dags/connect.py
[2025-11-09T13:44:55.130+0000] {processor.py:830} INFO - Processing file /opt/airflow/dags/connect.py for tasks to queue
[2025-11-09T13:44:55.132+0000] {logging_mixin.py:188} INFO - [2025-11-09T13:44:55.132+0000] {dagbag.py:545} INFO - Filling up the DagBag from /opt/airflow/dags/connect.py
[2025-11-09T13:44:55.144+0000] {processor.py:840} INFO - DAG(s) 'test_connections_dag' retrieved from /opt/airflow/dags/connect.py
[2025-11-09T13:44:55.170+0000] {logging_mixin.py:188} INFO - [2025-11-09T13:44:55.170+0000] {dag.py:3089} INFO - Sync 1 DAGs
[2025-11-09T13:44:55.195+0000] {logging_mixin.py:188} INFO - [2025-11-09T13:44:55.195+0000] {dag.py:3947} INFO - Setting next_dagrun for test_connections_dag to 2025-11-09 12:00:00+00:00, run_after=2025-11-09 18:00:00+00:00
[2025-11-09T13:44:55.213+0000] {processor.py:183} INFO - Processing /opt/airflow/dags/connect.py took 0.092 seconds
[2025-11-09T13:45:25.383+0000] {processor.py:161} INFO - Started process (PID=289) to work on /opt/airflow/dags/connect.py
[2025-11-09T13:45:25.384+0000] {processor.py:830} INFO - Processing file /opt/airflow/dags/connect.py for tasks to queue
[2025-11-09T13:45:25.386+0000] {logging_mixin.py:188} INFO - [2025-11-09T13:45:25.386+0000] {dagbag.py:545} INFO - Filling up the DagBag from /opt/airflow/dags/connect.py
[2025-11-09T13:45:25.404+0000] {processor.py:840} INFO - DAG(s) 'test_connections_dag' retrieved from /opt/airflow/dags/connect.py
[2025-11-09T13:45:25.432+0000] {logging_mixin.py:188} INFO - [2025-11-09T13:45:25.432+0000] {dag.py:3089} INFO - Sync 1 DAGs
[2025-11-09T13:45:25.459+0000] {logging_mixin.py:188} INFO - [2025-11-09T13:45:25.459+0000] {dag.py:3947} INFO - Setting next_dagrun for test_connections_dag to 2025-11-09 12:00:00+00:00, run_after=2025-11-09 18:00:00+00:00
[2025-11-09T13:45:25.482+0000] {processor.py:183} INFO - Processing /opt/airflow/dags/connect.py took 0.105 seconds
[2025-11-09T13:45:55.554+0000] {processor.py:161} INFO - Started process (PID=299) to work on /opt/airflow/dags/connect.py
[2025-11-09T13:45:55.554+0000] {processor.py:830} INFO - Processing file /opt/airflow/dags/connect.py for tasks to queue
[2025-11-09T13:45:55.557+0000] {logging_mixin.py:188} INFO - [2025-11-09T13:45:55.556+0000] {dagbag.py:545} INFO - Filling up the DagBag from /opt/airflow/dags/connect.py
[2025-11-09T13:45:55.568+0000] {processor.py:840} INFO - DAG(s) 'test_connections_dag' retrieved from /opt/airflow/dags/connect.py
[2025-11-09T13:45:55.593+0000] {logging_mixin.py:188} INFO - [2025-11-09T13:45:55.593+0000] {dag.py:3089} INFO - Sync 1 DAGs
[2025-11-09T13:45:55.615+0000] {logging_mixin.py:188} INFO - [2025-11-09T13:45:55.615+0000] {dag.py:3947} INFO - Setting next_dagrun for test_connections_dag to 2025-11-09 12:00:00+00:00, run_after=2025-11-09 18:00:00+00:00
[2025-11-09T13:45:55.635+0000] {processor.py:183} INFO - Processing /opt/airflow/dags/connect.py took 0.088 seconds
[2025-11-09T13:46:25.779+0000] {processor.py:161} INFO - Started process (PID=309) to work on /opt/airflow/dags/connect.py
[2025-11-09T13:46:25.782+0000] {processor.py:830} INFO - Processing file /opt/airflow/dags/connect.py for tasks to queue
[2025-11-09T13:46:25.783+0000] {logging_mixin.py:188} INFO - [2025-11-09T13:46:25.783+0000] {dagbag.py:545} INFO - Filling up the DagBag from /opt/airflow/dags/connect.py
[2025-11-09T13:46:25.794+0000] {processor.py:840} INFO - DAG(s) 'test_connections_dag' retrieved from /opt/airflow/dags/connect.py
[2025-11-09T13:46:25.819+0000] {logging_mixin.py:188} INFO - [2025-11-09T13:46:25.819+0000] {dag.py:3089} INFO - Sync 1 DAGs
[2025-11-09T13:46:25.837+0000] {logging_mixin.py:188} INFO - [2025-11-09T13:46:25.837+0000] {dag.py:3947} INFO - Setting next_dagrun for test_connections_dag to 2025-11-09 12:00:00+00:00, run_after=2025-11-09 18:00:00+00:00
[2025-11-09T13:46:25.854+0000] {processor.py:183} INFO - Processing /opt/airflow/dags/connect.py took 0.082 seconds
[2025-11-09T13:46:55.959+0000] {processor.py:161} INFO - Started process (PID=319) to work on /opt/airflow/dags/connect.py
[2025-11-09T13:46:55.960+0000] {processor.py:830} INFO - Processing file /opt/airflow/dags/connect.py for tasks to queue
[2025-11-09T13:46:55.962+0000] {logging_mixin.py:188} INFO - [2025-11-09T13:46:55.961+0000] {dagbag.py:545} INFO - Filling up the DagBag from /opt/airflow/dags/connect.py
[2025-11-09T13:46:55.974+0000] {processor.py:840} INFO - DAG(s) 'test_connections_dag' retrieved from /opt/airflow/dags/connect.py
[2025-11-09T13:46:55.999+0000] {logging_mixin.py:188} INFO - [2025-11-09T13:46:55.999+0000] {dag.py:3089} INFO - Sync 1 DAGs
[2025-11-09T13:46:56.021+0000] {logging_mixin.py:188} INFO - [2025-11-09T13:46:56.020+0000] {dag.py:3947} INFO - Setting next_dagrun for test_connections_dag to 2025-11-09 12:00:00+00:00, run_after=2025-11-09 18:00:00+00:00
[2025-11-09T13:46:56.039+0000] {processor.py:183} INFO - Processing /opt/airflow/dags/connect.py took 0.086 seconds
[2025-11-09T13:47:26.229+0000] {processor.py:161} INFO - Started process (PID=329) to work on /opt/airflow/dags/connect.py
[2025-11-09T13:47:26.230+0000] {processor.py:830} INFO - Processing file /opt/airflow/dags/connect.py for tasks to queue
[2025-11-09T13:47:26.232+0000] {logging_mixin.py:188} INFO - [2025-11-09T13:47:26.231+0000] {dagbag.py:545} INFO - Filling up the DagBag from /opt/airflow/dags/connect.py
[2025-11-09T13:47:26.242+0000] {processor.py:840} INFO - DAG(s) 'test_connections_dag' retrieved from /opt/airflow/dags/connect.py
[2025-11-09T13:47:26.269+0000] {logging_mixin.py:188} INFO - [2025-11-09T13:47:26.269+0000] {dag.py:3089} INFO - Sync 1 DAGs
[2025-11-09T13:47:26.291+0000] {logging_mixin.py:188} INFO - [2025-11-09T13:47:26.291+0000] {dag.py:3947} INFO - Setting next_dagrun for test_connections_dag to 2025-11-09 12:00:00+00:00, run_after=2025-11-09 18:00:00+00:00
[2025-11-09T13:47:26.308+0000] {processor.py:183} INFO - Processing /opt/airflow/dags/connect.py took 0.085 seconds
[2025-11-09T13:47:30.360+0000] {processor.py:161} INFO - Started process (PID=339) to work on /opt/airflow/dags/connect.py
[2025-11-09T13:47:30.360+0000] {processor.py:830} INFO - Processing file /opt/airflow/dags/connect.py for tasks to queue
[2025-11-09T13:47:30.362+0000] {logging_mixin.py:188} INFO - [2025-11-09T13:47:30.362+0000] {dagbag.py:545} INFO - Filling up the DagBag from /opt/airflow/dags/connect.py
[2025-11-09T13:47:30.372+0000] {processor.py:840} INFO - DAG(s) 'test_connections_dag' retrieved from /opt/airflow/dags/connect.py
[2025-11-09T13:47:30.393+0000] {logging_mixin.py:188} INFO - [2025-11-09T13:47:30.393+0000] {dag.py:3089} INFO - Sync 1 DAGs
[2025-11-09T13:47:30.410+0000] {logging_mixin.py:188} INFO - [2025-11-09T13:47:30.410+0000] {dag.py:3947} INFO - Setting next_dagrun for test_connections_dag to 2025-11-09 12:00:00+00:00, run_after=2025-11-09 18:00:00+00:00
[2025-11-09T13:47:30.426+0000] {processor.py:183} INFO - Processing /opt/airflow/dags/connect.py took 0.071 seconds
[2025-11-09T13:48:00.591+0000] {processor.py:161} INFO - Started process (PID=349) to work on /opt/airflow/dags/connect.py
[2025-11-09T13:48:00.592+0000] {processor.py:830} INFO - Processing file /opt/airflow/dags/connect.py for tasks to queue
[2025-11-09T13:48:00.594+0000] {logging_mixin.py:188} INFO - [2025-11-09T13:48:00.593+0000] {dagbag.py:545} INFO - Filling up the DagBag from /opt/airflow/dags/connect.py
[2025-11-09T13:48:00.602+0000] {processor.py:840} INFO - DAG(s) 'test_connections_dag' retrieved from /opt/airflow/dags/connect.py
[2025-11-09T13:48:00.623+0000] {logging_mixin.py:188} INFO - [2025-11-09T13:48:00.623+0000] {dag.py:3089} INFO - Sync 1 DAGs
[2025-11-09T13:48:00.640+0000] {logging_mixin.py:188} INFO - [2025-11-09T13:48:00.640+0000] {dag.py:3947} INFO - Setting next_dagrun for test_connections_dag to 2025-11-09 12:00:00+00:00, run_after=2025-11-09 18:00:00+00:00
[2025-11-09T13:48:00.654+0000] {processor.py:183} INFO - Processing /opt/airflow/dags/connect.py took 0.069 seconds
[2025-11-09T13:48:30.831+0000] {processor.py:161} INFO - Started process (PID=359) to work on /opt/airflow/dags/connect.py
[2025-11-09T13:48:30.833+0000] {processor.py:830} INFO - Processing file /opt/airflow/dags/connect.py for tasks to queue
[2025-11-09T13:48:30.836+0000] {logging_mixin.py:188} INFO - [2025-11-09T13:48:30.836+0000] {dagbag.py:545} INFO - Filling up the DagBag from /opt/airflow/dags/connect.py
[2025-11-09T13:48:30.848+0000] {processor.py:840} INFO - DAG(s) 'test_connections_dag' retrieved from /opt/airflow/dags/connect.py
[2025-11-09T13:48:30.870+0000] {logging_mixin.py:188} INFO - [2025-11-09T13:48:30.870+0000] {dag.py:3089} INFO - Sync 1 DAGs
[2025-11-09T13:48:30.887+0000] {logging_mixin.py:188} INFO - [2025-11-09T13:48:30.887+0000] {dag.py:3947} INFO - Setting next_dagrun for test_connections_dag to 2025-11-09 12:00:00+00:00, run_after=2025-11-09 18:00:00+00:00
[2025-11-09T13:48:30.904+0000] {processor.py:183} INFO - Processing /opt/airflow/dags/connect.py took 0.086 seconds
[2025-11-09T13:49:01.060+0000] {processor.py:161} INFO - Started process (PID=369) to work on /opt/airflow/dags/connect.py
[2025-11-09T13:49:01.061+0000] {processor.py:830} INFO - Processing file /opt/airflow/dags/connect.py for tasks to queue
[2025-11-09T13:49:01.063+0000] {logging_mixin.py:188} INFO - [2025-11-09T13:49:01.062+0000] {dagbag.py:545} INFO - Filling up the DagBag from /opt/airflow/dags/connect.py
[2025-11-09T13:49:01.071+0000] {processor.py:840} INFO - DAG(s) 'test_connections_dag' retrieved from /opt/airflow/dags/connect.py
[2025-11-09T13:49:01.093+0000] {logging_mixin.py:188} INFO - [2025-11-09T13:49:01.093+0000] {dag.py:3089} INFO - Sync 1 DAGs
[2025-11-09T13:49:01.111+0000] {logging_mixin.py:188} INFO - [2025-11-09T13:49:01.111+0000] {dag.py:3947} INFO - Setting next_dagrun for test_connections_dag to 2025-11-09 12:00:00+00:00, run_after=2025-11-09 18:00:00+00:00
[2025-11-09T13:49:01.126+0000] {processor.py:183} INFO - Processing /opt/airflow/dags/connect.py took 0.074 seconds
[2025-11-09T13:49:31.324+0000] {processor.py:161} INFO - Started process (PID=379) to work on /opt/airflow/dags/connect.py
[2025-11-09T13:49:31.325+0000] {processor.py:830} INFO - Processing file /opt/airflow/dags/connect.py for tasks to queue
[2025-11-09T13:49:31.327+0000] {logging_mixin.py:188} INFO - [2025-11-09T13:49:31.326+0000] {dagbag.py:545} INFO - Filling up the DagBag from /opt/airflow/dags/connect.py
[2025-11-09T13:49:31.335+0000] {processor.py:840} INFO - DAG(s) 'test_connections_dag' retrieved from /opt/airflow/dags/connect.py
[2025-11-09T13:49:31.360+0000] {logging_mixin.py:188} INFO - [2025-11-09T13:49:31.360+0000] {dag.py:3089} INFO - Sync 1 DAGs
[2025-11-09T13:49:31.378+0000] {logging_mixin.py:188} INFO - [2025-11-09T13:49:31.378+0000] {dag.py:3947} INFO - Setting next_dagrun for test_connections_dag to 2025-11-09 12:00:00+00:00, run_after=2025-11-09 18:00:00+00:00
[2025-11-09T13:49:31.391+0000] {processor.py:183} INFO - Processing /opt/airflow/dags/connect.py took 0.072 seconds
[2025-11-09T13:50:01.574+0000] {processor.py:161} INFO - Started process (PID=389) to work on /opt/airflow/dags/connect.py
[2025-11-09T13:50:01.575+0000] {processor.py:830} INFO - Processing file /opt/airflow/dags/connect.py for tasks to queue
[2025-11-09T13:50:01.577+0000] {logging_mixin.py:188} INFO - [2025-11-09T13:50:01.576+0000] {dagbag.py:545} INFO - Filling up the DagBag from /opt/airflow/dags/connect.py
[2025-11-09T13:50:01.586+0000] {processor.py:840} INFO - DAG(s) 'test_connections_dag' retrieved from /opt/airflow/dags/connect.py
[2025-11-09T13:50:01.609+0000] {logging_mixin.py:188} INFO - [2025-11-09T13:50:01.608+0000] {dag.py:3089} INFO - Sync 1 DAGs
[2025-11-09T13:50:01.627+0000] {logging_mixin.py:188} INFO - [2025-11-09T13:50:01.626+0000] {dag.py:3947} INFO - Setting next_dagrun for test_connections_dag to 2025-11-09 12:00:00+00:00, run_after=2025-11-09 18:00:00+00:00
[2025-11-09T13:50:01.641+0000] {processor.py:183} INFO - Processing /opt/airflow/dags/connect.py took 0.071 seconds
[2025-11-09T13:50:31.814+0000] {processor.py:161} INFO - Started process (PID=399) to work on /opt/airflow/dags/connect.py
[2025-11-09T13:50:31.815+0000] {processor.py:830} INFO - Processing file /opt/airflow/dags/connect.py for tasks to queue
[2025-11-09T13:50:31.817+0000] {logging_mixin.py:188} INFO - [2025-11-09T13:50:31.816+0000] {dagbag.py:545} INFO - Filling up the DagBag from /opt/airflow/dags/connect.py
[2025-11-09T13:50:31.826+0000] {processor.py:840} INFO - DAG(s) 'test_connections_dag' retrieved from /opt/airflow/dags/connect.py
[2025-11-09T13:50:31.848+0000] {logging_mixin.py:188} INFO - [2025-11-09T13:50:31.848+0000] {dag.py:3089} INFO - Sync 1 DAGs
[2025-11-09T13:50:31.865+0000] {logging_mixin.py:188} INFO - [2025-11-09T13:50:31.865+0000] {dag.py:3947} INFO - Setting next_dagrun for test_connections_dag to 2025-11-09 12:00:00+00:00, run_after=2025-11-09 18:00:00+00:00
[2025-11-09T13:50:31.879+0000] {processor.py:183} INFO - Processing /opt/airflow/dags/connect.py took 0.070 seconds
[2025-11-09T13:51:02.059+0000] {processor.py:161} INFO - Started process (PID=409) to work on /opt/airflow/dags/connect.py
[2025-11-09T13:51:02.060+0000] {processor.py:830} INFO - Processing file /opt/airflow/dags/connect.py for tasks to queue
[2025-11-09T13:51:02.061+0000] {logging_mixin.py:188} INFO - [2025-11-09T13:51:02.061+0000] {dagbag.py:545} INFO - Filling up the DagBag from /opt/airflow/dags/connect.py
[2025-11-09T13:51:02.070+0000] {processor.py:840} INFO - DAG(s) 'test_connections_dag' retrieved from /opt/airflow/dags/connect.py
[2025-11-09T13:51:02.091+0000] {logging_mixin.py:188} INFO - [2025-11-09T13:51:02.091+0000] {dag.py:3089} INFO - Sync 1 DAGs
[2025-11-09T13:51:02.109+0000] {logging_mixin.py:188} INFO - [2025-11-09T13:51:02.109+0000] {dag.py:3947} INFO - Setting next_dagrun for test_connections_dag to 2025-11-09 12:00:00+00:00, run_after=2025-11-09 18:00:00+00:00
[2025-11-09T13:51:02.123+0000] {processor.py:183} INFO - Processing /opt/airflow/dags/connect.py took 0.069 seconds
[2025-11-09T13:51:32.311+0000] {processor.py:161} INFO - Started process (PID=419) to work on /opt/airflow/dags/connect.py
[2025-11-09T13:51:32.312+0000] {processor.py:830} INFO - Processing file /opt/airflow/dags/connect.py for tasks to queue
[2025-11-09T13:51:32.313+0000] {logging_mixin.py:188} INFO - [2025-11-09T13:51:32.313+0000] {dagbag.py:545} INFO - Filling up the DagBag from /opt/airflow/dags/connect.py
[2025-11-09T13:51:32.322+0000] {processor.py:840} INFO - DAG(s) 'test_connections_dag' retrieved from /opt/airflow/dags/connect.py
[2025-11-09T13:51:32.344+0000] {logging_mixin.py:188} INFO - [2025-11-09T13:51:32.344+0000] {dag.py:3089} INFO - Sync 1 DAGs
[2025-11-09T13:51:32.362+0000] {logging_mixin.py:188} INFO - [2025-11-09T13:51:32.362+0000] {dag.py:3947} INFO - Setting next_dagrun for test_connections_dag to 2025-11-09 12:00:00+00:00, run_after=2025-11-09 18:00:00+00:00
[2025-11-09T13:51:32.376+0000] {processor.py:183} INFO - Processing /opt/airflow/dags/connect.py took 0.070 seconds
[2025-11-09T13:51:40.414+0000] {processor.py:161} INFO - Started process (PID=424) to work on /opt/airflow/dags/connect.py
[2025-11-09T13:51:40.415+0000] {processor.py:830} INFO - Processing file /opt/airflow/dags/connect.py for tasks to queue
[2025-11-09T13:51:40.417+0000] {logging_mixin.py:188} INFO - [2025-11-09T13:51:40.417+0000] {dagbag.py:545} INFO - Filling up the DagBag from /opt/airflow/dags/connect.py
[2025-11-09T13:51:40.432+0000] {processor.py:840} INFO - DAG(s) 'test_connections_dag' retrieved from /opt/airflow/dags/connect.py
[2025-11-09T13:51:40.458+0000] {logging_mixin.py:188} INFO - [2025-11-09T13:51:40.458+0000] {dag.py:3089} INFO - Sync 1 DAGs
[2025-11-09T13:51:40.477+0000] {logging_mixin.py:188} INFO - [2025-11-09T13:51:40.477+0000] {dag.py:3947} INFO - Setting next_dagrun for test_connections_dag to 2025-11-09 12:00:00+00:00, run_after=2025-11-09 18:00:00+00:00
[2025-11-09T13:51:40.498+0000] {processor.py:183} INFO - Processing /opt/airflow/dags/connect.py took 0.089 seconds
[2025-11-09T13:53:50.776+0000] {processor.py:161} INFO - Started process (PID=159) to work on /opt/airflow/dags/connect.py
[2025-11-09T13:53:50.777+0000] {processor.py:830} INFO - Processing file /opt/airflow/dags/connect.py for tasks to queue
[2025-11-09T13:53:50.779+0000] {logging_mixin.py:188} INFO - [2025-11-09T13:53:50.778+0000] {dagbag.py:545} INFO - Filling up the DagBag from /opt/airflow/dags/connect.py
[2025-11-09T13:53:50.796+0000] {processor.py:840} INFO - DAG(s) 'test_connections_dag' retrieved from /opt/airflow/dags/connect.py
[2025-11-09T13:53:50.845+0000] {logging_mixin.py:188} INFO - [2025-11-09T13:53:50.844+0000] {dag.py:3089} INFO - Sync 1 DAGs
[2025-11-09T13:53:50.874+0000] {logging_mixin.py:188} INFO - [2025-11-09T13:53:50.874+0000] {dag.py:3947} INFO - Setting next_dagrun for test_connections_dag to 2025-11-09 12:00:00+00:00, run_after=2025-11-09 18:00:00+00:00
[2025-11-09T13:53:50.908+0000] {processor.py:183} INFO - Processing /opt/airflow/dags/connect.py took 0.144 seconds
[2025-11-09T13:54:21.060+0000] {processor.py:161} INFO - Started process (PID=170) to work on /opt/airflow/dags/connect.py
[2025-11-09T13:54:21.061+0000] {processor.py:830} INFO - Processing file /opt/airflow/dags/connect.py for tasks to queue
[2025-11-09T13:54:21.063+0000] {logging_mixin.py:188} INFO - [2025-11-09T13:54:21.063+0000] {dagbag.py:545} INFO - Filling up the DagBag from /opt/airflow/dags/connect.py
[2025-11-09T13:54:21.076+0000] {processor.py:840} INFO - DAG(s) 'test_connections_dag' retrieved from /opt/airflow/dags/connect.py
[2025-11-09T13:54:21.205+0000] {logging_mixin.py:188} INFO - [2025-11-09T13:54:21.204+0000] {dag.py:3089} INFO - Sync 1 DAGs
[2025-11-09T13:54:21.230+0000] {logging_mixin.py:188} INFO - [2025-11-09T13:54:21.229+0000] {dag.py:3947} INFO - Setting next_dagrun for test_connections_dag to 2025-11-09 12:00:00+00:00, run_after=2025-11-09 18:00:00+00:00
[2025-11-09T13:54:21.245+0000] {processor.py:183} INFO - Processing /opt/airflow/dags/connect.py took 0.191 seconds
[2025-11-09T13:54:51.398+0000] {processor.py:161} INFO - Started process (PID=185) to work on /opt/airflow/dags/connect.py
[2025-11-09T13:54:51.399+0000] {processor.py:830} INFO - Processing file /opt/airflow/dags/connect.py for tasks to queue
[2025-11-09T13:54:51.401+0000] {logging_mixin.py:188} INFO - [2025-11-09T13:54:51.401+0000] {dagbag.py:545} INFO - Filling up the DagBag from /opt/airflow/dags/connect.py
[2025-11-09T13:54:51.412+0000] {processor.py:840} INFO - DAG(s) 'test_connections_dag' retrieved from /opt/airflow/dags/connect.py
[2025-11-09T13:54:51.437+0000] {logging_mixin.py:188} INFO - [2025-11-09T13:54:51.437+0000] {dag.py:3089} INFO - Sync 1 DAGs
[2025-11-09T13:54:51.458+0000] {logging_mixin.py:188} INFO - [2025-11-09T13:54:51.457+0000] {dag.py:3947} INFO - Setting next_dagrun for test_connections_dag to 2025-11-09 12:00:00+00:00, run_after=2025-11-09 18:00:00+00:00
[2025-11-09T13:54:51.474+0000] {processor.py:183} INFO - Processing /opt/airflow/dags/connect.py took 0.081 seconds
[2025-11-09T13:55:21.670+0000] {processor.py:161} INFO - Started process (PID=195) to work on /opt/airflow/dags/connect.py
[2025-11-09T13:55:21.673+0000] {processor.py:830} INFO - Processing file /opt/airflow/dags/connect.py for tasks to queue
[2025-11-09T13:55:21.679+0000] {logging_mixin.py:188} INFO - [2025-11-09T13:55:21.678+0000] {dagbag.py:545} INFO - Filling up the DagBag from /opt/airflow/dags/connect.py
[2025-11-09T13:55:21.692+0000] {processor.py:840} INFO - DAG(s) 'test_connections_dag' retrieved from /opt/airflow/dags/connect.py
[2025-11-09T13:55:21.723+0000] {logging_mixin.py:188} INFO - [2025-11-09T13:55:21.722+0000] {dag.py:3089} INFO - Sync 1 DAGs
[2025-11-09T13:55:21.744+0000] {logging_mixin.py:188} INFO - [2025-11-09T13:55:21.744+0000] {dag.py:3947} INFO - Setting next_dagrun for test_connections_dag to 2025-11-09 12:00:00+00:00, run_after=2025-11-09 18:00:00+00:00
[2025-11-09T13:55:21.763+0000] {processor.py:183} INFO - Processing /opt/airflow/dags/connect.py took 0.101 seconds
[2025-11-09T13:55:51.879+0000] {processor.py:161} INFO - Started process (PID=207) to work on /opt/airflow/dags/connect.py
[2025-11-09T13:55:51.880+0000] {processor.py:830} INFO - Processing file /opt/airflow/dags/connect.py for tasks to queue
[2025-11-09T13:55:51.886+0000] {logging_mixin.py:188} INFO - [2025-11-09T13:55:51.885+0000] {dagbag.py:545} INFO - Filling up the DagBag from /opt/airflow/dags/connect.py
[2025-11-09T13:55:51.908+0000] {processor.py:840} INFO - DAG(s) 'test_connections_dag' retrieved from /opt/airflow/dags/connect.py
[2025-11-09T13:55:51.935+0000] {logging_mixin.py:188} INFO - [2025-11-09T13:55:51.934+0000] {dag.py:3089} INFO - Sync 1 DAGs
[2025-11-09T13:55:51.956+0000] {logging_mixin.py:188} INFO - [2025-11-09T13:55:51.956+0000] {dag.py:3947} INFO - Setting next_dagrun for test_connections_dag to 2025-11-09 12:00:00+00:00, run_after=2025-11-09 18:00:00+00:00
[2025-11-09T13:55:51.973+0000] {processor.py:183} INFO - Processing /opt/airflow/dags/connect.py took 0.115 seconds
[2025-11-09T13:56:22.077+0000] {processor.py:161} INFO - Started process (PID=217) to work on /opt/airflow/dags/connect.py
[2025-11-09T13:56:22.077+0000] {processor.py:830} INFO - Processing file /opt/airflow/dags/connect.py for tasks to queue
[2025-11-09T13:56:22.079+0000] {logging_mixin.py:188} INFO - [2025-11-09T13:56:22.079+0000] {dagbag.py:545} INFO - Filling up the DagBag from /opt/airflow/dags/connect.py
[2025-11-09T13:56:22.089+0000] {processor.py:840} INFO - DAG(s) 'test_connections_dag' retrieved from /opt/airflow/dags/connect.py
[2025-11-09T13:56:22.115+0000] {logging_mixin.py:188} INFO - [2025-11-09T13:56:22.115+0000] {dag.py:3089} INFO - Sync 1 DAGs
[2025-11-09T13:56:22.134+0000] {logging_mixin.py:188} INFO - [2025-11-09T13:56:22.134+0000] {dag.py:3947} INFO - Setting next_dagrun for test_connections_dag to 2025-11-09 12:00:00+00:00, run_after=2025-11-09 18:00:00+00:00
[2025-11-09T13:56:22.150+0000] {processor.py:183} INFO - Processing /opt/airflow/dags/connect.py took 0.080 seconds
[2025-11-09T13:56:52.299+0000] {processor.py:161} INFO - Started process (PID=227) to work on /opt/airflow/dags/connect.py
[2025-11-09T13:56:52.302+0000] {processor.py:830} INFO - Processing file /opt/airflow/dags/connect.py for tasks to queue
[2025-11-09T13:56:52.304+0000] {logging_mixin.py:188} INFO - [2025-11-09T13:56:52.303+0000] {dagbag.py:545} INFO - Filling up the DagBag from /opt/airflow/dags/connect.py
[2025-11-09T13:56:52.316+0000] {processor.py:840} INFO - DAG(s) 'test_connections_dag' retrieved from /opt/airflow/dags/connect.py
[2025-11-09T13:56:52.341+0000] {logging_mixin.py:188} INFO - [2025-11-09T13:56:52.341+0000] {dag.py:3089} INFO - Sync 1 DAGs
[2025-11-09T13:56:52.359+0000] {logging_mixin.py:188} INFO - [2025-11-09T13:56:52.359+0000] {dag.py:3947} INFO - Setting next_dagrun for test_connections_dag to 2025-11-09 12:00:00+00:00, run_after=2025-11-09 18:00:00+00:00
[2025-11-09T13:56:52.376+0000] {processor.py:183} INFO - Processing /opt/airflow/dags/connect.py took 0.082 seconds
[2025-11-09T13:57:22.468+0000] {processor.py:161} INFO - Started process (PID=237) to work on /opt/airflow/dags/connect.py
[2025-11-09T13:57:22.469+0000] {processor.py:830} INFO - Processing file /opt/airflow/dags/connect.py for tasks to queue
[2025-11-09T13:57:22.471+0000] {logging_mixin.py:188} INFO - [2025-11-09T13:57:22.471+0000] {dagbag.py:545} INFO - Filling up the DagBag from /opt/airflow/dags/connect.py
[2025-11-09T13:57:22.481+0000] {processor.py:840} INFO - DAG(s) 'test_connections_dag' retrieved from /opt/airflow/dags/connect.py
[2025-11-09T13:57:22.504+0000] {logging_mixin.py:188} INFO - [2025-11-09T13:57:22.504+0000] {dag.py:3089} INFO - Sync 1 DAGs
[2025-11-09T13:57:22.529+0000] {logging_mixin.py:188} INFO - [2025-11-09T13:57:22.529+0000] {dag.py:3947} INFO - Setting next_dagrun for test_connections_dag to 2025-11-09 12:00:00+00:00, run_after=2025-11-09 18:00:00+00:00
[2025-11-09T13:57:22.547+0000] {processor.py:183} INFO - Processing /opt/airflow/dags/connect.py took 0.084 seconds
[2025-11-09T13:57:52.700+0000] {processor.py:161} INFO - Started process (PID=247) to work on /opt/airflow/dags/connect.py
[2025-11-09T13:57:52.701+0000] {processor.py:830} INFO - Processing file /opt/airflow/dags/connect.py for tasks to queue
[2025-11-09T13:57:52.703+0000] {logging_mixin.py:188} INFO - [2025-11-09T13:57:52.703+0000] {dagbag.py:545} INFO - Filling up the DagBag from /opt/airflow/dags/connect.py
[2025-11-09T13:57:52.717+0000] {processor.py:840} INFO - DAG(s) 'test_connections_dag' retrieved from /opt/airflow/dags/connect.py
[2025-11-09T13:57:52.739+0000] {logging_mixin.py:188} INFO - [2025-11-09T13:57:52.739+0000] {dag.py:3089} INFO - Sync 1 DAGs
[2025-11-09T13:57:52.757+0000] {logging_mixin.py:188} INFO - [2025-11-09T13:57:52.757+0000] {dag.py:3947} INFO - Setting next_dagrun for test_connections_dag to 2025-11-09 12:00:00+00:00, run_after=2025-11-09 18:00:00+00:00
[2025-11-09T13:57:52.773+0000] {processor.py:183} INFO - Processing /opt/airflow/dags/connect.py took 0.080 seconds
[2025-11-09T13:58:22.848+0000] {processor.py:161} INFO - Started process (PID=257) to work on /opt/airflow/dags/connect.py
[2025-11-09T13:58:22.852+0000] {processor.py:830} INFO - Processing file /opt/airflow/dags/connect.py for tasks to queue
[2025-11-09T13:58:22.853+0000] {logging_mixin.py:188} INFO - [2025-11-09T13:58:22.853+0000] {dagbag.py:545} INFO - Filling up the DagBag from /opt/airflow/dags/connect.py
[2025-11-09T13:58:22.868+0000] {processor.py:840} INFO - DAG(s) 'test_connections_dag' retrieved from /opt/airflow/dags/connect.py
[2025-11-09T13:58:22.895+0000] {logging_mixin.py:188} INFO - [2025-11-09T13:58:22.894+0000] {dag.py:3089} INFO - Sync 1 DAGs
[2025-11-09T13:58:22.916+0000] {logging_mixin.py:188} INFO - [2025-11-09T13:58:22.916+0000] {dag.py:3947} INFO - Setting next_dagrun for test_connections_dag to 2025-11-09 12:00:00+00:00, run_after=2025-11-09 18:00:00+00:00
[2025-11-09T13:58:22.936+0000] {processor.py:183} INFO - Processing /opt/airflow/dags/connect.py took 0.093 seconds
[2025-11-09T13:58:38.041+0000] {processor.py:161} INFO - Started process (PID=267) to work on /opt/airflow/dags/connect.py
[2025-11-09T13:58:38.042+0000] {processor.py:830} INFO - Processing file /opt/airflow/dags/connect.py for tasks to queue
[2025-11-09T13:58:38.046+0000] {logging_mixin.py:188} INFO - [2025-11-09T13:58:38.045+0000] {dagbag.py:545} INFO - Filling up the DagBag from /opt/airflow/dags/connect.py
[2025-11-09T13:58:38.053+0000] {logging_mixin.py:188} INFO - [2025-11-09T13:58:38.052+0000] {dagbag.py:355} ERROR - Failed to import: /opt/airflow/dags/connect.py
Traceback (most recent call last):
  File "/home/airflow/.local/lib/python3.12/site-packages/airflow/models/dagbag.py", line 351, in parse
    loader.exec_module(new_module)
  File "<frozen importlib._bootstrap_external>", line 991, in exec_module
  File "<frozen importlib._bootstrap_external>", line 1129, in get_code
  File "<frozen importlib._bootstrap_external>", line 1059, in source_to_code
  File "<frozen importlib._bootstrap>", line 488, in _call_with_frames_removed
  File "/opt/airflow/dags/connect.py", line 96
    def generate_report(**context):
SyntaxError: expected 'except' or 'finally' block
[2025-11-09T13:58:38.054+0000] {processor.py:842} WARNING - No viable dags retrieved from /opt/airflow/dags/connect.py
[2025-11-09T13:58:38.073+0000] {processor.py:183} INFO - Processing /opt/airflow/dags/connect.py took 0.040 seconds
[2025-11-09T13:59:08.231+0000] {processor.py:161} INFO - Started process (PID=277) to work on /opt/airflow/dags/connect.py
[2025-11-09T13:59:08.232+0000] {processor.py:830} INFO - Processing file /opt/airflow/dags/connect.py for tasks to queue
[2025-11-09T13:59:08.234+0000] {logging_mixin.py:188} INFO - [2025-11-09T13:59:08.233+0000] {dagbag.py:545} INFO - Filling up the DagBag from /opt/airflow/dags/connect.py
[2025-11-09T13:59:08.238+0000] {logging_mixin.py:188} INFO - [2025-11-09T13:59:08.237+0000] {dagbag.py:355} ERROR - Failed to import: /opt/airflow/dags/connect.py
Traceback (most recent call last):
  File "/home/airflow/.local/lib/python3.12/site-packages/airflow/models/dagbag.py", line 351, in parse
    loader.exec_module(new_module)
  File "<frozen importlib._bootstrap_external>", line 991, in exec_module
  File "<frozen importlib._bootstrap_external>", line 1129, in get_code
  File "<frozen importlib._bootstrap_external>", line 1059, in source_to_code
  File "<frozen importlib._bootstrap>", line 488, in _call_with_frames_removed
  File "/opt/airflow/dags/connect.py", line 96
    def generate_report(**context):
SyntaxError: expected 'except' or 'finally' block
[2025-11-09T13:59:08.238+0000] {processor.py:842} WARNING - No viable dags retrieved from /opt/airflow/dags/connect.py
[2025-11-09T13:59:08.252+0000] {processor.py:183} INFO - Processing /opt/airflow/dags/connect.py took 0.028 seconds
[2025-11-09T13:59:38.436+0000] {processor.py:161} INFO - Started process (PID=287) to work on /opt/airflow/dags/connect.py
[2025-11-09T13:59:38.436+0000] {processor.py:830} INFO - Processing file /opt/airflow/dags/connect.py for tasks to queue
[2025-11-09T13:59:38.438+0000] {logging_mixin.py:188} INFO - [2025-11-09T13:59:38.438+0000] {dagbag.py:545} INFO - Filling up the DagBag from /opt/airflow/dags/connect.py
[2025-11-09T13:59:38.443+0000] {logging_mixin.py:188} INFO - [2025-11-09T13:59:38.442+0000] {dagbag.py:355} ERROR - Failed to import: /opt/airflow/dags/connect.py
Traceback (most recent call last):
  File "/home/airflow/.local/lib/python3.12/site-packages/airflow/models/dagbag.py", line 351, in parse
    loader.exec_module(new_module)
  File "<frozen importlib._bootstrap_external>", line 991, in exec_module
  File "<frozen importlib._bootstrap_external>", line 1129, in get_code
  File "<frozen importlib._bootstrap_external>", line 1059, in source_to_code
  File "<frozen importlib._bootstrap>", line 488, in _call_with_frames_removed
  File "/opt/airflow/dags/connect.py", line 96
    def generate_report(**context):
SyntaxError: expected 'except' or 'finally' block
[2025-11-09T13:59:38.444+0000] {processor.py:842} WARNING - No viable dags retrieved from /opt/airflow/dags/connect.py
[2025-11-09T13:59:38.459+0000] {processor.py:183} INFO - Processing /opt/airflow/dags/connect.py took 0.029 seconds
[2025-11-09T14:00:08.672+0000] {processor.py:161} INFO - Started process (PID=297) to work on /opt/airflow/dags/connect.py
[2025-11-09T14:00:08.675+0000] {processor.py:830} INFO - Processing file /opt/airflow/dags/connect.py for tasks to queue
[2025-11-09T14:00:08.681+0000] {logging_mixin.py:188} INFO - [2025-11-09T14:00:08.680+0000] {dagbag.py:545} INFO - Filling up the DagBag from /opt/airflow/dags/connect.py
[2025-11-09T14:00:08.699+0000] {logging_mixin.py:188} INFO - [2025-11-09T14:00:08.696+0000] {dagbag.py:355} ERROR - Failed to import: /opt/airflow/dags/connect.py
Traceback (most recent call last):
  File "/home/airflow/.local/lib/python3.12/site-packages/airflow/models/dagbag.py", line 351, in parse
    loader.exec_module(new_module)
  File "<frozen importlib._bootstrap_external>", line 991, in exec_module
  File "<frozen importlib._bootstrap_external>", line 1129, in get_code
  File "<frozen importlib._bootstrap_external>", line 1059, in source_to_code
  File "<frozen importlib._bootstrap>", line 488, in _call_with_frames_removed
  File "/opt/airflow/dags/connect.py", line 96
    def generate_report(**context):
SyntaxError: expected 'except' or 'finally' block
[2025-11-09T14:00:08.701+0000] {processor.py:842} WARNING - No viable dags retrieved from /opt/airflow/dags/connect.py
[2025-11-09T14:00:08.728+0000] {processor.py:183} INFO - Processing /opt/airflow/dags/connect.py took 0.070 seconds
[2025-11-09T14:00:38.901+0000] {processor.py:161} INFO - Started process (PID=307) to work on /opt/airflow/dags/connect.py
[2025-11-09T14:00:38.902+0000] {processor.py:830} INFO - Processing file /opt/airflow/dags/connect.py for tasks to queue
[2025-11-09T14:00:38.903+0000] {logging_mixin.py:188} INFO - [2025-11-09T14:00:38.903+0000] {dagbag.py:545} INFO - Filling up the DagBag from /opt/airflow/dags/connect.py
[2025-11-09T14:00:38.908+0000] {logging_mixin.py:188} INFO - [2025-11-09T14:00:38.907+0000] {dagbag.py:355} ERROR - Failed to import: /opt/airflow/dags/connect.py
Traceback (most recent call last):
  File "/home/airflow/.local/lib/python3.12/site-packages/airflow/models/dagbag.py", line 351, in parse
    loader.exec_module(new_module)
  File "<frozen importlib._bootstrap_external>", line 991, in exec_module
  File "<frozen importlib._bootstrap_external>", line 1129, in get_code
  File "<frozen importlib._bootstrap_external>", line 1059, in source_to_code
  File "<frozen importlib._bootstrap>", line 488, in _call_with_frames_removed
  File "/opt/airflow/dags/connect.py", line 96
    def generate_report(**context):
SyntaxError: expected 'except' or 'finally' block
[2025-11-09T14:00:38.909+0000] {processor.py:842} WARNING - No viable dags retrieved from /opt/airflow/dags/connect.py
[2025-11-09T14:00:38.921+0000] {processor.py:183} INFO - Processing /opt/airflow/dags/connect.py took 0.027 seconds
[2025-11-09T14:01:09.092+0000] {processor.py:161} INFO - Started process (PID=317) to work on /opt/airflow/dags/connect.py
[2025-11-09T14:01:09.092+0000] {processor.py:830} INFO - Processing file /opt/airflow/dags/connect.py for tasks to queue
[2025-11-09T14:01:09.093+0000] {logging_mixin.py:188} INFO - [2025-11-09T14:01:09.093+0000] {dagbag.py:545} INFO - Filling up the DagBag from /opt/airflow/dags/connect.py
[2025-11-09T14:01:09.097+0000] {logging_mixin.py:188} INFO - [2025-11-09T14:01:09.097+0000] {dagbag.py:355} ERROR - Failed to import: /opt/airflow/dags/connect.py
Traceback (most recent call last):
  File "/home/airflow/.local/lib/python3.12/site-packages/airflow/models/dagbag.py", line 351, in parse
    loader.exec_module(new_module)
  File "<frozen importlib._bootstrap_external>", line 991, in exec_module
  File "<frozen importlib._bootstrap_external>", line 1129, in get_code
  File "<frozen importlib._bootstrap_external>", line 1059, in source_to_code
  File "<frozen importlib._bootstrap>", line 488, in _call_with_frames_removed
  File "/opt/airflow/dags/connect.py", line 96
    def generate_report(**context):
SyntaxError: expected 'except' or 'finally' block
[2025-11-09T14:01:09.098+0000] {processor.py:842} WARNING - No viable dags retrieved from /opt/airflow/dags/connect.py
[2025-11-09T14:01:09.113+0000] {processor.py:183} INFO - Processing /opt/airflow/dags/connect.py took 0.027 seconds
[2025-11-09T14:01:39.315+0000] {processor.py:161} INFO - Started process (PID=327) to work on /opt/airflow/dags/connect.py
[2025-11-09T14:01:39.315+0000] {processor.py:830} INFO - Processing file /opt/airflow/dags/connect.py for tasks to queue
[2025-11-09T14:01:39.316+0000] {logging_mixin.py:188} INFO - [2025-11-09T14:01:39.316+0000] {dagbag.py:545} INFO - Filling up the DagBag from /opt/airflow/dags/connect.py
[2025-11-09T14:01:39.321+0000] {logging_mixin.py:188} INFO - [2025-11-09T14:01:39.320+0000] {dagbag.py:355} ERROR - Failed to import: /opt/airflow/dags/connect.py
Traceback (most recent call last):
  File "/home/airflow/.local/lib/python3.12/site-packages/airflow/models/dagbag.py", line 351, in parse
    loader.exec_module(new_module)
  File "<frozen importlib._bootstrap_external>", line 991, in exec_module
  File "<frozen importlib._bootstrap_external>", line 1129, in get_code
  File "<frozen importlib._bootstrap_external>", line 1059, in source_to_code
  File "<frozen importlib._bootstrap>", line 488, in _call_with_frames_removed
  File "/opt/airflow/dags/connect.py", line 96
    def generate_report(**context):
SyntaxError: expected 'except' or 'finally' block
[2025-11-09T14:01:39.322+0000] {processor.py:842} WARNING - No viable dags retrieved from /opt/airflow/dags/connect.py
[2025-11-09T14:01:39.335+0000] {processor.py:183} INFO - Processing /opt/airflow/dags/connect.py took 0.025 seconds
[2025-11-09T14:02:09.512+0000] {processor.py:161} INFO - Started process (PID=337) to work on /opt/airflow/dags/connect.py
[2025-11-09T14:02:09.513+0000] {processor.py:830} INFO - Processing file /opt/airflow/dags/connect.py for tasks to queue
[2025-11-09T14:02:09.514+0000] {logging_mixin.py:188} INFO - [2025-11-09T14:02:09.514+0000] {dagbag.py:545} INFO - Filling up the DagBag from /opt/airflow/dags/connect.py
[2025-11-09T14:02:09.518+0000] {logging_mixin.py:188} INFO - [2025-11-09T14:02:09.518+0000] {dagbag.py:355} ERROR - Failed to import: /opt/airflow/dags/connect.py
Traceback (most recent call last):
  File "/home/airflow/.local/lib/python3.12/site-packages/airflow/models/dagbag.py", line 351, in parse
    loader.exec_module(new_module)
  File "<frozen importlib._bootstrap_external>", line 991, in exec_module
  File "<frozen importlib._bootstrap_external>", line 1129, in get_code
  File "<frozen importlib._bootstrap_external>", line 1059, in source_to_code
  File "<frozen importlib._bootstrap>", line 488, in _call_with_frames_removed
  File "/opt/airflow/dags/connect.py", line 96
    def generate_report(**context):
SyntaxError: expected 'except' or 'finally' block
[2025-11-09T14:02:09.519+0000] {processor.py:842} WARNING - No viable dags retrieved from /opt/airflow/dags/connect.py
[2025-11-09T14:02:09.534+0000] {processor.py:183} INFO - Processing /opt/airflow/dags/connect.py took 0.028 seconds
[2025-11-09T14:02:39.694+0000] {processor.py:161} INFO - Started process (PID=347) to work on /opt/airflow/dags/connect.py
[2025-11-09T14:02:39.695+0000] {processor.py:830} INFO - Processing file /opt/airflow/dags/connect.py for tasks to queue
[2025-11-09T14:02:39.696+0000] {logging_mixin.py:188} INFO - [2025-11-09T14:02:39.696+0000] {dagbag.py:545} INFO - Filling up the DagBag from /opt/airflow/dags/connect.py
[2025-11-09T14:02:39.700+0000] {logging_mixin.py:188} INFO - [2025-11-09T14:02:39.699+0000] {dagbag.py:355} ERROR - Failed to import: /opt/airflow/dags/connect.py
Traceback (most recent call last):
  File "/home/airflow/.local/lib/python3.12/site-packages/airflow/models/dagbag.py", line 351, in parse
    loader.exec_module(new_module)
  File "<frozen importlib._bootstrap_external>", line 991, in exec_module
  File "<frozen importlib._bootstrap_external>", line 1129, in get_code
  File "<frozen importlib._bootstrap_external>", line 1059, in source_to_code
  File "<frozen importlib._bootstrap>", line 488, in _call_with_frames_removed
  File "/opt/airflow/dags/connect.py", line 96
    def generate_report(**context):
SyntaxError: expected 'except' or 'finally' block
[2025-11-09T14:02:39.701+0000] {processor.py:842} WARNING - No viable dags retrieved from /opt/airflow/dags/connect.py
[2025-11-09T14:02:39.714+0000] {processor.py:183} INFO - Processing /opt/airflow/dags/connect.py took 0.024 seconds
[2025-11-09T14:03:09.901+0000] {processor.py:161} INFO - Started process (PID=357) to work on /opt/airflow/dags/connect.py
[2025-11-09T14:03:09.902+0000] {processor.py:830} INFO - Processing file /opt/airflow/dags/connect.py for tasks to queue
[2025-11-09T14:03:09.903+0000] {logging_mixin.py:188} INFO - [2025-11-09T14:03:09.903+0000] {dagbag.py:545} INFO - Filling up the DagBag from /opt/airflow/dags/connect.py
[2025-11-09T14:03:09.908+0000] {logging_mixin.py:188} INFO - [2025-11-09T14:03:09.907+0000] {dagbag.py:355} ERROR - Failed to import: /opt/airflow/dags/connect.py
Traceback (most recent call last):
  File "/home/airflow/.local/lib/python3.12/site-packages/airflow/models/dagbag.py", line 351, in parse
    loader.exec_module(new_module)
  File "<frozen importlib._bootstrap_external>", line 991, in exec_module
  File "<frozen importlib._bootstrap_external>", line 1129, in get_code
  File "<frozen importlib._bootstrap_external>", line 1059, in source_to_code
  File "<frozen importlib._bootstrap>", line 488, in _call_with_frames_removed
  File "/opt/airflow/dags/connect.py", line 96
    def generate_report(**context):
SyntaxError: expected 'except' or 'finally' block
[2025-11-09T14:03:09.909+0000] {processor.py:842} WARNING - No viable dags retrieved from /opt/airflow/dags/connect.py
[2025-11-09T14:03:09.922+0000] {processor.py:183} INFO - Processing /opt/airflow/dags/connect.py took 0.032 seconds
[2025-11-09T14:03:40.100+0000] {processor.py:161} INFO - Started process (PID=367) to work on /opt/airflow/dags/connect.py
[2025-11-09T14:03:40.101+0000] {processor.py:830} INFO - Processing file /opt/airflow/dags/connect.py for tasks to queue
[2025-11-09T14:03:40.102+0000] {logging_mixin.py:188} INFO - [2025-11-09T14:03:40.102+0000] {dagbag.py:545} INFO - Filling up the DagBag from /opt/airflow/dags/connect.py
[2025-11-09T14:03:40.106+0000] {logging_mixin.py:188} INFO - [2025-11-09T14:03:40.105+0000] {dagbag.py:355} ERROR - Failed to import: /opt/airflow/dags/connect.py
Traceback (most recent call last):
  File "/home/airflow/.local/lib/python3.12/site-packages/airflow/models/dagbag.py", line 351, in parse
    loader.exec_module(new_module)
  File "<frozen importlib._bootstrap_external>", line 991, in exec_module
  File "<frozen importlib._bootstrap_external>", line 1129, in get_code
  File "<frozen importlib._bootstrap_external>", line 1059, in source_to_code
  File "<frozen importlib._bootstrap>", line 488, in _call_with_frames_removed
  File "/opt/airflow/dags/connect.py", line 96
    def generate_report(**context):
SyntaxError: expected 'except' or 'finally' block
[2025-11-09T14:03:40.106+0000] {processor.py:842} WARNING - No viable dags retrieved from /opt/airflow/dags/connect.py
[2025-11-09T14:03:40.120+0000] {processor.py:183} INFO - Processing /opt/airflow/dags/connect.py took 0.028 seconds
[2025-11-09T14:04:10.338+0000] {processor.py:161} INFO - Started process (PID=377) to work on /opt/airflow/dags/connect.py
[2025-11-09T14:04:10.339+0000] {processor.py:830} INFO - Processing file /opt/airflow/dags/connect.py for tasks to queue
[2025-11-09T14:04:10.341+0000] {logging_mixin.py:188} INFO - [2025-11-09T14:04:10.340+0000] {dagbag.py:545} INFO - Filling up the DagBag from /opt/airflow/dags/connect.py
[2025-11-09T14:04:10.349+0000] {logging_mixin.py:188} INFO - [2025-11-09T14:04:10.348+0000] {dagbag.py:355} ERROR - Failed to import: /opt/airflow/dags/connect.py
Traceback (most recent call last):
  File "/home/airflow/.local/lib/python3.12/site-packages/airflow/models/dagbag.py", line 351, in parse
    loader.exec_module(new_module)
  File "<frozen importlib._bootstrap_external>", line 991, in exec_module
  File "<frozen importlib._bootstrap_external>", line 1129, in get_code
  File "<frozen importlib._bootstrap_external>", line 1059, in source_to_code
  File "<frozen importlib._bootstrap>", line 488, in _call_with_frames_removed
  File "/opt/airflow/dags/connect.py", line 96
    def generate_report(**context):
SyntaxError: expected 'except' or 'finally' block
[2025-11-09T14:04:10.350+0000] {processor.py:842} WARNING - No viable dags retrieved from /opt/airflow/dags/connect.py
[2025-11-09T14:04:10.380+0000] {processor.py:183} INFO - Processing /opt/airflow/dags/connect.py took 0.049 seconds
[2025-11-09T14:04:40.590+0000] {processor.py:161} INFO - Started process (PID=387) to work on /opt/airflow/dags/connect.py
[2025-11-09T14:04:40.591+0000] {processor.py:830} INFO - Processing file /opt/airflow/dags/connect.py for tasks to queue
[2025-11-09T14:04:40.592+0000] {logging_mixin.py:188} INFO - [2025-11-09T14:04:40.591+0000] {dagbag.py:545} INFO - Filling up the DagBag from /opt/airflow/dags/connect.py
[2025-11-09T14:04:40.598+0000] {logging_mixin.py:188} INFO - [2025-11-09T14:04:40.596+0000] {dagbag.py:355} ERROR - Failed to import: /opt/airflow/dags/connect.py
Traceback (most recent call last):
  File "/home/airflow/.local/lib/python3.12/site-packages/airflow/models/dagbag.py", line 351, in parse
    loader.exec_module(new_module)
  File "<frozen importlib._bootstrap_external>", line 991, in exec_module
  File "<frozen importlib._bootstrap_external>", line 1129, in get_code
  File "<frozen importlib._bootstrap_external>", line 1059, in source_to_code
  File "<frozen importlib._bootstrap>", line 488, in _call_with_frames_removed
  File "/opt/airflow/dags/connect.py", line 96
    def generate_report(**context):
SyntaxError: expected 'except' or 'finally' block
[2025-11-09T14:04:40.599+0000] {processor.py:842} WARNING - No viable dags retrieved from /opt/airflow/dags/connect.py
[2025-11-09T14:04:40.614+0000] {processor.py:183} INFO - Processing /opt/airflow/dags/connect.py took 0.032 seconds
[2025-11-09T14:05:10.791+0000] {processor.py:161} INFO - Started process (PID=397) to work on /opt/airflow/dags/connect.py
[2025-11-09T14:05:10.791+0000] {processor.py:830} INFO - Processing file /opt/airflow/dags/connect.py for tasks to queue
[2025-11-09T14:05:10.793+0000] {logging_mixin.py:188} INFO - [2025-11-09T14:05:10.792+0000] {dagbag.py:545} INFO - Filling up the DagBag from /opt/airflow/dags/connect.py
[2025-11-09T14:05:10.796+0000] {logging_mixin.py:188} INFO - [2025-11-09T14:05:10.796+0000] {dagbag.py:355} ERROR - Failed to import: /opt/airflow/dags/connect.py
Traceback (most recent call last):
  File "/home/airflow/.local/lib/python3.12/site-packages/airflow/models/dagbag.py", line 351, in parse
    loader.exec_module(new_module)
  File "<frozen importlib._bootstrap_external>", line 991, in exec_module
  File "<frozen importlib._bootstrap_external>", line 1129, in get_code
  File "<frozen importlib._bootstrap_external>", line 1059, in source_to_code
  File "<frozen importlib._bootstrap>", line 488, in _call_with_frames_removed
  File "/opt/airflow/dags/connect.py", line 96
    def generate_report(**context):
SyntaxError: expected 'except' or 'finally' block
[2025-11-09T14:05:10.797+0000] {processor.py:842} WARNING - No viable dags retrieved from /opt/airflow/dags/connect.py
[2025-11-09T14:05:10.811+0000] {processor.py:183} INFO - Processing /opt/airflow/dags/connect.py took 0.027 seconds
[2025-11-09T14:05:40.984+0000] {processor.py:161} INFO - Started process (PID=407) to work on /opt/airflow/dags/connect.py
[2025-11-09T14:05:40.984+0000] {processor.py:830} INFO - Processing file /opt/airflow/dags/connect.py for tasks to queue
[2025-11-09T14:05:40.985+0000] {logging_mixin.py:188} INFO - [2025-11-09T14:05:40.985+0000] {dagbag.py:545} INFO - Filling up the DagBag from /opt/airflow/dags/connect.py
[2025-11-09T14:05:40.990+0000] {logging_mixin.py:188} INFO - [2025-11-09T14:05:40.989+0000] {dagbag.py:355} ERROR - Failed to import: /opt/airflow/dags/connect.py
Traceback (most recent call last):
  File "/home/airflow/.local/lib/python3.12/site-packages/airflow/models/dagbag.py", line 351, in parse
    loader.exec_module(new_module)
  File "<frozen importlib._bootstrap_external>", line 991, in exec_module
  File "<frozen importlib._bootstrap_external>", line 1129, in get_code
  File "<frozen importlib._bootstrap_external>", line 1059, in source_to_code
  File "<frozen importlib._bootstrap>", line 488, in _call_with_frames_removed
  File "/opt/airflow/dags/connect.py", line 96
    def generate_report(**context):
SyntaxError: expected 'except' or 'finally' block
[2025-11-09T14:05:40.990+0000] {processor.py:842} WARNING - No viable dags retrieved from /opt/airflow/dags/connect.py
[2025-11-09T14:05:41.005+0000] {processor.py:183} INFO - Processing /opt/airflow/dags/connect.py took 0.027 seconds
[2025-11-09T14:06:11.179+0000] {processor.py:161} INFO - Started process (PID=417) to work on /opt/airflow/dags/connect.py
[2025-11-09T14:06:11.180+0000] {processor.py:830} INFO - Processing file /opt/airflow/dags/connect.py for tasks to queue
[2025-11-09T14:06:11.181+0000] {logging_mixin.py:188} INFO - [2025-11-09T14:06:11.181+0000] {dagbag.py:545} INFO - Filling up the DagBag from /opt/airflow/dags/connect.py
[2025-11-09T14:06:11.185+0000] {logging_mixin.py:188} INFO - [2025-11-09T14:06:11.184+0000] {dagbag.py:355} ERROR - Failed to import: /opt/airflow/dags/connect.py
Traceback (most recent call last):
  File "/home/airflow/.local/lib/python3.12/site-packages/airflow/models/dagbag.py", line 351, in parse
    loader.exec_module(new_module)
  File "<frozen importlib._bootstrap_external>", line 991, in exec_module
  File "<frozen importlib._bootstrap_external>", line 1129, in get_code
  File "<frozen importlib._bootstrap_external>", line 1059, in source_to_code
  File "<frozen importlib._bootstrap>", line 488, in _call_with_frames_removed
  File "/opt/airflow/dags/connect.py", line 96
    def generate_report(**context):
SyntaxError: expected 'except' or 'finally' block
[2025-11-09T14:06:11.186+0000] {processor.py:842} WARNING - No viable dags retrieved from /opt/airflow/dags/connect.py
[2025-11-09T14:06:11.202+0000] {processor.py:183} INFO - Processing /opt/airflow/dags/connect.py took 0.029 seconds
[2025-11-09T14:06:41.404+0000] {processor.py:161} INFO - Started process (PID=427) to work on /opt/airflow/dags/connect.py
[2025-11-09T14:06:41.405+0000] {processor.py:830} INFO - Processing file /opt/airflow/dags/connect.py for tasks to queue
[2025-11-09T14:06:41.406+0000] {logging_mixin.py:188} INFO - [2025-11-09T14:06:41.406+0000] {dagbag.py:545} INFO - Filling up the DagBag from /opt/airflow/dags/connect.py
[2025-11-09T14:06:41.411+0000] {logging_mixin.py:188} INFO - [2025-11-09T14:06:41.410+0000] {dagbag.py:355} ERROR - Failed to import: /opt/airflow/dags/connect.py
Traceback (most recent call last):
  File "/home/airflow/.local/lib/python3.12/site-packages/airflow/models/dagbag.py", line 351, in parse
    loader.exec_module(new_module)
  File "<frozen importlib._bootstrap_external>", line 991, in exec_module
  File "<frozen importlib._bootstrap_external>", line 1129, in get_code
  File "<frozen importlib._bootstrap_external>", line 1059, in source_to_code
  File "<frozen importlib._bootstrap>", line 488, in _call_with_frames_removed
  File "/opt/airflow/dags/connect.py", line 96
    def generate_report(**context):
SyntaxError: expected 'except' or 'finally' block
[2025-11-09T14:06:41.411+0000] {processor.py:842} WARNING - No viable dags retrieved from /opt/airflow/dags/connect.py
[2025-11-09T14:06:41.440+0000] {processor.py:183} INFO - Processing /opt/airflow/dags/connect.py took 0.043 seconds
[2025-11-09T14:07:11.607+0000] {processor.py:161} INFO - Started process (PID=437) to work on /opt/airflow/dags/connect.py
[2025-11-09T14:07:11.607+0000] {processor.py:830} INFO - Processing file /opt/airflow/dags/connect.py for tasks to queue
[2025-11-09T14:07:11.608+0000] {logging_mixin.py:188} INFO - [2025-11-09T14:07:11.608+0000] {dagbag.py:545} INFO - Filling up the DagBag from /opt/airflow/dags/connect.py
[2025-11-09T14:07:11.612+0000] {logging_mixin.py:188} INFO - [2025-11-09T14:07:11.612+0000] {dagbag.py:355} ERROR - Failed to import: /opt/airflow/dags/connect.py
Traceback (most recent call last):
  File "/home/airflow/.local/lib/python3.12/site-packages/airflow/models/dagbag.py", line 351, in parse
    loader.exec_module(new_module)
  File "<frozen importlib._bootstrap_external>", line 991, in exec_module
  File "<frozen importlib._bootstrap_external>", line 1129, in get_code
  File "<frozen importlib._bootstrap_external>", line 1059, in source_to_code
  File "<frozen importlib._bootstrap>", line 488, in _call_with_frames_removed
  File "/opt/airflow/dags/connect.py", line 96
    def generate_report(**context):
SyntaxError: expected 'except' or 'finally' block
[2025-11-09T14:07:11.613+0000] {processor.py:842} WARNING - No viable dags retrieved from /opt/airflow/dags/connect.py
[2025-11-09T14:07:11.627+0000] {processor.py:183} INFO - Processing /opt/airflow/dags/connect.py took 0.027 seconds
[2025-11-09T14:07:41.830+0000] {processor.py:161} INFO - Started process (PID=447) to work on /opt/airflow/dags/connect.py
[2025-11-09T14:07:41.831+0000] {processor.py:830} INFO - Processing file /opt/airflow/dags/connect.py for tasks to queue
[2025-11-09T14:07:41.832+0000] {logging_mixin.py:188} INFO - [2025-11-09T14:07:41.831+0000] {dagbag.py:545} INFO - Filling up the DagBag from /opt/airflow/dags/connect.py
[2025-11-09T14:07:41.836+0000] {logging_mixin.py:188} INFO - [2025-11-09T14:07:41.835+0000] {dagbag.py:355} ERROR - Failed to import: /opt/airflow/dags/connect.py
Traceback (most recent call last):
  File "/home/airflow/.local/lib/python3.12/site-packages/airflow/models/dagbag.py", line 351, in parse
    loader.exec_module(new_module)
  File "<frozen importlib._bootstrap_external>", line 991, in exec_module
  File "<frozen importlib._bootstrap_external>", line 1129, in get_code
  File "<frozen importlib._bootstrap_external>", line 1059, in source_to_code
  File "<frozen importlib._bootstrap>", line 488, in _call_with_frames_removed
  File "/opt/airflow/dags/connect.py", line 96
    def generate_report(**context):
SyntaxError: expected 'except' or 'finally' block
[2025-11-09T14:07:41.836+0000] {processor.py:842} WARNING - No viable dags retrieved from /opt/airflow/dags/connect.py
[2025-11-09T14:07:41.850+0000] {processor.py:183} INFO - Processing /opt/airflow/dags/connect.py took 0.025 seconds
[2025-11-09T14:08:12.024+0000] {processor.py:161} INFO - Started process (PID=457) to work on /opt/airflow/dags/connect.py
[2025-11-09T14:08:12.024+0000] {processor.py:830} INFO - Processing file /opt/airflow/dags/connect.py for tasks to queue
[2025-11-09T14:08:12.025+0000] {logging_mixin.py:188} INFO - [2025-11-09T14:08:12.025+0000] {dagbag.py:545} INFO - Filling up the DagBag from /opt/airflow/dags/connect.py
[2025-11-09T14:08:12.029+0000] {logging_mixin.py:188} INFO - [2025-11-09T14:08:12.028+0000] {dagbag.py:355} ERROR - Failed to import: /opt/airflow/dags/connect.py
Traceback (most recent call last):
  File "/home/airflow/.local/lib/python3.12/site-packages/airflow/models/dagbag.py", line 351, in parse
    loader.exec_module(new_module)
  File "<frozen importlib._bootstrap_external>", line 991, in exec_module
  File "<frozen importlib._bootstrap_external>", line 1129, in get_code
  File "<frozen importlib._bootstrap_external>", line 1059, in source_to_code
  File "<frozen importlib._bootstrap>", line 488, in _call_with_frames_removed
  File "/opt/airflow/dags/connect.py", line 96
    def generate_report(**context):
SyntaxError: expected 'except' or 'finally' block
[2025-11-09T14:08:12.030+0000] {processor.py:842} WARNING - No viable dags retrieved from /opt/airflow/dags/connect.py
[2025-11-09T14:08:12.044+0000] {processor.py:183} INFO - Processing /opt/airflow/dags/connect.py took 0.025 seconds
[2025-11-09T14:08:42.219+0000] {processor.py:161} INFO - Started process (PID=467) to work on /opt/airflow/dags/connect.py
[2025-11-09T14:08:42.220+0000] {processor.py:830} INFO - Processing file /opt/airflow/dags/connect.py for tasks to queue
[2025-11-09T14:08:42.221+0000] {logging_mixin.py:188} INFO - [2025-11-09T14:08:42.220+0000] {dagbag.py:545} INFO - Filling up the DagBag from /opt/airflow/dags/connect.py
[2025-11-09T14:08:42.225+0000] {logging_mixin.py:188} INFO - [2025-11-09T14:08:42.224+0000] {dagbag.py:355} ERROR - Failed to import: /opt/airflow/dags/connect.py
Traceback (most recent call last):
  File "/home/airflow/.local/lib/python3.12/site-packages/airflow/models/dagbag.py", line 351, in parse
    loader.exec_module(new_module)
  File "<frozen importlib._bootstrap_external>", line 991, in exec_module
  File "<frozen importlib._bootstrap_external>", line 1129, in get_code
  File "<frozen importlib._bootstrap_external>", line 1059, in source_to_code
  File "<frozen importlib._bootstrap>", line 488, in _call_with_frames_removed
  File "/opt/airflow/dags/connect.py", line 96
    def generate_report(**context):
SyntaxError: expected 'except' or 'finally' block
[2025-11-09T14:08:42.225+0000] {processor.py:842} WARNING - No viable dags retrieved from /opt/airflow/dags/connect.py
[2025-11-09T14:08:42.239+0000] {processor.py:183} INFO - Processing /opt/airflow/dags/connect.py took 0.026 seconds
[2025-11-09T14:09:12.402+0000] {processor.py:161} INFO - Started process (PID=477) to work on /opt/airflow/dags/connect.py
[2025-11-09T14:09:12.403+0000] {processor.py:830} INFO - Processing file /opt/airflow/dags/connect.py for tasks to queue
[2025-11-09T14:09:12.404+0000] {logging_mixin.py:188} INFO - [2025-11-09T14:09:12.404+0000] {dagbag.py:545} INFO - Filling up the DagBag from /opt/airflow/dags/connect.py
[2025-11-09T14:09:12.409+0000] {logging_mixin.py:188} INFO - [2025-11-09T14:09:12.408+0000] {dagbag.py:355} ERROR - Failed to import: /opt/airflow/dags/connect.py
Traceback (most recent call last):
  File "/home/airflow/.local/lib/python3.12/site-packages/airflow/models/dagbag.py", line 351, in parse
    loader.exec_module(new_module)
  File "<frozen importlib._bootstrap_external>", line 991, in exec_module
  File "<frozen importlib._bootstrap_external>", line 1129, in get_code
  File "<frozen importlib._bootstrap_external>", line 1059, in source_to_code
  File "<frozen importlib._bootstrap>", line 488, in _call_with_frames_removed
  File "/opt/airflow/dags/connect.py", line 96
    def generate_report(**context):
SyntaxError: expected 'except' or 'finally' block
[2025-11-09T14:09:12.410+0000] {processor.py:842} WARNING - No viable dags retrieved from /opt/airflow/dags/connect.py
[2025-11-09T14:09:12.429+0000] {processor.py:183} INFO - Processing /opt/airflow/dags/connect.py took 0.031 seconds
[2025-11-09T14:09:42.604+0000] {processor.py:161} INFO - Started process (PID=487) to work on /opt/airflow/dags/connect.py
[2025-11-09T14:09:42.605+0000] {processor.py:830} INFO - Processing file /opt/airflow/dags/connect.py for tasks to queue
[2025-11-09T14:09:42.606+0000] {logging_mixin.py:188} INFO - [2025-11-09T14:09:42.606+0000] {dagbag.py:545} INFO - Filling up the DagBag from /opt/airflow/dags/connect.py
[2025-11-09T14:09:42.611+0000] {logging_mixin.py:188} INFO - [2025-11-09T14:09:42.610+0000] {dagbag.py:355} ERROR - Failed to import: /opt/airflow/dags/connect.py
Traceback (most recent call last):
  File "/home/airflow/.local/lib/python3.12/site-packages/airflow/models/dagbag.py", line 351, in parse
    loader.exec_module(new_module)
  File "<frozen importlib._bootstrap_external>", line 991, in exec_module
  File "<frozen importlib._bootstrap_external>", line 1129, in get_code
  File "<frozen importlib._bootstrap_external>", line 1059, in source_to_code
  File "<frozen importlib._bootstrap>", line 488, in _call_with_frames_removed
  File "/opt/airflow/dags/connect.py", line 96
    def generate_report(**context):
SyntaxError: expected 'except' or 'finally' block
[2025-11-09T14:09:42.611+0000] {processor.py:842} WARNING - No viable dags retrieved from /opt/airflow/dags/connect.py
[2025-11-09T14:09:42.627+0000] {processor.py:183} INFO - Processing /opt/airflow/dags/connect.py took 0.027 seconds
[2025-11-09T14:10:12.804+0000] {processor.py:161} INFO - Started process (PID=497) to work on /opt/airflow/dags/connect.py
[2025-11-09T14:10:12.805+0000] {processor.py:830} INFO - Processing file /opt/airflow/dags/connect.py for tasks to queue
[2025-11-09T14:10:12.806+0000] {logging_mixin.py:188} INFO - [2025-11-09T14:10:12.805+0000] {dagbag.py:545} INFO - Filling up the DagBag from /opt/airflow/dags/connect.py
[2025-11-09T14:10:12.811+0000] {logging_mixin.py:188} INFO - [2025-11-09T14:10:12.810+0000] {dagbag.py:355} ERROR - Failed to import: /opt/airflow/dags/connect.py
Traceback (most recent call last):
  File "/home/airflow/.local/lib/python3.12/site-packages/airflow/models/dagbag.py", line 351, in parse
    loader.exec_module(new_module)
  File "<frozen importlib._bootstrap_external>", line 991, in exec_module
  File "<frozen importlib._bootstrap_external>", line 1129, in get_code
  File "<frozen importlib._bootstrap_external>", line 1059, in source_to_code
  File "<frozen importlib._bootstrap>", line 488, in _call_with_frames_removed
  File "/opt/airflow/dags/connect.py", line 96
    def generate_report(**context):
SyntaxError: expected 'except' or 'finally' block
[2025-11-09T14:10:12.811+0000] {processor.py:842} WARNING - No viable dags retrieved from /opt/airflow/dags/connect.py
[2025-11-09T14:10:12.831+0000] {processor.py:183} INFO - Processing /opt/airflow/dags/connect.py took 0.031 seconds
[2025-11-09T14:10:43.003+0000] {processor.py:161} INFO - Started process (PID=507) to work on /opt/airflow/dags/connect.py
[2025-11-09T14:10:43.004+0000] {processor.py:830} INFO - Processing file /opt/airflow/dags/connect.py for tasks to queue
[2025-11-09T14:10:43.005+0000] {logging_mixin.py:188} INFO - [2025-11-09T14:10:43.004+0000] {dagbag.py:545} INFO - Filling up the DagBag from /opt/airflow/dags/connect.py
[2025-11-09T14:10:43.010+0000] {logging_mixin.py:188} INFO - [2025-11-09T14:10:43.009+0000] {dagbag.py:355} ERROR - Failed to import: /opt/airflow/dags/connect.py
Traceback (most recent call last):
  File "/home/airflow/.local/lib/python3.12/site-packages/airflow/models/dagbag.py", line 351, in parse
    loader.exec_module(new_module)
  File "<frozen importlib._bootstrap_external>", line 991, in exec_module
  File "<frozen importlib._bootstrap_external>", line 1129, in get_code
  File "<frozen importlib._bootstrap_external>", line 1059, in source_to_code
  File "<frozen importlib._bootstrap>", line 488, in _call_with_frames_removed
  File "/opt/airflow/dags/connect.py", line 96
    def generate_report(**context):
SyntaxError: expected 'except' or 'finally' block
[2025-11-09T14:10:43.010+0000] {processor.py:842} WARNING - No viable dags retrieved from /opt/airflow/dags/connect.py
[2025-11-09T14:10:43.027+0000] {processor.py:183} INFO - Processing /opt/airflow/dags/connect.py took 0.031 seconds
[2025-11-09T14:11:13.191+0000] {processor.py:161} INFO - Started process (PID=517) to work on /opt/airflow/dags/connect.py
[2025-11-09T14:11:13.192+0000] {processor.py:830} INFO - Processing file /opt/airflow/dags/connect.py for tasks to queue
[2025-11-09T14:11:13.193+0000] {logging_mixin.py:188} INFO - [2025-11-09T14:11:13.193+0000] {dagbag.py:545} INFO - Filling up the DagBag from /opt/airflow/dags/connect.py
[2025-11-09T14:11:13.197+0000] {logging_mixin.py:188} INFO - [2025-11-09T14:11:13.196+0000] {dagbag.py:355} ERROR - Failed to import: /opt/airflow/dags/connect.py
Traceback (most recent call last):
  File "/home/airflow/.local/lib/python3.12/site-packages/airflow/models/dagbag.py", line 351, in parse
    loader.exec_module(new_module)
  File "<frozen importlib._bootstrap_external>", line 991, in exec_module
  File "<frozen importlib._bootstrap_external>", line 1129, in get_code
  File "<frozen importlib._bootstrap_external>", line 1059, in source_to_code
  File "<frozen importlib._bootstrap>", line 488, in _call_with_frames_removed
  File "/opt/airflow/dags/connect.py", line 96
    def generate_report(**context):
SyntaxError: expected 'except' or 'finally' block
[2025-11-09T14:11:13.198+0000] {processor.py:842} WARNING - No viable dags retrieved from /opt/airflow/dags/connect.py
[2025-11-09T14:11:13.211+0000] {processor.py:183} INFO - Processing /opt/airflow/dags/connect.py took 0.025 seconds
[2025-11-09T14:11:43.385+0000] {processor.py:161} INFO - Started process (PID=527) to work on /opt/airflow/dags/connect.py
[2025-11-09T14:11:43.386+0000] {processor.py:830} INFO - Processing file /opt/airflow/dags/connect.py for tasks to queue
[2025-11-09T14:11:43.387+0000] {logging_mixin.py:188} INFO - [2025-11-09T14:11:43.387+0000] {dagbag.py:545} INFO - Filling up the DagBag from /opt/airflow/dags/connect.py
[2025-11-09T14:11:43.391+0000] {logging_mixin.py:188} INFO - [2025-11-09T14:11:43.390+0000] {dagbag.py:355} ERROR - Failed to import: /opt/airflow/dags/connect.py
Traceback (most recent call last):
  File "/home/airflow/.local/lib/python3.12/site-packages/airflow/models/dagbag.py", line 351, in parse
    loader.exec_module(new_module)
  File "<frozen importlib._bootstrap_external>", line 991, in exec_module
  File "<frozen importlib._bootstrap_external>", line 1129, in get_code
  File "<frozen importlib._bootstrap_external>", line 1059, in source_to_code
  File "<frozen importlib._bootstrap>", line 488, in _call_with_frames_removed
  File "/opt/airflow/dags/connect.py", line 96
    def generate_report(**context):
SyntaxError: expected 'except' or 'finally' block
[2025-11-09T14:11:43.392+0000] {processor.py:842} WARNING - No viable dags retrieved from /opt/airflow/dags/connect.py
[2025-11-09T14:11:43.406+0000] {processor.py:183} INFO - Processing /opt/airflow/dags/connect.py took 0.028 seconds
[2025-11-09T14:12:13.574+0000] {processor.py:161} INFO - Started process (PID=537) to work on /opt/airflow/dags/connect.py
[2025-11-09T14:12:13.575+0000] {processor.py:830} INFO - Processing file /opt/airflow/dags/connect.py for tasks to queue
[2025-11-09T14:12:13.575+0000] {logging_mixin.py:188} INFO - [2025-11-09T14:12:13.575+0000] {dagbag.py:545} INFO - Filling up the DagBag from /opt/airflow/dags/connect.py
[2025-11-09T14:12:13.580+0000] {logging_mixin.py:188} INFO - [2025-11-09T14:12:13.578+0000] {dagbag.py:355} ERROR - Failed to import: /opt/airflow/dags/connect.py
Traceback (most recent call last):
  File "/home/airflow/.local/lib/python3.12/site-packages/airflow/models/dagbag.py", line 351, in parse
    loader.exec_module(new_module)
  File "<frozen importlib._bootstrap_external>", line 991, in exec_module
  File "<frozen importlib._bootstrap_external>", line 1129, in get_code
  File "<frozen importlib._bootstrap_external>", line 1059, in source_to_code
  File "<frozen importlib._bootstrap>", line 488, in _call_with_frames_removed
  File "/opt/airflow/dags/connect.py", line 96
    def generate_report(**context):
SyntaxError: expected 'except' or 'finally' block
[2025-11-09T14:12:13.580+0000] {processor.py:842} WARNING - No viable dags retrieved from /opt/airflow/dags/connect.py
[2025-11-09T14:12:13.595+0000] {processor.py:183} INFO - Processing /opt/airflow/dags/connect.py took 0.026 seconds
[2025-11-09T14:12:43.766+0000] {processor.py:161} INFO - Started process (PID=547) to work on /opt/airflow/dags/connect.py
[2025-11-09T14:12:43.766+0000] {processor.py:830} INFO - Processing file /opt/airflow/dags/connect.py for tasks to queue
[2025-11-09T14:12:43.767+0000] {logging_mixin.py:188} INFO - [2025-11-09T14:12:43.767+0000] {dagbag.py:545} INFO - Filling up the DagBag from /opt/airflow/dags/connect.py
[2025-11-09T14:12:43.772+0000] {logging_mixin.py:188} INFO - [2025-11-09T14:12:43.771+0000] {dagbag.py:355} ERROR - Failed to import: /opt/airflow/dags/connect.py
Traceback (most recent call last):
  File "/home/airflow/.local/lib/python3.12/site-packages/airflow/models/dagbag.py", line 351, in parse
    loader.exec_module(new_module)
  File "<frozen importlib._bootstrap_external>", line 991, in exec_module
  File "<frozen importlib._bootstrap_external>", line 1129, in get_code
  File "<frozen importlib._bootstrap_external>", line 1059, in source_to_code
  File "<frozen importlib._bootstrap>", line 488, in _call_with_frames_removed
  File "/opt/airflow/dags/connect.py", line 96
    def generate_report(**context):
SyntaxError: expected 'except' or 'finally' block
[2025-11-09T14:12:43.772+0000] {processor.py:842} WARNING - No viable dags retrieved from /opt/airflow/dags/connect.py
[2025-11-09T14:12:43.787+0000] {processor.py:183} INFO - Processing /opt/airflow/dags/connect.py took 0.028 seconds
[2025-11-09T14:13:13.941+0000] {processor.py:161} INFO - Started process (PID=557) to work on /opt/airflow/dags/connect.py
[2025-11-09T14:13:13.942+0000] {processor.py:830} INFO - Processing file /opt/airflow/dags/connect.py for tasks to queue
[2025-11-09T14:13:13.943+0000] {logging_mixin.py:188} INFO - [2025-11-09T14:13:13.943+0000] {dagbag.py:545} INFO - Filling up the DagBag from /opt/airflow/dags/connect.py
[2025-11-09T14:13:13.947+0000] {logging_mixin.py:188} INFO - [2025-11-09T14:13:13.946+0000] {dagbag.py:355} ERROR - Failed to import: /opt/airflow/dags/connect.py
Traceback (most recent call last):
  File "/home/airflow/.local/lib/python3.12/site-packages/airflow/models/dagbag.py", line 351, in parse
    loader.exec_module(new_module)
  File "<frozen importlib._bootstrap_external>", line 991, in exec_module
  File "<frozen importlib._bootstrap_external>", line 1129, in get_code
  File "<frozen importlib._bootstrap_external>", line 1059, in source_to_code
  File "<frozen importlib._bootstrap>", line 488, in _call_with_frames_removed
  File "/opt/airflow/dags/connect.py", line 96
    def generate_report(**context):
SyntaxError: expected 'except' or 'finally' block
[2025-11-09T14:13:13.948+0000] {processor.py:842} WARNING - No viable dags retrieved from /opt/airflow/dags/connect.py
[2025-11-09T14:13:13.961+0000] {processor.py:183} INFO - Processing /opt/airflow/dags/connect.py took 0.024 seconds
[2025-11-09T14:13:44.122+0000] {processor.py:161} INFO - Started process (PID=567) to work on /opt/airflow/dags/connect.py
[2025-11-09T14:13:44.123+0000] {processor.py:830} INFO - Processing file /opt/airflow/dags/connect.py for tasks to queue
[2025-11-09T14:13:44.124+0000] {logging_mixin.py:188} INFO - [2025-11-09T14:13:44.124+0000] {dagbag.py:545} INFO - Filling up the DagBag from /opt/airflow/dags/connect.py
[2025-11-09T14:13:44.129+0000] {logging_mixin.py:188} INFO - [2025-11-09T14:13:44.127+0000] {dagbag.py:355} ERROR - Failed to import: /opt/airflow/dags/connect.py
Traceback (most recent call last):
  File "/home/airflow/.local/lib/python3.12/site-packages/airflow/models/dagbag.py", line 351, in parse
    loader.exec_module(new_module)
  File "<frozen importlib._bootstrap_external>", line 991, in exec_module
  File "<frozen importlib._bootstrap_external>", line 1129, in get_code
  File "<frozen importlib._bootstrap_external>", line 1059, in source_to_code
  File "<frozen importlib._bootstrap>", line 488, in _call_with_frames_removed
  File "/opt/airflow/dags/connect.py", line 96
    def generate_report(**context):
SyntaxError: expected 'except' or 'finally' block
[2025-11-09T14:13:44.130+0000] {processor.py:842} WARNING - No viable dags retrieved from /opt/airflow/dags/connect.py
[2025-11-09T14:13:44.143+0000] {processor.py:183} INFO - Processing /opt/airflow/dags/connect.py took 0.025 seconds
[2025-11-09T14:14:14.349+0000] {processor.py:161} INFO - Started process (PID=577) to work on /opt/airflow/dags/connect.py
[2025-11-09T14:14:14.350+0000] {processor.py:830} INFO - Processing file /opt/airflow/dags/connect.py for tasks to queue
[2025-11-09T14:14:14.351+0000] {logging_mixin.py:188} INFO - [2025-11-09T14:14:14.351+0000] {dagbag.py:545} INFO - Filling up the DagBag from /opt/airflow/dags/connect.py
[2025-11-09T14:14:14.356+0000] {logging_mixin.py:188} INFO - [2025-11-09T14:14:14.355+0000] {dagbag.py:355} ERROR - Failed to import: /opt/airflow/dags/connect.py
Traceback (most recent call last):
  File "/home/airflow/.local/lib/python3.12/site-packages/airflow/models/dagbag.py", line 351, in parse
    loader.exec_module(new_module)
  File "<frozen importlib._bootstrap_external>", line 991, in exec_module
  File "<frozen importlib._bootstrap_external>", line 1129, in get_code
  File "<frozen importlib._bootstrap_external>", line 1059, in source_to_code
  File "<frozen importlib._bootstrap>", line 488, in _call_with_frames_removed
  File "/opt/airflow/dags/connect.py", line 96
    def generate_report(**context):
SyntaxError: expected 'except' or 'finally' block
[2025-11-09T14:14:14.356+0000] {processor.py:842} WARNING - No viable dags retrieved from /opt/airflow/dags/connect.py
[2025-11-09T14:14:14.370+0000] {processor.py:183} INFO - Processing /opt/airflow/dags/connect.py took 0.028 seconds
[2025-11-09T14:14:44.537+0000] {processor.py:161} INFO - Started process (PID=587) to work on /opt/airflow/dags/connect.py
[2025-11-09T14:14:44.538+0000] {processor.py:830} INFO - Processing file /opt/airflow/dags/connect.py for tasks to queue
[2025-11-09T14:14:44.539+0000] {logging_mixin.py:188} INFO - [2025-11-09T14:14:44.539+0000] {dagbag.py:545} INFO - Filling up the DagBag from /opt/airflow/dags/connect.py
[2025-11-09T14:14:44.544+0000] {logging_mixin.py:188} INFO - [2025-11-09T14:14:44.543+0000] {dagbag.py:355} ERROR - Failed to import: /opt/airflow/dags/connect.py
Traceback (most recent call last):
  File "/home/airflow/.local/lib/python3.12/site-packages/airflow/models/dagbag.py", line 351, in parse
    loader.exec_module(new_module)
  File "<frozen importlib._bootstrap_external>", line 991, in exec_module
  File "<frozen importlib._bootstrap_external>", line 1129, in get_code
  File "<frozen importlib._bootstrap_external>", line 1059, in source_to_code
  File "<frozen importlib._bootstrap>", line 488, in _call_with_frames_removed
  File "/opt/airflow/dags/connect.py", line 96
    def generate_report(**context):
SyntaxError: expected 'except' or 'finally' block
[2025-11-09T14:14:44.544+0000] {processor.py:842} WARNING - No viable dags retrieved from /opt/airflow/dags/connect.py
[2025-11-09T14:14:44.561+0000] {processor.py:183} INFO - Processing /opt/airflow/dags/connect.py took 0.030 seconds
[2025-11-09T14:15:14.753+0000] {processor.py:161} INFO - Started process (PID=597) to work on /opt/airflow/dags/connect.py
[2025-11-09T14:15:14.754+0000] {processor.py:830} INFO - Processing file /opt/airflow/dags/connect.py for tasks to queue
[2025-11-09T14:15:14.755+0000] {logging_mixin.py:188} INFO - [2025-11-09T14:15:14.755+0000] {dagbag.py:545} INFO - Filling up the DagBag from /opt/airflow/dags/connect.py
[2025-11-09T14:15:14.759+0000] {logging_mixin.py:188} INFO - [2025-11-09T14:15:14.758+0000] {dagbag.py:355} ERROR - Failed to import: /opt/airflow/dags/connect.py
Traceback (most recent call last):
  File "/home/airflow/.local/lib/python3.12/site-packages/airflow/models/dagbag.py", line 351, in parse
    loader.exec_module(new_module)
  File "<frozen importlib._bootstrap_external>", line 991, in exec_module
  File "<frozen importlib._bootstrap_external>", line 1129, in get_code
  File "<frozen importlib._bootstrap_external>", line 1059, in source_to_code
  File "<frozen importlib._bootstrap>", line 488, in _call_with_frames_removed
  File "/opt/airflow/dags/connect.py", line 96
    def generate_report(**context):
SyntaxError: expected 'except' or 'finally' block
[2025-11-09T14:15:14.760+0000] {processor.py:842} WARNING - No viable dags retrieved from /opt/airflow/dags/connect.py
[2025-11-09T14:15:14.773+0000] {processor.py:183} INFO - Processing /opt/airflow/dags/connect.py took 0.027 seconds
[2025-11-09T14:15:44.941+0000] {processor.py:161} INFO - Started process (PID=607) to work on /opt/airflow/dags/connect.py
[2025-11-09T14:15:44.942+0000] {processor.py:830} INFO - Processing file /opt/airflow/dags/connect.py for tasks to queue
[2025-11-09T14:15:44.943+0000] {logging_mixin.py:188} INFO - [2025-11-09T14:15:44.942+0000] {dagbag.py:545} INFO - Filling up the DagBag from /opt/airflow/dags/connect.py
[2025-11-09T14:15:44.948+0000] {logging_mixin.py:188} INFO - [2025-11-09T14:15:44.947+0000] {dagbag.py:355} ERROR - Failed to import: /opt/airflow/dags/connect.py
Traceback (most recent call last):
  File "/home/airflow/.local/lib/python3.12/site-packages/airflow/models/dagbag.py", line 351, in parse
    loader.exec_module(new_module)
  File "<frozen importlib._bootstrap_external>", line 991, in exec_module
  File "<frozen importlib._bootstrap_external>", line 1129, in get_code
  File "<frozen importlib._bootstrap_external>", line 1059, in source_to_code
  File "<frozen importlib._bootstrap>", line 488, in _call_with_frames_removed
  File "/opt/airflow/dags/connect.py", line 96
    def generate_report(**context):
SyntaxError: expected 'except' or 'finally' block
[2025-11-09T14:15:44.948+0000] {processor.py:842} WARNING - No viable dags retrieved from /opt/airflow/dags/connect.py
[2025-11-09T14:15:44.965+0000] {processor.py:183} INFO - Processing /opt/airflow/dags/connect.py took 0.029 seconds
[2025-11-09T14:16:15.134+0000] {processor.py:161} INFO - Started process (PID=617) to work on /opt/airflow/dags/connect.py
[2025-11-09T14:16:15.135+0000] {processor.py:830} INFO - Processing file /opt/airflow/dags/connect.py for tasks to queue
[2025-11-09T14:16:15.136+0000] {logging_mixin.py:188} INFO - [2025-11-09T14:16:15.135+0000] {dagbag.py:545} INFO - Filling up the DagBag from /opt/airflow/dags/connect.py
[2025-11-09T14:16:15.140+0000] {logging_mixin.py:188} INFO - [2025-11-09T14:16:15.139+0000] {dagbag.py:355} ERROR - Failed to import: /opt/airflow/dags/connect.py
Traceback (most recent call last):
  File "/home/airflow/.local/lib/python3.12/site-packages/airflow/models/dagbag.py", line 351, in parse
    loader.exec_module(new_module)
  File "<frozen importlib._bootstrap_external>", line 991, in exec_module
  File "<frozen importlib._bootstrap_external>", line 1129, in get_code
  File "<frozen importlib._bootstrap_external>", line 1059, in source_to_code
  File "<frozen importlib._bootstrap>", line 488, in _call_with_frames_removed
  File "/opt/airflow/dags/connect.py", line 96
    def generate_report(**context):
SyntaxError: expected 'except' or 'finally' block
[2025-11-09T14:16:15.141+0000] {processor.py:842} WARNING - No viable dags retrieved from /opt/airflow/dags/connect.py
[2025-11-09T14:16:15.155+0000] {processor.py:183} INFO - Processing /opt/airflow/dags/connect.py took 0.028 seconds
[2025-11-09T14:16:45.332+0000] {processor.py:161} INFO - Started process (PID=627) to work on /opt/airflow/dags/connect.py
[2025-11-09T14:16:45.333+0000] {processor.py:830} INFO - Processing file /opt/airflow/dags/connect.py for tasks to queue
[2025-11-09T14:16:45.334+0000] {logging_mixin.py:188} INFO - [2025-11-09T14:16:45.333+0000] {dagbag.py:545} INFO - Filling up the DagBag from /opt/airflow/dags/connect.py
[2025-11-09T14:16:45.338+0000] {logging_mixin.py:188} INFO - [2025-11-09T14:16:45.337+0000] {dagbag.py:355} ERROR - Failed to import: /opt/airflow/dags/connect.py
Traceback (most recent call last):
  File "/home/airflow/.local/lib/python3.12/site-packages/airflow/models/dagbag.py", line 351, in parse
    loader.exec_module(new_module)
  File "<frozen importlib._bootstrap_external>", line 991, in exec_module
  File "<frozen importlib._bootstrap_external>", line 1129, in get_code
  File "<frozen importlib._bootstrap_external>", line 1059, in source_to_code
  File "<frozen importlib._bootstrap>", line 488, in _call_with_frames_removed
  File "/opt/airflow/dags/connect.py", line 96
    def generate_report(**context):
SyntaxError: expected 'except' or 'finally' block
[2025-11-09T14:16:45.338+0000] {processor.py:842} WARNING - No viable dags retrieved from /opt/airflow/dags/connect.py
[2025-11-09T14:16:45.352+0000] {processor.py:183} INFO - Processing /opt/airflow/dags/connect.py took 0.027 seconds
[2025-11-09T14:17:15.527+0000] {processor.py:161} INFO - Started process (PID=637) to work on /opt/airflow/dags/connect.py
[2025-11-09T14:17:15.527+0000] {processor.py:830} INFO - Processing file /opt/airflow/dags/connect.py for tasks to queue
[2025-11-09T14:17:15.528+0000] {logging_mixin.py:188} INFO - [2025-11-09T14:17:15.528+0000] {dagbag.py:545} INFO - Filling up the DagBag from /opt/airflow/dags/connect.py
[2025-11-09T14:17:15.533+0000] {logging_mixin.py:188} INFO - [2025-11-09T14:17:15.533+0000] {dagbag.py:355} ERROR - Failed to import: /opt/airflow/dags/connect.py
Traceback (most recent call last):
  File "/home/airflow/.local/lib/python3.12/site-packages/airflow/models/dagbag.py", line 351, in parse
    loader.exec_module(new_module)
  File "<frozen importlib._bootstrap_external>", line 991, in exec_module
  File "<frozen importlib._bootstrap_external>", line 1129, in get_code
  File "<frozen importlib._bootstrap_external>", line 1059, in source_to_code
  File "<frozen importlib._bootstrap>", line 488, in _call_with_frames_removed
  File "/opt/airflow/dags/connect.py", line 96
    def generate_report(**context):
SyntaxError: expected 'except' or 'finally' block
[2025-11-09T14:17:15.534+0000] {processor.py:842} WARNING - No viable dags retrieved from /opt/airflow/dags/connect.py
[2025-11-09T14:17:15.550+0000] {processor.py:183} INFO - Processing /opt/airflow/dags/connect.py took 0.030 seconds
[2025-11-09T14:17:45.727+0000] {processor.py:161} INFO - Started process (PID=647) to work on /opt/airflow/dags/connect.py
[2025-11-09T14:17:45.728+0000] {processor.py:830} INFO - Processing file /opt/airflow/dags/connect.py for tasks to queue
[2025-11-09T14:17:45.729+0000] {logging_mixin.py:188} INFO - [2025-11-09T14:17:45.728+0000] {dagbag.py:545} INFO - Filling up the DagBag from /opt/airflow/dags/connect.py
[2025-11-09T14:17:45.733+0000] {logging_mixin.py:188} INFO - [2025-11-09T14:17:45.732+0000] {dagbag.py:355} ERROR - Failed to import: /opt/airflow/dags/connect.py
Traceback (most recent call last):
  File "/home/airflow/.local/lib/python3.12/site-packages/airflow/models/dagbag.py", line 351, in parse
    loader.exec_module(new_module)
  File "<frozen importlib._bootstrap_external>", line 991, in exec_module
  File "<frozen importlib._bootstrap_external>", line 1129, in get_code
  File "<frozen importlib._bootstrap_external>", line 1059, in source_to_code
  File "<frozen importlib._bootstrap>", line 488, in _call_with_frames_removed
  File "/opt/airflow/dags/connect.py", line 96
    def generate_report(**context):
SyntaxError: expected 'except' or 'finally' block
[2025-11-09T14:17:45.734+0000] {processor.py:842} WARNING - No viable dags retrieved from /opt/airflow/dags/connect.py
[2025-11-09T14:17:45.749+0000] {processor.py:183} INFO - Processing /opt/airflow/dags/connect.py took 0.026 seconds
[2025-11-09T14:18:15.919+0000] {processor.py:161} INFO - Started process (PID=657) to work on /opt/airflow/dags/connect.py
[2025-11-09T14:18:15.919+0000] {processor.py:830} INFO - Processing file /opt/airflow/dags/connect.py for tasks to queue
[2025-11-09T14:18:15.920+0000] {logging_mixin.py:188} INFO - [2025-11-09T14:18:15.920+0000] {dagbag.py:545} INFO - Filling up the DagBag from /opt/airflow/dags/connect.py
[2025-11-09T14:18:15.924+0000] {logging_mixin.py:188} INFO - [2025-11-09T14:18:15.924+0000] {dagbag.py:355} ERROR - Failed to import: /opt/airflow/dags/connect.py
Traceback (most recent call last):
  File "/home/airflow/.local/lib/python3.12/site-packages/airflow/models/dagbag.py", line 351, in parse
    loader.exec_module(new_module)
  File "<frozen importlib._bootstrap_external>", line 991, in exec_module
  File "<frozen importlib._bootstrap_external>", line 1129, in get_code
  File "<frozen importlib._bootstrap_external>", line 1059, in source_to_code
  File "<frozen importlib._bootstrap>", line 488, in _call_with_frames_removed
  File "/opt/airflow/dags/connect.py", line 96
    def generate_report(**context):
SyntaxError: expected 'except' or 'finally' block
[2025-11-09T14:18:15.925+0000] {processor.py:842} WARNING - No viable dags retrieved from /opt/airflow/dags/connect.py
[2025-11-09T14:18:15.940+0000] {processor.py:183} INFO - Processing /opt/airflow/dags/connect.py took 0.027 seconds
[2025-11-09T14:18:46.119+0000] {processor.py:161} INFO - Started process (PID=667) to work on /opt/airflow/dags/connect.py
[2025-11-09T14:18:46.119+0000] {processor.py:830} INFO - Processing file /opt/airflow/dags/connect.py for tasks to queue
[2025-11-09T14:18:46.120+0000] {logging_mixin.py:188} INFO - [2025-11-09T14:18:46.120+0000] {dagbag.py:545} INFO - Filling up the DagBag from /opt/airflow/dags/connect.py
[2025-11-09T14:18:46.124+0000] {logging_mixin.py:188} INFO - [2025-11-09T14:18:46.124+0000] {dagbag.py:355} ERROR - Failed to import: /opt/airflow/dags/connect.py
Traceback (most recent call last):
  File "/home/airflow/.local/lib/python3.12/site-packages/airflow/models/dagbag.py", line 351, in parse
    loader.exec_module(new_module)
  File "<frozen importlib._bootstrap_external>", line 991, in exec_module
  File "<frozen importlib._bootstrap_external>", line 1129, in get_code
  File "<frozen importlib._bootstrap_external>", line 1059, in source_to_code
  File "<frozen importlib._bootstrap>", line 488, in _call_with_frames_removed
  File "/opt/airflow/dags/connect.py", line 96
    def generate_report(**context):
SyntaxError: expected 'except' or 'finally' block
[2025-11-09T14:18:46.125+0000] {processor.py:842} WARNING - No viable dags retrieved from /opt/airflow/dags/connect.py
[2025-11-09T14:18:46.139+0000] {processor.py:183} INFO - Processing /opt/airflow/dags/connect.py took 0.026 seconds
[2025-11-09T14:19:16.358+0000] {processor.py:161} INFO - Started process (PID=677) to work on /opt/airflow/dags/connect.py
[2025-11-09T14:19:16.358+0000] {processor.py:830} INFO - Processing file /opt/airflow/dags/connect.py for tasks to queue
[2025-11-09T14:19:16.359+0000] {logging_mixin.py:188} INFO - [2025-11-09T14:19:16.359+0000] {dagbag.py:545} INFO - Filling up the DagBag from /opt/airflow/dags/connect.py
[2025-11-09T14:19:16.363+0000] {logging_mixin.py:188} INFO - [2025-11-09T14:19:16.362+0000] {dagbag.py:355} ERROR - Failed to import: /opt/airflow/dags/connect.py
Traceback (most recent call last):
  File "/home/airflow/.local/lib/python3.12/site-packages/airflow/models/dagbag.py", line 351, in parse
    loader.exec_module(new_module)
  File "<frozen importlib._bootstrap_external>", line 991, in exec_module
  File "<frozen importlib._bootstrap_external>", line 1129, in get_code
  File "<frozen importlib._bootstrap_external>", line 1059, in source_to_code
  File "<frozen importlib._bootstrap>", line 488, in _call_with_frames_removed
  File "/opt/airflow/dags/connect.py", line 96
    def generate_report(**context):
SyntaxError: expected 'except' or 'finally' block
[2025-11-09T14:19:16.364+0000] {processor.py:842} WARNING - No viable dags retrieved from /opt/airflow/dags/connect.py
[2025-11-09T14:19:16.378+0000] {processor.py:183} INFO - Processing /opt/airflow/dags/connect.py took 0.025 seconds
[2025-11-09T14:19:46.544+0000] {processor.py:161} INFO - Started process (PID=687) to work on /opt/airflow/dags/connect.py
[2025-11-09T14:19:46.545+0000] {processor.py:830} INFO - Processing file /opt/airflow/dags/connect.py for tasks to queue
[2025-11-09T14:19:46.546+0000] {logging_mixin.py:188} INFO - [2025-11-09T14:19:46.545+0000] {dagbag.py:545} INFO - Filling up the DagBag from /opt/airflow/dags/connect.py
[2025-11-09T14:19:46.550+0000] {logging_mixin.py:188} INFO - [2025-11-09T14:19:46.549+0000] {dagbag.py:355} ERROR - Failed to import: /opt/airflow/dags/connect.py
Traceback (most recent call last):
  File "/home/airflow/.local/lib/python3.12/site-packages/airflow/models/dagbag.py", line 351, in parse
    loader.exec_module(new_module)
  File "<frozen importlib._bootstrap_external>", line 991, in exec_module
  File "<frozen importlib._bootstrap_external>", line 1129, in get_code
  File "<frozen importlib._bootstrap_external>", line 1059, in source_to_code
  File "<frozen importlib._bootstrap>", line 488, in _call_with_frames_removed
  File "/opt/airflow/dags/connect.py", line 96
    def generate_report(**context):
SyntaxError: expected 'except' or 'finally' block
[2025-11-09T14:19:46.551+0000] {processor.py:842} WARNING - No viable dags retrieved from /opt/airflow/dags/connect.py
[2025-11-09T14:19:46.566+0000] {processor.py:183} INFO - Processing /opt/airflow/dags/connect.py took 0.028 seconds
[2025-11-09T14:20:16.727+0000] {processor.py:161} INFO - Started process (PID=697) to work on /opt/airflow/dags/connect.py
[2025-11-09T14:20:16.728+0000] {processor.py:830} INFO - Processing file /opt/airflow/dags/connect.py for tasks to queue
[2025-11-09T14:20:16.729+0000] {logging_mixin.py:188} INFO - [2025-11-09T14:20:16.728+0000] {dagbag.py:545} INFO - Filling up the DagBag from /opt/airflow/dags/connect.py
[2025-11-09T14:20:16.734+0000] {logging_mixin.py:188} INFO - [2025-11-09T14:20:16.733+0000] {dagbag.py:355} ERROR - Failed to import: /opt/airflow/dags/connect.py
Traceback (most recent call last):
  File "/home/airflow/.local/lib/python3.12/site-packages/airflow/models/dagbag.py", line 351, in parse
    loader.exec_module(new_module)
  File "<frozen importlib._bootstrap_external>", line 991, in exec_module
  File "<frozen importlib._bootstrap_external>", line 1129, in get_code
  File "<frozen importlib._bootstrap_external>", line 1059, in source_to_code
  File "<frozen importlib._bootstrap>", line 488, in _call_with_frames_removed
  File "/opt/airflow/dags/connect.py", line 96
    def generate_report(**context):
SyntaxError: expected 'except' or 'finally' block
[2025-11-09T14:20:16.735+0000] {processor.py:842} WARNING - No viable dags retrieved from /opt/airflow/dags/connect.py
[2025-11-09T14:20:16.753+0000] {processor.py:183} INFO - Processing /opt/airflow/dags/connect.py took 0.032 seconds
[2025-11-09T14:20:46.922+0000] {processor.py:161} INFO - Started process (PID=707) to work on /opt/airflow/dags/connect.py
[2025-11-09T14:20:46.923+0000] {processor.py:830} INFO - Processing file /opt/airflow/dags/connect.py for tasks to queue
[2025-11-09T14:20:46.924+0000] {logging_mixin.py:188} INFO - [2025-11-09T14:20:46.924+0000] {dagbag.py:545} INFO - Filling up the DagBag from /opt/airflow/dags/connect.py
[2025-11-09T14:20:46.928+0000] {logging_mixin.py:188} INFO - [2025-11-09T14:20:46.927+0000] {dagbag.py:355} ERROR - Failed to import: /opt/airflow/dags/connect.py
Traceback (most recent call last):
  File "/home/airflow/.local/lib/python3.12/site-packages/airflow/models/dagbag.py", line 351, in parse
    loader.exec_module(new_module)
  File "<frozen importlib._bootstrap_external>", line 991, in exec_module
  File "<frozen importlib._bootstrap_external>", line 1129, in get_code
  File "<frozen importlib._bootstrap_external>", line 1059, in source_to_code
  File "<frozen importlib._bootstrap>", line 488, in _call_with_frames_removed
  File "/opt/airflow/dags/connect.py", line 96
    def generate_report(**context):
SyntaxError: expected 'except' or 'finally' block
[2025-11-09T14:20:46.929+0000] {processor.py:842} WARNING - No viable dags retrieved from /opt/airflow/dags/connect.py
[2025-11-09T14:20:46.943+0000] {processor.py:183} INFO - Processing /opt/airflow/dags/connect.py took 0.026 seconds
[2025-11-09T14:21:17.162+0000] {processor.py:161} INFO - Started process (PID=717) to work on /opt/airflow/dags/connect.py
[2025-11-09T14:21:17.162+0000] {processor.py:830} INFO - Processing file /opt/airflow/dags/connect.py for tasks to queue
[2025-11-09T14:21:17.163+0000] {logging_mixin.py:188} INFO - [2025-11-09T14:21:17.163+0000] {dagbag.py:545} INFO - Filling up the DagBag from /opt/airflow/dags/connect.py
[2025-11-09T14:21:17.167+0000] {logging_mixin.py:188} INFO - [2025-11-09T14:21:17.166+0000] {dagbag.py:355} ERROR - Failed to import: /opt/airflow/dags/connect.py
Traceback (most recent call last):
  File "/home/airflow/.local/lib/python3.12/site-packages/airflow/models/dagbag.py", line 351, in parse
    loader.exec_module(new_module)
  File "<frozen importlib._bootstrap_external>", line 991, in exec_module
  File "<frozen importlib._bootstrap_external>", line 1129, in get_code
  File "<frozen importlib._bootstrap_external>", line 1059, in source_to_code
  File "<frozen importlib._bootstrap>", line 488, in _call_with_frames_removed
  File "/opt/airflow/dags/connect.py", line 96
    def generate_report(**context):
SyntaxError: expected 'except' or 'finally' block
[2025-11-09T14:21:17.168+0000] {processor.py:842} WARNING - No viable dags retrieved from /opt/airflow/dags/connect.py
[2025-11-09T14:21:17.182+0000] {processor.py:183} INFO - Processing /opt/airflow/dags/connect.py took 0.027 seconds
[2025-11-09T14:21:47.353+0000] {processor.py:161} INFO - Started process (PID=727) to work on /opt/airflow/dags/connect.py
[2025-11-09T14:21:47.354+0000] {processor.py:830} INFO - Processing file /opt/airflow/dags/connect.py for tasks to queue
[2025-11-09T14:21:47.355+0000] {logging_mixin.py:188} INFO - [2025-11-09T14:21:47.355+0000] {dagbag.py:545} INFO - Filling up the DagBag from /opt/airflow/dags/connect.py
[2025-11-09T14:21:47.359+0000] {logging_mixin.py:188} INFO - [2025-11-09T14:21:47.358+0000] {dagbag.py:355} ERROR - Failed to import: /opt/airflow/dags/connect.py
Traceback (most recent call last):
  File "/home/airflow/.local/lib/python3.12/site-packages/airflow/models/dagbag.py", line 351, in parse
    loader.exec_module(new_module)
  File "<frozen importlib._bootstrap_external>", line 991, in exec_module
  File "<frozen importlib._bootstrap_external>", line 1129, in get_code
  File "<frozen importlib._bootstrap_external>", line 1059, in source_to_code
  File "<frozen importlib._bootstrap>", line 488, in _call_with_frames_removed
  File "/opt/airflow/dags/connect.py", line 96
    def generate_report(**context):
SyntaxError: expected 'except' or 'finally' block
[2025-11-09T14:21:47.360+0000] {processor.py:842} WARNING - No viable dags retrieved from /opt/airflow/dags/connect.py
[2025-11-09T14:21:47.384+0000] {processor.py:183} INFO - Processing /opt/airflow/dags/connect.py took 0.038 seconds
[2025-11-09T14:22:17.564+0000] {processor.py:161} INFO - Started process (PID=737) to work on /opt/airflow/dags/connect.py
[2025-11-09T14:22:17.564+0000] {processor.py:830} INFO - Processing file /opt/airflow/dags/connect.py for tasks to queue
[2025-11-09T14:22:17.566+0000] {logging_mixin.py:188} INFO - [2025-11-09T14:22:17.565+0000] {dagbag.py:545} INFO - Filling up the DagBag from /opt/airflow/dags/connect.py
[2025-11-09T14:22:17.572+0000] {logging_mixin.py:188} INFO - [2025-11-09T14:22:17.570+0000] {dagbag.py:355} ERROR - Failed to import: /opt/airflow/dags/connect.py
Traceback (most recent call last):
  File "/home/airflow/.local/lib/python3.12/site-packages/airflow/models/dagbag.py", line 351, in parse
    loader.exec_module(new_module)
  File "<frozen importlib._bootstrap_external>", line 991, in exec_module
  File "<frozen importlib._bootstrap_external>", line 1129, in get_code
  File "<frozen importlib._bootstrap_external>", line 1059, in source_to_code
  File "<frozen importlib._bootstrap>", line 488, in _call_with_frames_removed
  File "/opt/airflow/dags/connect.py", line 96
    def generate_report(**context):
SyntaxError: expected 'except' or 'finally' block
[2025-11-09T14:22:17.574+0000] {processor.py:842} WARNING - No viable dags retrieved from /opt/airflow/dags/connect.py
[2025-11-09T14:22:17.591+0000] {processor.py:183} INFO - Processing /opt/airflow/dags/connect.py took 0.032 seconds
[2025-11-09T14:22:47.758+0000] {processor.py:161} INFO - Started process (PID=747) to work on /opt/airflow/dags/connect.py
[2025-11-09T14:22:47.759+0000] {processor.py:830} INFO - Processing file /opt/airflow/dags/connect.py for tasks to queue
[2025-11-09T14:22:47.759+0000] {logging_mixin.py:188} INFO - [2025-11-09T14:22:47.759+0000] {dagbag.py:545} INFO - Filling up the DagBag from /opt/airflow/dags/connect.py
[2025-11-09T14:22:47.764+0000] {logging_mixin.py:188} INFO - [2025-11-09T14:22:47.763+0000] {dagbag.py:355} ERROR - Failed to import: /opt/airflow/dags/connect.py
Traceback (most recent call last):
  File "/home/airflow/.local/lib/python3.12/site-packages/airflow/models/dagbag.py", line 351, in parse
    loader.exec_module(new_module)
  File "<frozen importlib._bootstrap_external>", line 991, in exec_module
  File "<frozen importlib._bootstrap_external>", line 1129, in get_code
  File "<frozen importlib._bootstrap_external>", line 1059, in source_to_code
  File "<frozen importlib._bootstrap>", line 488, in _call_with_frames_removed
  File "/opt/airflow/dags/connect.py", line 96
    def generate_report(**context):
SyntaxError: expected 'except' or 'finally' block
[2025-11-09T14:22:47.765+0000] {processor.py:842} WARNING - No viable dags retrieved from /opt/airflow/dags/connect.py
[2025-11-09T14:22:47.779+0000] {processor.py:183} INFO - Processing /opt/airflow/dags/connect.py took 0.029 seconds
[2025-11-09T14:23:17.959+0000] {processor.py:161} INFO - Started process (PID=757) to work on /opt/airflow/dags/connect.py
[2025-11-09T14:23:17.960+0000] {processor.py:830} INFO - Processing file /opt/airflow/dags/connect.py for tasks to queue
[2025-11-09T14:23:17.962+0000] {logging_mixin.py:188} INFO - [2025-11-09T14:23:17.961+0000] {dagbag.py:545} INFO - Filling up the DagBag from /opt/airflow/dags/connect.py
[2025-11-09T14:23:17.966+0000] {logging_mixin.py:188} INFO - [2025-11-09T14:23:17.966+0000] {dagbag.py:355} ERROR - Failed to import: /opt/airflow/dags/connect.py
Traceback (most recent call last):
  File "/home/airflow/.local/lib/python3.12/site-packages/airflow/models/dagbag.py", line 351, in parse
    loader.exec_module(new_module)
  File "<frozen importlib._bootstrap_external>", line 991, in exec_module
  File "<frozen importlib._bootstrap_external>", line 1129, in get_code
  File "<frozen importlib._bootstrap_external>", line 1059, in source_to_code
  File "<frozen importlib._bootstrap>", line 488, in _call_with_frames_removed
  File "/opt/airflow/dags/connect.py", line 96
    def generate_report(**context):
SyntaxError: expected 'except' or 'finally' block
[2025-11-09T14:23:17.967+0000] {processor.py:842} WARNING - No viable dags retrieved from /opt/airflow/dags/connect.py
[2025-11-09T14:23:17.981+0000] {processor.py:183} INFO - Processing /opt/airflow/dags/connect.py took 0.028 seconds
[2025-11-09T14:23:48.159+0000] {processor.py:161} INFO - Started process (PID=767) to work on /opt/airflow/dags/connect.py
[2025-11-09T14:23:48.160+0000] {processor.py:830} INFO - Processing file /opt/airflow/dags/connect.py for tasks to queue
[2025-11-09T14:23:48.161+0000] {logging_mixin.py:188} INFO - [2025-11-09T14:23:48.161+0000] {dagbag.py:545} INFO - Filling up the DagBag from /opt/airflow/dags/connect.py
[2025-11-09T14:23:48.167+0000] {logging_mixin.py:188} INFO - [2025-11-09T14:23:48.166+0000] {dagbag.py:355} ERROR - Failed to import: /opt/airflow/dags/connect.py
Traceback (most recent call last):
  File "/home/airflow/.local/lib/python3.12/site-packages/airflow/models/dagbag.py", line 351, in parse
    loader.exec_module(new_module)
  File "<frozen importlib._bootstrap_external>", line 991, in exec_module
  File "<frozen importlib._bootstrap_external>", line 1129, in get_code
  File "<frozen importlib._bootstrap_external>", line 1059, in source_to_code
  File "<frozen importlib._bootstrap>", line 488, in _call_with_frames_removed
  File "/opt/airflow/dags/connect.py", line 96
    def generate_report(**context):
SyntaxError: expected 'except' or 'finally' block
[2025-11-09T14:23:48.167+0000] {processor.py:842} WARNING - No viable dags retrieved from /opt/airflow/dags/connect.py
[2025-11-09T14:23:48.182+0000] {processor.py:183} INFO - Processing /opt/airflow/dags/connect.py took 0.036 seconds
[2025-11-09T14:24:18.392+0000] {processor.py:161} INFO - Started process (PID=777) to work on /opt/airflow/dags/connect.py
[2025-11-09T14:24:18.393+0000] {processor.py:830} INFO - Processing file /opt/airflow/dags/connect.py for tasks to queue
[2025-11-09T14:24:18.394+0000] {logging_mixin.py:188} INFO - [2025-11-09T14:24:18.393+0000] {dagbag.py:545} INFO - Filling up the DagBag from /opt/airflow/dags/connect.py
[2025-11-09T14:24:18.398+0000] {logging_mixin.py:188} INFO - [2025-11-09T14:24:18.397+0000] {dagbag.py:355} ERROR - Failed to import: /opt/airflow/dags/connect.py
Traceback (most recent call last):
  File "/home/airflow/.local/lib/python3.12/site-packages/airflow/models/dagbag.py", line 351, in parse
    loader.exec_module(new_module)
  File "<frozen importlib._bootstrap_external>", line 991, in exec_module
  File "<frozen importlib._bootstrap_external>", line 1129, in get_code
  File "<frozen importlib._bootstrap_external>", line 1059, in source_to_code
  File "<frozen importlib._bootstrap>", line 488, in _call_with_frames_removed
  File "/opt/airflow/dags/connect.py", line 96
    def generate_report(**context):
SyntaxError: expected 'except' or 'finally' block
[2025-11-09T14:24:18.398+0000] {processor.py:842} WARNING - No viable dags retrieved from /opt/airflow/dags/connect.py
[2025-11-09T14:24:18.413+0000] {processor.py:183} INFO - Processing /opt/airflow/dags/connect.py took 0.027 seconds
[2025-11-09T14:24:48.581+0000] {processor.py:161} INFO - Started process (PID=787) to work on /opt/airflow/dags/connect.py
[2025-11-09T14:24:48.582+0000] {processor.py:830} INFO - Processing file /opt/airflow/dags/connect.py for tasks to queue
[2025-11-09T14:24:48.583+0000] {logging_mixin.py:188} INFO - [2025-11-09T14:24:48.582+0000] {dagbag.py:545} INFO - Filling up the DagBag from /opt/airflow/dags/connect.py
[2025-11-09T14:24:48.587+0000] {logging_mixin.py:188} INFO - [2025-11-09T14:24:48.586+0000] {dagbag.py:355} ERROR - Failed to import: /opt/airflow/dags/connect.py
Traceback (most recent call last):
  File "/home/airflow/.local/lib/python3.12/site-packages/airflow/models/dagbag.py", line 351, in parse
    loader.exec_module(new_module)
  File "<frozen importlib._bootstrap_external>", line 991, in exec_module
  File "<frozen importlib._bootstrap_external>", line 1129, in get_code
  File "<frozen importlib._bootstrap_external>", line 1059, in source_to_code
  File "<frozen importlib._bootstrap>", line 488, in _call_with_frames_removed
  File "/opt/airflow/dags/connect.py", line 96
    def generate_report(**context):
SyntaxError: expected 'except' or 'finally' block
[2025-11-09T14:24:48.587+0000] {processor.py:842} WARNING - No viable dags retrieved from /opt/airflow/dags/connect.py
[2025-11-09T14:24:48.602+0000] {processor.py:183} INFO - Processing /opt/airflow/dags/connect.py took 0.027 seconds
[2025-11-09T14:25:18.768+0000] {processor.py:161} INFO - Started process (PID=797) to work on /opt/airflow/dags/connect.py
[2025-11-09T14:25:18.769+0000] {processor.py:830} INFO - Processing file /opt/airflow/dags/connect.py for tasks to queue
[2025-11-09T14:25:18.770+0000] {logging_mixin.py:188} INFO - [2025-11-09T14:25:18.769+0000] {dagbag.py:545} INFO - Filling up the DagBag from /opt/airflow/dags/connect.py
[2025-11-09T14:25:18.774+0000] {logging_mixin.py:188} INFO - [2025-11-09T14:25:18.774+0000] {dagbag.py:355} ERROR - Failed to import: /opt/airflow/dags/connect.py
Traceback (most recent call last):
  File "/home/airflow/.local/lib/python3.12/site-packages/airflow/models/dagbag.py", line 351, in parse
    loader.exec_module(new_module)
  File "<frozen importlib._bootstrap_external>", line 991, in exec_module
  File "<frozen importlib._bootstrap_external>", line 1129, in get_code
  File "<frozen importlib._bootstrap_external>", line 1059, in source_to_code
  File "<frozen importlib._bootstrap>", line 488, in _call_with_frames_removed
  File "/opt/airflow/dags/connect.py", line 96
    def generate_report(**context):
SyntaxError: expected 'except' or 'finally' block
[2025-11-09T14:25:18.775+0000] {processor.py:842} WARNING - No viable dags retrieved from /opt/airflow/dags/connect.py
[2025-11-09T14:25:18.789+0000] {processor.py:183} INFO - Processing /opt/airflow/dags/connect.py took 0.027 seconds
[2025-11-09T14:25:48.951+0000] {processor.py:161} INFO - Started process (PID=807) to work on /opt/airflow/dags/connect.py
[2025-11-09T14:25:48.951+0000] {processor.py:830} INFO - Processing file /opt/airflow/dags/connect.py for tasks to queue
[2025-11-09T14:25:48.952+0000] {logging_mixin.py:188} INFO - [2025-11-09T14:25:48.952+0000] {dagbag.py:545} INFO - Filling up the DagBag from /opt/airflow/dags/connect.py
[2025-11-09T14:25:48.958+0000] {logging_mixin.py:188} INFO - [2025-11-09T14:25:48.957+0000] {dagbag.py:355} ERROR - Failed to import: /opt/airflow/dags/connect.py
Traceback (most recent call last):
  File "/home/airflow/.local/lib/python3.12/site-packages/airflow/models/dagbag.py", line 351, in parse
    loader.exec_module(new_module)
  File "<frozen importlib._bootstrap_external>", line 991, in exec_module
  File "<frozen importlib._bootstrap_external>", line 1129, in get_code
  File "<frozen importlib._bootstrap_external>", line 1059, in source_to_code
  File "<frozen importlib._bootstrap>", line 488, in _call_with_frames_removed
  File "/opt/airflow/dags/connect.py", line 96
    def generate_report(**context):
SyntaxError: expected 'except' or 'finally' block
[2025-11-09T14:25:48.959+0000] {processor.py:842} WARNING - No viable dags retrieved from /opt/airflow/dags/connect.py
[2025-11-09T14:25:48.974+0000] {processor.py:183} INFO - Processing /opt/airflow/dags/connect.py took 0.028 seconds
[2025-11-09T14:26:19.157+0000] {processor.py:161} INFO - Started process (PID=817) to work on /opt/airflow/dags/connect.py
[2025-11-09T14:26:19.159+0000] {processor.py:830} INFO - Processing file /opt/airflow/dags/connect.py for tasks to queue
[2025-11-09T14:26:19.162+0000] {logging_mixin.py:188} INFO - [2025-11-09T14:26:19.161+0000] {dagbag.py:545} INFO - Filling up the DagBag from /opt/airflow/dags/connect.py
[2025-11-09T14:26:19.175+0000] {logging_mixin.py:188} INFO - [2025-11-09T14:26:19.172+0000] {dagbag.py:355} ERROR - Failed to import: /opt/airflow/dags/connect.py
Traceback (most recent call last):
  File "/home/airflow/.local/lib/python3.12/site-packages/airflow/models/dagbag.py", line 351, in parse
    loader.exec_module(new_module)
  File "<frozen importlib._bootstrap_external>", line 991, in exec_module
  File "<frozen importlib._bootstrap_external>", line 1129, in get_code
  File "<frozen importlib._bootstrap_external>", line 1059, in source_to_code
  File "<frozen importlib._bootstrap>", line 488, in _call_with_frames_removed
  File "/opt/airflow/dags/connect.py", line 96
    def generate_report(**context):
SyntaxError: expected 'except' or 'finally' block
[2025-11-09T14:26:19.176+0000] {processor.py:842} WARNING - No viable dags retrieved from /opt/airflow/dags/connect.py
[2025-11-09T14:26:19.196+0000] {processor.py:183} INFO - Processing /opt/airflow/dags/connect.py took 0.052 seconds
[2025-11-09T14:26:49.377+0000] {processor.py:161} INFO - Started process (PID=827) to work on /opt/airflow/dags/connect.py
[2025-11-09T14:26:49.378+0000] {processor.py:830} INFO - Processing file /opt/airflow/dags/connect.py for tasks to queue
[2025-11-09T14:26:49.379+0000] {logging_mixin.py:188} INFO - [2025-11-09T14:26:49.379+0000] {dagbag.py:545} INFO - Filling up the DagBag from /opt/airflow/dags/connect.py
[2025-11-09T14:26:49.384+0000] {logging_mixin.py:188} INFO - [2025-11-09T14:26:49.383+0000] {dagbag.py:355} ERROR - Failed to import: /opt/airflow/dags/connect.py
Traceback (most recent call last):
  File "/home/airflow/.local/lib/python3.12/site-packages/airflow/models/dagbag.py", line 351, in parse
    loader.exec_module(new_module)
  File "<frozen importlib._bootstrap_external>", line 991, in exec_module
  File "<frozen importlib._bootstrap_external>", line 1129, in get_code
  File "<frozen importlib._bootstrap_external>", line 1059, in source_to_code
  File "<frozen importlib._bootstrap>", line 488, in _call_with_frames_removed
  File "/opt/airflow/dags/connect.py", line 96
    def generate_report(**context):
SyntaxError: expected 'except' or 'finally' block
[2025-11-09T14:26:49.384+0000] {processor.py:842} WARNING - No viable dags retrieved from /opt/airflow/dags/connect.py
[2025-11-09T14:26:49.399+0000] {processor.py:183} INFO - Processing /opt/airflow/dags/connect.py took 0.028 seconds
[2025-11-09T14:27:19.563+0000] {processor.py:161} INFO - Started process (PID=837) to work on /opt/airflow/dags/connect.py
[2025-11-09T14:27:19.564+0000] {processor.py:830} INFO - Processing file /opt/airflow/dags/connect.py for tasks to queue
[2025-11-09T14:27:19.565+0000] {logging_mixin.py:188} INFO - [2025-11-09T14:27:19.564+0000] {dagbag.py:545} INFO - Filling up the DagBag from /opt/airflow/dags/connect.py
[2025-11-09T14:27:19.569+0000] {logging_mixin.py:188} INFO - [2025-11-09T14:27:19.568+0000] {dagbag.py:355} ERROR - Failed to import: /opt/airflow/dags/connect.py
Traceback (most recent call last):
  File "/home/airflow/.local/lib/python3.12/site-packages/airflow/models/dagbag.py", line 351, in parse
    loader.exec_module(new_module)
  File "<frozen importlib._bootstrap_external>", line 991, in exec_module
  File "<frozen importlib._bootstrap_external>", line 1129, in get_code
  File "<frozen importlib._bootstrap_external>", line 1059, in source_to_code
  File "<frozen importlib._bootstrap>", line 488, in _call_with_frames_removed
  File "/opt/airflow/dags/connect.py", line 96
    def generate_report(**context):
SyntaxError: expected 'except' or 'finally' block
[2025-11-09T14:27:19.570+0000] {processor.py:842} WARNING - No viable dags retrieved from /opt/airflow/dags/connect.py
[2025-11-09T14:27:19.585+0000] {processor.py:183} INFO - Processing /opt/airflow/dags/connect.py took 0.030 seconds
[2025-11-09T14:27:49.745+0000] {processor.py:161} INFO - Started process (PID=847) to work on /opt/airflow/dags/connect.py
[2025-11-09T14:27:49.746+0000] {processor.py:830} INFO - Processing file /opt/airflow/dags/connect.py for tasks to queue
[2025-11-09T14:27:49.747+0000] {logging_mixin.py:188} INFO - [2025-11-09T14:27:49.746+0000] {dagbag.py:545} INFO - Filling up the DagBag from /opt/airflow/dags/connect.py
[2025-11-09T14:27:49.751+0000] {logging_mixin.py:188} INFO - [2025-11-09T14:27:49.750+0000] {dagbag.py:355} ERROR - Failed to import: /opt/airflow/dags/connect.py
Traceback (most recent call last):
  File "/home/airflow/.local/lib/python3.12/site-packages/airflow/models/dagbag.py", line 351, in parse
    loader.exec_module(new_module)
  File "<frozen importlib._bootstrap_external>", line 991, in exec_module
  File "<frozen importlib._bootstrap_external>", line 1129, in get_code
  File "<frozen importlib._bootstrap_external>", line 1059, in source_to_code
  File "<frozen importlib._bootstrap>", line 488, in _call_with_frames_removed
  File "/opt/airflow/dags/connect.py", line 96
    def generate_report(**context):
SyntaxError: expected 'except' or 'finally' block
[2025-11-09T14:27:49.751+0000] {processor.py:842} WARNING - No viable dags retrieved from /opt/airflow/dags/connect.py
[2025-11-09T14:27:49.765+0000] {processor.py:183} INFO - Processing /opt/airflow/dags/connect.py took 0.025 seconds
[2025-11-09T14:28:19.942+0000] {processor.py:161} INFO - Started process (PID=857) to work on /opt/airflow/dags/connect.py
[2025-11-09T14:28:19.943+0000] {processor.py:830} INFO - Processing file /opt/airflow/dags/connect.py for tasks to queue
[2025-11-09T14:28:19.945+0000] {logging_mixin.py:188} INFO - [2025-11-09T14:28:19.944+0000] {dagbag.py:545} INFO - Filling up the DagBag from /opt/airflow/dags/connect.py
[2025-11-09T14:28:19.950+0000] {logging_mixin.py:188} INFO - [2025-11-09T14:28:19.949+0000] {dagbag.py:355} ERROR - Failed to import: /opt/airflow/dags/connect.py
Traceback (most recent call last):
  File "/home/airflow/.local/lib/python3.12/site-packages/airflow/models/dagbag.py", line 351, in parse
    loader.exec_module(new_module)
  File "<frozen importlib._bootstrap_external>", line 991, in exec_module
  File "<frozen importlib._bootstrap_external>", line 1129, in get_code
  File "<frozen importlib._bootstrap_external>", line 1059, in source_to_code
  File "<frozen importlib._bootstrap>", line 488, in _call_with_frames_removed
  File "/opt/airflow/dags/connect.py", line 96
    def generate_report(**context):
SyntaxError: expected 'except' or 'finally' block
[2025-11-09T14:28:19.951+0000] {processor.py:842} WARNING - No viable dags retrieved from /opt/airflow/dags/connect.py
[2025-11-09T14:28:19.969+0000] {processor.py:183} INFO - Processing /opt/airflow/dags/connect.py took 0.036 seconds
[2025-11-09T14:28:50.152+0000] {processor.py:161} INFO - Started process (PID=867) to work on /opt/airflow/dags/connect.py
[2025-11-09T14:28:50.153+0000] {processor.py:830} INFO - Processing file /opt/airflow/dags/connect.py for tasks to queue
[2025-11-09T14:28:50.155+0000] {logging_mixin.py:188} INFO - [2025-11-09T14:28:50.154+0000] {dagbag.py:545} INFO - Filling up the DagBag from /opt/airflow/dags/connect.py
[2025-11-09T14:28:50.160+0000] {logging_mixin.py:188} INFO - [2025-11-09T14:28:50.159+0000] {dagbag.py:355} ERROR - Failed to import: /opt/airflow/dags/connect.py
Traceback (most recent call last):
  File "/home/airflow/.local/lib/python3.12/site-packages/airflow/models/dagbag.py", line 351, in parse
    loader.exec_module(new_module)
  File "<frozen importlib._bootstrap_external>", line 991, in exec_module
  File "<frozen importlib._bootstrap_external>", line 1129, in get_code
  File "<frozen importlib._bootstrap_external>", line 1059, in source_to_code
  File "<frozen importlib._bootstrap>", line 488, in _call_with_frames_removed
  File "/opt/airflow/dags/connect.py", line 96
    def generate_report(**context):
SyntaxError: expected 'except' or 'finally' block
[2025-11-09T14:28:50.161+0000] {processor.py:842} WARNING - No viable dags retrieved from /opt/airflow/dags/connect.py
[2025-11-09T14:28:50.178+0000] {processor.py:183} INFO - Processing /opt/airflow/dags/connect.py took 0.033 seconds
[2025-11-09T14:29:20.353+0000] {processor.py:161} INFO - Started process (PID=877) to work on /opt/airflow/dags/connect.py
[2025-11-09T14:29:20.354+0000] {processor.py:830} INFO - Processing file /opt/airflow/dags/connect.py for tasks to queue
[2025-11-09T14:29:20.355+0000] {logging_mixin.py:188} INFO - [2025-11-09T14:29:20.354+0000] {dagbag.py:545} INFO - Filling up the DagBag from /opt/airflow/dags/connect.py
[2025-11-09T14:29:20.359+0000] {logging_mixin.py:188} INFO - [2025-11-09T14:29:20.358+0000] {dagbag.py:355} ERROR - Failed to import: /opt/airflow/dags/connect.py
Traceback (most recent call last):
  File "/home/airflow/.local/lib/python3.12/site-packages/airflow/models/dagbag.py", line 351, in parse
    loader.exec_module(new_module)
  File "<frozen importlib._bootstrap_external>", line 991, in exec_module
  File "<frozen importlib._bootstrap_external>", line 1129, in get_code
  File "<frozen importlib._bootstrap_external>", line 1059, in source_to_code
  File "<frozen importlib._bootstrap>", line 488, in _call_with_frames_removed
  File "/opt/airflow/dags/connect.py", line 96
    def generate_report(**context):
SyntaxError: expected 'except' or 'finally' block
[2025-11-09T14:29:20.360+0000] {processor.py:842} WARNING - No viable dags retrieved from /opt/airflow/dags/connect.py
[2025-11-09T14:29:20.375+0000] {processor.py:183} INFO - Processing /opt/airflow/dags/connect.py took 0.027 seconds
[2025-11-09T14:29:50.548+0000] {processor.py:161} INFO - Started process (PID=887) to work on /opt/airflow/dags/connect.py
[2025-11-09T14:29:50.549+0000] {processor.py:830} INFO - Processing file /opt/airflow/dags/connect.py for tasks to queue
[2025-11-09T14:29:50.551+0000] {logging_mixin.py:188} INFO - [2025-11-09T14:29:50.550+0000] {dagbag.py:545} INFO - Filling up the DagBag from /opt/airflow/dags/connect.py
[2025-11-09T14:29:50.559+0000] {logging_mixin.py:188} INFO - [2025-11-09T14:29:50.558+0000] {dagbag.py:355} ERROR - Failed to import: /opt/airflow/dags/connect.py
Traceback (most recent call last):
  File "/home/airflow/.local/lib/python3.12/site-packages/airflow/models/dagbag.py", line 351, in parse
    loader.exec_module(new_module)
  File "<frozen importlib._bootstrap_external>", line 991, in exec_module
  File "<frozen importlib._bootstrap_external>", line 1129, in get_code
  File "<frozen importlib._bootstrap_external>", line 1059, in source_to_code
  File "<frozen importlib._bootstrap>", line 488, in _call_with_frames_removed
  File "/opt/airflow/dags/connect.py", line 96
    def generate_report(**context):
SyntaxError: expected 'except' or 'finally' block
[2025-11-09T14:29:50.560+0000] {processor.py:842} WARNING - No viable dags retrieved from /opt/airflow/dags/connect.py
[2025-11-09T14:29:50.576+0000] {processor.py:183} INFO - Processing /opt/airflow/dags/connect.py took 0.034 seconds
[2025-11-09T14:30:20.787+0000] {processor.py:161} INFO - Started process (PID=897) to work on /opt/airflow/dags/connect.py
[2025-11-09T14:30:20.788+0000] {processor.py:830} INFO - Processing file /opt/airflow/dags/connect.py for tasks to queue
[2025-11-09T14:30:20.789+0000] {logging_mixin.py:188} INFO - [2025-11-09T14:30:20.789+0000] {dagbag.py:545} INFO - Filling up the DagBag from /opt/airflow/dags/connect.py
[2025-11-09T14:30:20.794+0000] {logging_mixin.py:188} INFO - [2025-11-09T14:30:20.793+0000] {dagbag.py:355} ERROR - Failed to import: /opt/airflow/dags/connect.py
Traceback (most recent call last):
  File "/home/airflow/.local/lib/python3.12/site-packages/airflow/models/dagbag.py", line 351, in parse
    loader.exec_module(new_module)
  File "<frozen importlib._bootstrap_external>", line 991, in exec_module
  File "<frozen importlib._bootstrap_external>", line 1129, in get_code
  File "<frozen importlib._bootstrap_external>", line 1059, in source_to_code
  File "<frozen importlib._bootstrap>", line 488, in _call_with_frames_removed
  File "/opt/airflow/dags/connect.py", line 96
    def generate_report(**context):
SyntaxError: expected 'except' or 'finally' block
[2025-11-09T14:30:20.795+0000] {processor.py:842} WARNING - No viable dags retrieved from /opt/airflow/dags/connect.py
[2025-11-09T14:30:20.808+0000] {processor.py:183} INFO - Processing /opt/airflow/dags/connect.py took 0.030 seconds
[2025-11-09T14:30:51.000+0000] {processor.py:161} INFO - Started process (PID=907) to work on /opt/airflow/dags/connect.py
[2025-11-09T14:30:51.001+0000] {processor.py:830} INFO - Processing file /opt/airflow/dags/connect.py for tasks to queue
[2025-11-09T14:30:51.002+0000] {logging_mixin.py:188} INFO - [2025-11-09T14:30:51.002+0000] {dagbag.py:545} INFO - Filling up the DagBag from /opt/airflow/dags/connect.py
[2025-11-09T14:30:51.007+0000] {logging_mixin.py:188} INFO - [2025-11-09T14:30:51.006+0000] {dagbag.py:355} ERROR - Failed to import: /opt/airflow/dags/connect.py
Traceback (most recent call last):
  File "/home/airflow/.local/lib/python3.12/site-packages/airflow/models/dagbag.py", line 351, in parse
    loader.exec_module(new_module)
  File "<frozen importlib._bootstrap_external>", line 991, in exec_module
  File "<frozen importlib._bootstrap_external>", line 1129, in get_code
  File "<frozen importlib._bootstrap_external>", line 1059, in source_to_code
  File "<frozen importlib._bootstrap>", line 488, in _call_with_frames_removed
  File "/opt/airflow/dags/connect.py", line 96
    def generate_report(**context):
SyntaxError: expected 'except' or 'finally' block
[2025-11-09T14:30:51.007+0000] {processor.py:842} WARNING - No viable dags retrieved from /opt/airflow/dags/connect.py
[2025-11-09T14:30:51.022+0000] {processor.py:183} INFO - Processing /opt/airflow/dags/connect.py took 0.029 seconds
[2025-11-09T14:31:21.192+0000] {processor.py:161} INFO - Started process (PID=917) to work on /opt/airflow/dags/connect.py
[2025-11-09T14:31:21.193+0000] {processor.py:830} INFO - Processing file /opt/airflow/dags/connect.py for tasks to queue
[2025-11-09T14:31:21.194+0000] {logging_mixin.py:188} INFO - [2025-11-09T14:31:21.194+0000] {dagbag.py:545} INFO - Filling up the DagBag from /opt/airflow/dags/connect.py
[2025-11-09T14:31:21.198+0000] {logging_mixin.py:188} INFO - [2025-11-09T14:31:21.198+0000] {dagbag.py:355} ERROR - Failed to import: /opt/airflow/dags/connect.py
Traceback (most recent call last):
  File "/home/airflow/.local/lib/python3.12/site-packages/airflow/models/dagbag.py", line 351, in parse
    loader.exec_module(new_module)
  File "<frozen importlib._bootstrap_external>", line 991, in exec_module
  File "<frozen importlib._bootstrap_external>", line 1129, in get_code
  File "<frozen importlib._bootstrap_external>", line 1059, in source_to_code
  File "<frozen importlib._bootstrap>", line 488, in _call_with_frames_removed
  File "/opt/airflow/dags/connect.py", line 96
    def generate_report(**context):
SyntaxError: expected 'except' or 'finally' block
[2025-11-09T14:31:21.199+0000] {processor.py:842} WARNING - No viable dags retrieved from /opt/airflow/dags/connect.py
[2025-11-09T14:31:21.213+0000] {processor.py:183} INFO - Processing /opt/airflow/dags/connect.py took 0.027 seconds
[2025-11-09T14:31:51.380+0000] {processor.py:161} INFO - Started process (PID=927) to work on /opt/airflow/dags/connect.py
[2025-11-09T14:31:51.381+0000] {processor.py:830} INFO - Processing file /opt/airflow/dags/connect.py for tasks to queue
[2025-11-09T14:31:51.384+0000] {logging_mixin.py:188} INFO - [2025-11-09T14:31:51.384+0000] {dagbag.py:545} INFO - Filling up the DagBag from /opt/airflow/dags/connect.py
[2025-11-09T14:31:51.390+0000] {logging_mixin.py:188} INFO - [2025-11-09T14:31:51.389+0000] {dagbag.py:355} ERROR - Failed to import: /opt/airflow/dags/connect.py
Traceback (most recent call last):
  File "/home/airflow/.local/lib/python3.12/site-packages/airflow/models/dagbag.py", line 351, in parse
    loader.exec_module(new_module)
  File "<frozen importlib._bootstrap_external>", line 991, in exec_module
  File "<frozen importlib._bootstrap_external>", line 1129, in get_code
  File "<frozen importlib._bootstrap_external>", line 1059, in source_to_code
  File "<frozen importlib._bootstrap>", line 488, in _call_with_frames_removed
  File "/opt/airflow/dags/connect.py", line 96
    def generate_report(**context):
SyntaxError: expected 'except' or 'finally' block
[2025-11-09T14:31:51.391+0000] {processor.py:842} WARNING - No viable dags retrieved from /opt/airflow/dags/connect.py
[2025-11-09T14:31:51.408+0000] {processor.py:183} INFO - Processing /opt/airflow/dags/connect.py took 0.034 seconds
[2025-11-09T14:32:21.603+0000] {processor.py:161} INFO - Started process (PID=937) to work on /opt/airflow/dags/connect.py
[2025-11-09T14:32:21.604+0000] {processor.py:830} INFO - Processing file /opt/airflow/dags/connect.py for tasks to queue
[2025-11-09T14:32:21.604+0000] {logging_mixin.py:188} INFO - [2025-11-09T14:32:21.604+0000] {dagbag.py:545} INFO - Filling up the DagBag from /opt/airflow/dags/connect.py
[2025-11-09T14:32:21.608+0000] {logging_mixin.py:188} INFO - [2025-11-09T14:32:21.608+0000] {dagbag.py:355} ERROR - Failed to import: /opt/airflow/dags/connect.py
Traceback (most recent call last):
  File "/home/airflow/.local/lib/python3.12/site-packages/airflow/models/dagbag.py", line 351, in parse
    loader.exec_module(new_module)
  File "<frozen importlib._bootstrap_external>", line 991, in exec_module
  File "<frozen importlib._bootstrap_external>", line 1129, in get_code
  File "<frozen importlib._bootstrap_external>", line 1059, in source_to_code
  File "<frozen importlib._bootstrap>", line 488, in _call_with_frames_removed
  File "/opt/airflow/dags/connect.py", line 96
    def generate_report(**context):
SyntaxError: expected 'except' or 'finally' block
[2025-11-09T14:32:21.609+0000] {processor.py:842} WARNING - No viable dags retrieved from /opt/airflow/dags/connect.py
[2025-11-09T14:32:21.622+0000] {processor.py:183} INFO - Processing /opt/airflow/dags/connect.py took 0.024 seconds
[2025-11-09T14:32:51.789+0000] {processor.py:161} INFO - Started process (PID=947) to work on /opt/airflow/dags/connect.py
[2025-11-09T14:32:51.790+0000] {processor.py:830} INFO - Processing file /opt/airflow/dags/connect.py for tasks to queue
[2025-11-09T14:32:51.791+0000] {logging_mixin.py:188} INFO - [2025-11-09T14:32:51.791+0000] {dagbag.py:545} INFO - Filling up the DagBag from /opt/airflow/dags/connect.py
[2025-11-09T14:32:51.795+0000] {logging_mixin.py:188} INFO - [2025-11-09T14:32:51.794+0000] {dagbag.py:355} ERROR - Failed to import: /opt/airflow/dags/connect.py
Traceback (most recent call last):
  File "/home/airflow/.local/lib/python3.12/site-packages/airflow/models/dagbag.py", line 351, in parse
    loader.exec_module(new_module)
  File "<frozen importlib._bootstrap_external>", line 991, in exec_module
  File "<frozen importlib._bootstrap_external>", line 1129, in get_code
  File "<frozen importlib._bootstrap_external>", line 1059, in source_to_code
  File "<frozen importlib._bootstrap>", line 488, in _call_with_frames_removed
  File "/opt/airflow/dags/connect.py", line 96
    def generate_report(**context):
SyntaxError: expected 'except' or 'finally' block
[2025-11-09T14:32:51.796+0000] {processor.py:842} WARNING - No viable dags retrieved from /opt/airflow/dags/connect.py
[2025-11-09T14:32:51.810+0000] {processor.py:183} INFO - Processing /opt/airflow/dags/connect.py took 0.026 seconds
[2025-11-09T14:33:21.970+0000] {processor.py:161} INFO - Started process (PID=957) to work on /opt/airflow/dags/connect.py
[2025-11-09T14:33:21.971+0000] {processor.py:830} INFO - Processing file /opt/airflow/dags/connect.py for tasks to queue
[2025-11-09T14:33:21.972+0000] {logging_mixin.py:188} INFO - [2025-11-09T14:33:21.972+0000] {dagbag.py:545} INFO - Filling up the DagBag from /opt/airflow/dags/connect.py
[2025-11-09T14:33:21.976+0000] {logging_mixin.py:188} INFO - [2025-11-09T14:33:21.975+0000] {dagbag.py:355} ERROR - Failed to import: /opt/airflow/dags/connect.py
Traceback (most recent call last):
  File "/home/airflow/.local/lib/python3.12/site-packages/airflow/models/dagbag.py", line 351, in parse
    loader.exec_module(new_module)
  File "<frozen importlib._bootstrap_external>", line 991, in exec_module
  File "<frozen importlib._bootstrap_external>", line 1129, in get_code
  File "<frozen importlib._bootstrap_external>", line 1059, in source_to_code
  File "<frozen importlib._bootstrap>", line 488, in _call_with_frames_removed
  File "/opt/airflow/dags/connect.py", line 96
    def generate_report(**context):
SyntaxError: expected 'except' or 'finally' block
[2025-11-09T14:33:21.977+0000] {processor.py:842} WARNING - No viable dags retrieved from /opt/airflow/dags/connect.py
[2025-11-09T14:33:21.991+0000] {processor.py:183} INFO - Processing /opt/airflow/dags/connect.py took 0.026 seconds
[2025-11-09T14:33:52.158+0000] {processor.py:161} INFO - Started process (PID=967) to work on /opt/airflow/dags/connect.py
[2025-11-09T14:33:52.159+0000] {processor.py:830} INFO - Processing file /opt/airflow/dags/connect.py for tasks to queue
[2025-11-09T14:33:52.161+0000] {logging_mixin.py:188} INFO - [2025-11-09T14:33:52.160+0000] {dagbag.py:545} INFO - Filling up the DagBag from /opt/airflow/dags/connect.py
[2025-11-09T14:33:52.165+0000] {logging_mixin.py:188} INFO - [2025-11-09T14:33:52.164+0000] {dagbag.py:355} ERROR - Failed to import: /opt/airflow/dags/connect.py
Traceback (most recent call last):
  File "/home/airflow/.local/lib/python3.12/site-packages/airflow/models/dagbag.py", line 351, in parse
    loader.exec_module(new_module)
  File "<frozen importlib._bootstrap_external>", line 991, in exec_module
  File "<frozen importlib._bootstrap_external>", line 1129, in get_code
  File "<frozen importlib._bootstrap_external>", line 1059, in source_to_code
  File "<frozen importlib._bootstrap>", line 488, in _call_with_frames_removed
  File "/opt/airflow/dags/connect.py", line 96
    def generate_report(**context):
SyntaxError: expected 'except' or 'finally' block
[2025-11-09T14:33:52.166+0000] {processor.py:842} WARNING - No viable dags retrieved from /opt/airflow/dags/connect.py
[2025-11-09T14:33:52.181+0000] {processor.py:183} INFO - Processing /opt/airflow/dags/connect.py took 0.028 seconds
[2025-11-09T14:34:22.353+0000] {processor.py:161} INFO - Started process (PID=977) to work on /opt/airflow/dags/connect.py
[2025-11-09T14:34:22.354+0000] {processor.py:830} INFO - Processing file /opt/airflow/dags/connect.py for tasks to queue
[2025-11-09T14:34:22.355+0000] {logging_mixin.py:188} INFO - [2025-11-09T14:34:22.354+0000] {dagbag.py:545} INFO - Filling up the DagBag from /opt/airflow/dags/connect.py
[2025-11-09T14:34:22.360+0000] {logging_mixin.py:188} INFO - [2025-11-09T14:34:22.359+0000] {dagbag.py:355} ERROR - Failed to import: /opt/airflow/dags/connect.py
Traceback (most recent call last):
  File "/home/airflow/.local/lib/python3.12/site-packages/airflow/models/dagbag.py", line 351, in parse
    loader.exec_module(new_module)
  File "<frozen importlib._bootstrap_external>", line 991, in exec_module
  File "<frozen importlib._bootstrap_external>", line 1129, in get_code
  File "<frozen importlib._bootstrap_external>", line 1059, in source_to_code
  File "<frozen importlib._bootstrap>", line 488, in _call_with_frames_removed
  File "/opt/airflow/dags/connect.py", line 96
    def generate_report(**context):
SyntaxError: expected 'except' or 'finally' block
[2025-11-09T14:34:22.361+0000] {processor.py:842} WARNING - No viable dags retrieved from /opt/airflow/dags/connect.py
[2025-11-09T14:34:22.376+0000] {processor.py:183} INFO - Processing /opt/airflow/dags/connect.py took 0.029 seconds
[2025-11-09T14:34:52.546+0000] {processor.py:161} INFO - Started process (PID=987) to work on /opt/airflow/dags/connect.py
[2025-11-09T14:34:52.547+0000] {processor.py:830} INFO - Processing file /opt/airflow/dags/connect.py for tasks to queue
[2025-11-09T14:34:52.549+0000] {logging_mixin.py:188} INFO - [2025-11-09T14:34:52.548+0000] {dagbag.py:545} INFO - Filling up the DagBag from /opt/airflow/dags/connect.py
[2025-11-09T14:34:52.553+0000] {logging_mixin.py:188} INFO - [2025-11-09T14:34:52.552+0000] {dagbag.py:355} ERROR - Failed to import: /opt/airflow/dags/connect.py
Traceback (most recent call last):
  File "/home/airflow/.local/lib/python3.12/site-packages/airflow/models/dagbag.py", line 351, in parse
    loader.exec_module(new_module)
  File "<frozen importlib._bootstrap_external>", line 991, in exec_module
  File "<frozen importlib._bootstrap_external>", line 1129, in get_code
  File "<frozen importlib._bootstrap_external>", line 1059, in source_to_code
  File "<frozen importlib._bootstrap>", line 488, in _call_with_frames_removed
  File "/opt/airflow/dags/connect.py", line 96
    def generate_report(**context):
SyntaxError: expected 'except' or 'finally' block
[2025-11-09T14:34:52.553+0000] {processor.py:842} WARNING - No viable dags retrieved from /opt/airflow/dags/connect.py
[2025-11-09T14:34:52.567+0000] {processor.py:183} INFO - Processing /opt/airflow/dags/connect.py took 0.028 seconds
[2025-11-09T14:35:22.762+0000] {processor.py:161} INFO - Started process (PID=997) to work on /opt/airflow/dags/connect.py
[2025-11-09T14:35:22.763+0000] {processor.py:830} INFO - Processing file /opt/airflow/dags/connect.py for tasks to queue
[2025-11-09T14:35:22.764+0000] {logging_mixin.py:188} INFO - [2025-11-09T14:35:22.763+0000] {dagbag.py:545} INFO - Filling up the DagBag from /opt/airflow/dags/connect.py
[2025-11-09T14:35:22.768+0000] {logging_mixin.py:188} INFO - [2025-11-09T14:35:22.767+0000] {dagbag.py:355} ERROR - Failed to import: /opt/airflow/dags/connect.py
Traceback (most recent call last):
  File "/home/airflow/.local/lib/python3.12/site-packages/airflow/models/dagbag.py", line 351, in parse
    loader.exec_module(new_module)
  File "<frozen importlib._bootstrap_external>", line 991, in exec_module
  File "<frozen importlib._bootstrap_external>", line 1129, in get_code
  File "<frozen importlib._bootstrap_external>", line 1059, in source_to_code
  File "<frozen importlib._bootstrap>", line 488, in _call_with_frames_removed
  File "/opt/airflow/dags/connect.py", line 96
    def generate_report(**context):
SyntaxError: expected 'except' or 'finally' block
[2025-11-09T14:35:22.769+0000] {processor.py:842} WARNING - No viable dags retrieved from /opt/airflow/dags/connect.py
[2025-11-09T14:35:22.785+0000] {processor.py:183} INFO - Processing /opt/airflow/dags/connect.py took 0.029 seconds
[2025-11-09T14:35:52.960+0000] {processor.py:161} INFO - Started process (PID=1007) to work on /opt/airflow/dags/connect.py
[2025-11-09T14:35:52.961+0000] {processor.py:830} INFO - Processing file /opt/airflow/dags/connect.py for tasks to queue
[2025-11-09T14:35:52.962+0000] {logging_mixin.py:188} INFO - [2025-11-09T14:35:52.962+0000] {dagbag.py:545} INFO - Filling up the DagBag from /opt/airflow/dags/connect.py
[2025-11-09T14:35:52.966+0000] {logging_mixin.py:188} INFO - [2025-11-09T14:35:52.965+0000] {dagbag.py:355} ERROR - Failed to import: /opt/airflow/dags/connect.py
Traceback (most recent call last):
  File "/home/airflow/.local/lib/python3.12/site-packages/airflow/models/dagbag.py", line 351, in parse
    loader.exec_module(new_module)
  File "<frozen importlib._bootstrap_external>", line 991, in exec_module
  File "<frozen importlib._bootstrap_external>", line 1129, in get_code
  File "<frozen importlib._bootstrap_external>", line 1059, in source_to_code
  File "<frozen importlib._bootstrap>", line 488, in _call_with_frames_removed
  File "/opt/airflow/dags/connect.py", line 96
    def generate_report(**context):
SyntaxError: expected 'except' or 'finally' block
[2025-11-09T14:35:52.967+0000] {processor.py:842} WARNING - No viable dags retrieved from /opt/airflow/dags/connect.py
[2025-11-09T14:35:52.980+0000] {processor.py:183} INFO - Processing /opt/airflow/dags/connect.py took 0.029 seconds
[2025-11-09T14:36:23.158+0000] {processor.py:161} INFO - Started process (PID=1017) to work on /opt/airflow/dags/connect.py
[2025-11-09T14:36:23.159+0000] {processor.py:830} INFO - Processing file /opt/airflow/dags/connect.py for tasks to queue
[2025-11-09T14:36:23.160+0000] {logging_mixin.py:188} INFO - [2025-11-09T14:36:23.159+0000] {dagbag.py:545} INFO - Filling up the DagBag from /opt/airflow/dags/connect.py
[2025-11-09T14:36:23.164+0000] {logging_mixin.py:188} INFO - [2025-11-09T14:36:23.163+0000] {dagbag.py:355} ERROR - Failed to import: /opt/airflow/dags/connect.py
Traceback (most recent call last):
  File "/home/airflow/.local/lib/python3.12/site-packages/airflow/models/dagbag.py", line 351, in parse
    loader.exec_module(new_module)
  File "<frozen importlib._bootstrap_external>", line 991, in exec_module
  File "<frozen importlib._bootstrap_external>", line 1129, in get_code
  File "<frozen importlib._bootstrap_external>", line 1059, in source_to_code
  File "<frozen importlib._bootstrap>", line 488, in _call_with_frames_removed
  File "/opt/airflow/dags/connect.py", line 96
    def generate_report(**context):
SyntaxError: expected 'except' or 'finally' block
[2025-11-09T14:36:23.164+0000] {processor.py:842} WARNING - No viable dags retrieved from /opt/airflow/dags/connect.py
[2025-11-09T14:36:23.179+0000] {processor.py:183} INFO - Processing /opt/airflow/dags/connect.py took 0.028 seconds
[2025-11-09T14:36:53.345+0000] {processor.py:161} INFO - Started process (PID=1027) to work on /opt/airflow/dags/connect.py
[2025-11-09T14:36:53.346+0000] {processor.py:830} INFO - Processing file /opt/airflow/dags/connect.py for tasks to queue
[2025-11-09T14:36:53.348+0000] {logging_mixin.py:188} INFO - [2025-11-09T14:36:53.347+0000] {dagbag.py:545} INFO - Filling up the DagBag from /opt/airflow/dags/connect.py
[2025-11-09T14:36:53.353+0000] {logging_mixin.py:188} INFO - [2025-11-09T14:36:53.352+0000] {dagbag.py:355} ERROR - Failed to import: /opt/airflow/dags/connect.py
Traceback (most recent call last):
  File "/home/airflow/.local/lib/python3.12/site-packages/airflow/models/dagbag.py", line 351, in parse
    loader.exec_module(new_module)
  File "<frozen importlib._bootstrap_external>", line 991, in exec_module
  File "<frozen importlib._bootstrap_external>", line 1129, in get_code
  File "<frozen importlib._bootstrap_external>", line 1059, in source_to_code
  File "<frozen importlib._bootstrap>", line 488, in _call_with_frames_removed
  File "/opt/airflow/dags/connect.py", line 96
    def generate_report(**context):
SyntaxError: expected 'except' or 'finally' block
[2025-11-09T14:36:53.353+0000] {processor.py:842} WARNING - No viable dags retrieved from /opt/airflow/dags/connect.py
[2025-11-09T14:36:53.369+0000] {processor.py:183} INFO - Processing /opt/airflow/dags/connect.py took 0.030 seconds
[2025-11-09T14:37:23.538+0000] {processor.py:161} INFO - Started process (PID=1037) to work on /opt/airflow/dags/connect.py
[2025-11-09T14:37:23.539+0000] {processor.py:830} INFO - Processing file /opt/airflow/dags/connect.py for tasks to queue
[2025-11-09T14:37:23.540+0000] {logging_mixin.py:188} INFO - [2025-11-09T14:37:23.539+0000] {dagbag.py:545} INFO - Filling up the DagBag from /opt/airflow/dags/connect.py
[2025-11-09T14:37:23.545+0000] {logging_mixin.py:188} INFO - [2025-11-09T14:37:23.544+0000] {dagbag.py:355} ERROR - Failed to import: /opt/airflow/dags/connect.py
Traceback (most recent call last):
  File "/home/airflow/.local/lib/python3.12/site-packages/airflow/models/dagbag.py", line 351, in parse
    loader.exec_module(new_module)
  File "<frozen importlib._bootstrap_external>", line 991, in exec_module
  File "<frozen importlib._bootstrap_external>", line 1129, in get_code
  File "<frozen importlib._bootstrap_external>", line 1059, in source_to_code
  File "<frozen importlib._bootstrap>", line 488, in _call_with_frames_removed
  File "/opt/airflow/dags/connect.py", line 96
    def generate_report(**context):
SyntaxError: expected 'except' or 'finally' block
[2025-11-09T14:37:23.546+0000] {processor.py:842} WARNING - No viable dags retrieved from /opt/airflow/dags/connect.py
[2025-11-09T14:37:23.561+0000] {processor.py:183} INFO - Processing /opt/airflow/dags/connect.py took 0.030 seconds
[2025-11-09T14:37:53.738+0000] {processor.py:161} INFO - Started process (PID=1047) to work on /opt/airflow/dags/connect.py
[2025-11-09T14:37:53.741+0000] {processor.py:830} INFO - Processing file /opt/airflow/dags/connect.py for tasks to queue
[2025-11-09T14:37:53.743+0000] {logging_mixin.py:188} INFO - [2025-11-09T14:37:53.742+0000] {dagbag.py:545} INFO - Filling up the DagBag from /opt/airflow/dags/connect.py
[2025-11-09T14:37:53.757+0000] {logging_mixin.py:188} INFO - [2025-11-09T14:37:53.755+0000] {dagbag.py:355} ERROR - Failed to import: /opt/airflow/dags/connect.py
Traceback (most recent call last):
  File "/home/airflow/.local/lib/python3.12/site-packages/airflow/models/dagbag.py", line 351, in parse
    loader.exec_module(new_module)
  File "<frozen importlib._bootstrap_external>", line 991, in exec_module
  File "<frozen importlib._bootstrap_external>", line 1129, in get_code
  File "<frozen importlib._bootstrap_external>", line 1059, in source_to_code
  File "<frozen importlib._bootstrap>", line 488, in _call_with_frames_removed
  File "/opt/airflow/dags/connect.py", line 96
    def generate_report(**context):
SyntaxError: expected 'except' or 'finally' block
[2025-11-09T14:37:53.758+0000] {processor.py:842} WARNING - No viable dags retrieved from /opt/airflow/dags/connect.py
[2025-11-09T14:37:53.780+0000] {processor.py:183} INFO - Processing /opt/airflow/dags/connect.py took 0.057 seconds
[2025-11-09T14:38:23.951+0000] {processor.py:161} INFO - Started process (PID=1057) to work on /opt/airflow/dags/connect.py
[2025-11-09T14:38:23.951+0000] {processor.py:830} INFO - Processing file /opt/airflow/dags/connect.py for tasks to queue
[2025-11-09T14:38:23.952+0000] {logging_mixin.py:188} INFO - [2025-11-09T14:38:23.952+0000] {dagbag.py:545} INFO - Filling up the DagBag from /opt/airflow/dags/connect.py
[2025-11-09T14:38:23.957+0000] {logging_mixin.py:188} INFO - [2025-11-09T14:38:23.956+0000] {dagbag.py:355} ERROR - Failed to import: /opt/airflow/dags/connect.py
Traceback (most recent call last):
  File "/home/airflow/.local/lib/python3.12/site-packages/airflow/models/dagbag.py", line 351, in parse
    loader.exec_module(new_module)
  File "<frozen importlib._bootstrap_external>", line 991, in exec_module
  File "<frozen importlib._bootstrap_external>", line 1129, in get_code
  File "<frozen importlib._bootstrap_external>", line 1059, in source_to_code
  File "<frozen importlib._bootstrap>", line 488, in _call_with_frames_removed
  File "/opt/airflow/dags/connect.py", line 96
    def generate_report(**context):
SyntaxError: expected 'except' or 'finally' block
[2025-11-09T14:38:23.957+0000] {processor.py:842} WARNING - No viable dags retrieved from /opt/airflow/dags/connect.py
[2025-11-09T14:38:23.972+0000] {processor.py:183} INFO - Processing /opt/airflow/dags/connect.py took 0.026 seconds
[2025-11-09T14:38:54.193+0000] {processor.py:161} INFO - Started process (PID=1067) to work on /opt/airflow/dags/connect.py
[2025-11-09T14:38:54.193+0000] {processor.py:830} INFO - Processing file /opt/airflow/dags/connect.py for tasks to queue
[2025-11-09T14:38:54.194+0000] {logging_mixin.py:188} INFO - [2025-11-09T14:38:54.194+0000] {dagbag.py:545} INFO - Filling up the DagBag from /opt/airflow/dags/connect.py
[2025-11-09T14:38:54.200+0000] {logging_mixin.py:188} INFO - [2025-11-09T14:38:54.199+0000] {dagbag.py:355} ERROR - Failed to import: /opt/airflow/dags/connect.py
Traceback (most recent call last):
  File "/home/airflow/.local/lib/python3.12/site-packages/airflow/models/dagbag.py", line 351, in parse
    loader.exec_module(new_module)
  File "<frozen importlib._bootstrap_external>", line 991, in exec_module
  File "<frozen importlib._bootstrap_external>", line 1129, in get_code
  File "<frozen importlib._bootstrap_external>", line 1059, in source_to_code
  File "<frozen importlib._bootstrap>", line 488, in _call_with_frames_removed
  File "/opt/airflow/dags/connect.py", line 96
    def generate_report(**context):
SyntaxError: expected 'except' or 'finally' block
[2025-11-09T14:38:54.200+0000] {processor.py:842} WARNING - No viable dags retrieved from /opt/airflow/dags/connect.py
[2025-11-09T14:38:54.214+0000] {processor.py:183} INFO - Processing /opt/airflow/dags/connect.py took 0.029 seconds
[2025-11-09T14:39:24.395+0000] {processor.py:161} INFO - Started process (PID=1077) to work on /opt/airflow/dags/connect.py
[2025-11-09T14:39:24.396+0000] {processor.py:830} INFO - Processing file /opt/airflow/dags/connect.py for tasks to queue
[2025-11-09T14:39:24.397+0000] {logging_mixin.py:188} INFO - [2025-11-09T14:39:24.397+0000] {dagbag.py:545} INFO - Filling up the DagBag from /opt/airflow/dags/connect.py
[2025-11-09T14:39:24.401+0000] {logging_mixin.py:188} INFO - [2025-11-09T14:39:24.400+0000] {dagbag.py:355} ERROR - Failed to import: /opt/airflow/dags/connect.py
Traceback (most recent call last):
  File "/home/airflow/.local/lib/python3.12/site-packages/airflow/models/dagbag.py", line 351, in parse
    loader.exec_module(new_module)
  File "<frozen importlib._bootstrap_external>", line 991, in exec_module
  File "<frozen importlib._bootstrap_external>", line 1129, in get_code
  File "<frozen importlib._bootstrap_external>", line 1059, in source_to_code
  File "<frozen importlib._bootstrap>", line 488, in _call_with_frames_removed
  File "/opt/airflow/dags/connect.py", line 96
    def generate_report(**context):
SyntaxError: expected 'except' or 'finally' block
[2025-11-09T14:39:24.402+0000] {processor.py:842} WARNING - No viable dags retrieved from /opt/airflow/dags/connect.py
[2025-11-09T14:39:24.418+0000] {processor.py:183} INFO - Processing /opt/airflow/dags/connect.py took 0.030 seconds
[2025-11-09T14:39:54.611+0000] {processor.py:161} INFO - Started process (PID=1087) to work on /opt/airflow/dags/connect.py
[2025-11-09T14:39:54.612+0000] {processor.py:830} INFO - Processing file /opt/airflow/dags/connect.py for tasks to queue
[2025-11-09T14:39:54.613+0000] {logging_mixin.py:188} INFO - [2025-11-09T14:39:54.612+0000] {dagbag.py:545} INFO - Filling up the DagBag from /opt/airflow/dags/connect.py
[2025-11-09T14:39:54.617+0000] {logging_mixin.py:188} INFO - [2025-11-09T14:39:54.616+0000] {dagbag.py:355} ERROR - Failed to import: /opt/airflow/dags/connect.py
Traceback (most recent call last):
  File "/home/airflow/.local/lib/python3.12/site-packages/airflow/models/dagbag.py", line 351, in parse
    loader.exec_module(new_module)
  File "<frozen importlib._bootstrap_external>", line 991, in exec_module
  File "<frozen importlib._bootstrap_external>", line 1129, in get_code
  File "<frozen importlib._bootstrap_external>", line 1059, in source_to_code
  File "<frozen importlib._bootstrap>", line 488, in _call_with_frames_removed
  File "/opt/airflow/dags/connect.py", line 96
    def generate_report(**context):
SyntaxError: expected 'except' or 'finally' block
[2025-11-09T14:39:54.618+0000] {processor.py:842} WARNING - No viable dags retrieved from /opt/airflow/dags/connect.py
[2025-11-09T14:39:54.632+0000] {processor.py:183} INFO - Processing /opt/airflow/dags/connect.py took 0.026 seconds
[2025-11-09T14:40:24.782+0000] {processor.py:161} INFO - Started process (PID=1097) to work on /opt/airflow/dags/connect.py
[2025-11-09T14:40:24.782+0000] {processor.py:830} INFO - Processing file /opt/airflow/dags/connect.py for tasks to queue
[2025-11-09T14:40:24.784+0000] {logging_mixin.py:188} INFO - [2025-11-09T14:40:24.783+0000] {dagbag.py:545} INFO - Filling up the DagBag from /opt/airflow/dags/connect.py
[2025-11-09T14:40:24.788+0000] {logging_mixin.py:188} INFO - [2025-11-09T14:40:24.787+0000] {dagbag.py:355} ERROR - Failed to import: /opt/airflow/dags/connect.py
Traceback (most recent call last):
  File "/home/airflow/.local/lib/python3.12/site-packages/airflow/models/dagbag.py", line 351, in parse
    loader.exec_module(new_module)
  File "<frozen importlib._bootstrap_external>", line 991, in exec_module
  File "<frozen importlib._bootstrap_external>", line 1129, in get_code
  File "<frozen importlib._bootstrap_external>", line 1059, in source_to_code
  File "<frozen importlib._bootstrap>", line 488, in _call_with_frames_removed
  File "/opt/airflow/dags/connect.py", line 96
    def generate_report(**context):
SyntaxError: expected 'except' or 'finally' block
[2025-11-09T14:40:24.788+0000] {processor.py:842} WARNING - No viable dags retrieved from /opt/airflow/dags/connect.py
[2025-11-09T14:40:24.805+0000] {processor.py:183} INFO - Processing /opt/airflow/dags/connect.py took 0.028 seconds
[2025-11-09T14:40:54.972+0000] {processor.py:161} INFO - Started process (PID=1107) to work on /opt/airflow/dags/connect.py
[2025-11-09T14:40:54.972+0000] {processor.py:830} INFO - Processing file /opt/airflow/dags/connect.py for tasks to queue
[2025-11-09T14:40:54.973+0000] {logging_mixin.py:188} INFO - [2025-11-09T14:40:54.973+0000] {dagbag.py:545} INFO - Filling up the DagBag from /opt/airflow/dags/connect.py
[2025-11-09T14:40:54.978+0000] {logging_mixin.py:188} INFO - [2025-11-09T14:40:54.977+0000] {dagbag.py:355} ERROR - Failed to import: /opt/airflow/dags/connect.py
Traceback (most recent call last):
  File "/home/airflow/.local/lib/python3.12/site-packages/airflow/models/dagbag.py", line 351, in parse
    loader.exec_module(new_module)
  File "<frozen importlib._bootstrap_external>", line 991, in exec_module
  File "<frozen importlib._bootstrap_external>", line 1129, in get_code
  File "<frozen importlib._bootstrap_external>", line 1059, in source_to_code
  File "<frozen importlib._bootstrap>", line 488, in _call_with_frames_removed
  File "/opt/airflow/dags/connect.py", line 96
    def generate_report(**context):
SyntaxError: expected 'except' or 'finally' block
[2025-11-09T14:40:54.978+0000] {processor.py:842} WARNING - No viable dags retrieved from /opt/airflow/dags/connect.py
[2025-11-09T14:40:54.992+0000] {processor.py:183} INFO - Processing /opt/airflow/dags/connect.py took 0.027 seconds
[2025-11-09T14:41:25.169+0000] {processor.py:161} INFO - Started process (PID=1117) to work on /opt/airflow/dags/connect.py
[2025-11-09T14:41:25.170+0000] {processor.py:830} INFO - Processing file /opt/airflow/dags/connect.py for tasks to queue
[2025-11-09T14:41:25.171+0000] {logging_mixin.py:188} INFO - [2025-11-09T14:41:25.170+0000] {dagbag.py:545} INFO - Filling up the DagBag from /opt/airflow/dags/connect.py
[2025-11-09T14:41:25.175+0000] {logging_mixin.py:188} INFO - [2025-11-09T14:41:25.174+0000] {dagbag.py:355} ERROR - Failed to import: /opt/airflow/dags/connect.py
Traceback (most recent call last):
  File "/home/airflow/.local/lib/python3.12/site-packages/airflow/models/dagbag.py", line 351, in parse
    loader.exec_module(new_module)
  File "<frozen importlib._bootstrap_external>", line 991, in exec_module
  File "<frozen importlib._bootstrap_external>", line 1129, in get_code
  File "<frozen importlib._bootstrap_external>", line 1059, in source_to_code
  File "<frozen importlib._bootstrap>", line 488, in _call_with_frames_removed
  File "/opt/airflow/dags/connect.py", line 96
    def generate_report(**context):
SyntaxError: expected 'except' or 'finally' block
[2025-11-09T14:41:25.176+0000] {processor.py:842} WARNING - No viable dags retrieved from /opt/airflow/dags/connect.py
[2025-11-09T14:41:25.189+0000] {processor.py:183} INFO - Processing /opt/airflow/dags/connect.py took 0.029 seconds
[2025-11-09T14:41:55.361+0000] {processor.py:161} INFO - Started process (PID=1127) to work on /opt/airflow/dags/connect.py
[2025-11-09T14:41:55.362+0000] {processor.py:830} INFO - Processing file /opt/airflow/dags/connect.py for tasks to queue
[2025-11-09T14:41:55.363+0000] {logging_mixin.py:188} INFO - [2025-11-09T14:41:55.363+0000] {dagbag.py:545} INFO - Filling up the DagBag from /opt/airflow/dags/connect.py
[2025-11-09T14:41:55.367+0000] {logging_mixin.py:188} INFO - [2025-11-09T14:41:55.366+0000] {dagbag.py:355} ERROR - Failed to import: /opt/airflow/dags/connect.py
Traceback (most recent call last):
  File "/home/airflow/.local/lib/python3.12/site-packages/airflow/models/dagbag.py", line 351, in parse
    loader.exec_module(new_module)
  File "<frozen importlib._bootstrap_external>", line 991, in exec_module
  File "<frozen importlib._bootstrap_external>", line 1129, in get_code
  File "<frozen importlib._bootstrap_external>", line 1059, in source_to_code
  File "<frozen importlib._bootstrap>", line 488, in _call_with_frames_removed
  File "/opt/airflow/dags/connect.py", line 96
    def generate_report(**context):
SyntaxError: expected 'except' or 'finally' block
[2025-11-09T14:41:55.368+0000] {processor.py:842} WARNING - No viable dags retrieved from /opt/airflow/dags/connect.py
[2025-11-09T14:41:55.381+0000] {processor.py:183} INFO - Processing /opt/airflow/dags/connect.py took 0.026 seconds
[2025-11-09T14:42:25.557+0000] {processor.py:161} INFO - Started process (PID=1137) to work on /opt/airflow/dags/connect.py
[2025-11-09T14:42:25.557+0000] {processor.py:830} INFO - Processing file /opt/airflow/dags/connect.py for tasks to queue
[2025-11-09T14:42:25.558+0000] {logging_mixin.py:188} INFO - [2025-11-09T14:42:25.558+0000] {dagbag.py:545} INFO - Filling up the DagBag from /opt/airflow/dags/connect.py
[2025-11-09T14:42:25.563+0000] {logging_mixin.py:188} INFO - [2025-11-09T14:42:25.562+0000] {dagbag.py:355} ERROR - Failed to import: /opt/airflow/dags/connect.py
Traceback (most recent call last):
  File "/home/airflow/.local/lib/python3.12/site-packages/airflow/models/dagbag.py", line 351, in parse
    loader.exec_module(new_module)
  File "<frozen importlib._bootstrap_external>", line 991, in exec_module
  File "<frozen importlib._bootstrap_external>", line 1129, in get_code
  File "<frozen importlib._bootstrap_external>", line 1059, in source_to_code
  File "<frozen importlib._bootstrap>", line 488, in _call_with_frames_removed
  File "/opt/airflow/dags/connect.py", line 96
    def generate_report(**context):
SyntaxError: expected 'except' or 'finally' block
[2025-11-09T14:42:25.563+0000] {processor.py:842} WARNING - No viable dags retrieved from /opt/airflow/dags/connect.py
[2025-11-09T14:42:25.577+0000] {processor.py:183} INFO - Processing /opt/airflow/dags/connect.py took 0.026 seconds
[2025-11-09T14:42:55.752+0000] {processor.py:161} INFO - Started process (PID=1147) to work on /opt/airflow/dags/connect.py
[2025-11-09T14:42:55.753+0000] {processor.py:830} INFO - Processing file /opt/airflow/dags/connect.py for tasks to queue
[2025-11-09T14:42:55.754+0000] {logging_mixin.py:188} INFO - [2025-11-09T14:42:55.754+0000] {dagbag.py:545} INFO - Filling up the DagBag from /opt/airflow/dags/connect.py
[2025-11-09T14:42:55.759+0000] {logging_mixin.py:188} INFO - [2025-11-09T14:42:55.758+0000] {dagbag.py:355} ERROR - Failed to import: /opt/airflow/dags/connect.py
Traceback (most recent call last):
  File "/home/airflow/.local/lib/python3.12/site-packages/airflow/models/dagbag.py", line 351, in parse
    loader.exec_module(new_module)
  File "<frozen importlib._bootstrap_external>", line 991, in exec_module
  File "<frozen importlib._bootstrap_external>", line 1129, in get_code
  File "<frozen importlib._bootstrap_external>", line 1059, in source_to_code
  File "<frozen importlib._bootstrap>", line 488, in _call_with_frames_removed
  File "/opt/airflow/dags/connect.py", line 96
    def generate_report(**context):
SyntaxError: expected 'except' or 'finally' block
[2025-11-09T14:42:55.759+0000] {processor.py:842} WARNING - No viable dags retrieved from /opt/airflow/dags/connect.py
[2025-11-09T14:42:55.778+0000] {processor.py:183} INFO - Processing /opt/airflow/dags/connect.py took 0.034 seconds
[2025-11-09T14:43:25.992+0000] {processor.py:161} INFO - Started process (PID=1157) to work on /opt/airflow/dags/connect.py
[2025-11-09T14:43:25.992+0000] {processor.py:830} INFO - Processing file /opt/airflow/dags/connect.py for tasks to queue
[2025-11-09T14:43:25.993+0000] {logging_mixin.py:188} INFO - [2025-11-09T14:43:25.993+0000] {dagbag.py:545} INFO - Filling up the DagBag from /opt/airflow/dags/connect.py
[2025-11-09T14:43:25.998+0000] {logging_mixin.py:188} INFO - [2025-11-09T14:43:25.997+0000] {dagbag.py:355} ERROR - Failed to import: /opt/airflow/dags/connect.py
Traceback (most recent call last):
  File "/home/airflow/.local/lib/python3.12/site-packages/airflow/models/dagbag.py", line 351, in parse
    loader.exec_module(new_module)
  File "<frozen importlib._bootstrap_external>", line 991, in exec_module
  File "<frozen importlib._bootstrap_external>", line 1129, in get_code
  File "<frozen importlib._bootstrap_external>", line 1059, in source_to_code
  File "<frozen importlib._bootstrap>", line 488, in _call_with_frames_removed
  File "/opt/airflow/dags/connect.py", line 96
    def generate_report(**context):
SyntaxError: expected 'except' or 'finally' block
[2025-11-09T14:43:25.998+0000] {processor.py:842} WARNING - No viable dags retrieved from /opt/airflow/dags/connect.py
[2025-11-09T14:43:26.016+0000] {processor.py:183} INFO - Processing /opt/airflow/dags/connect.py took 0.031 seconds
[2025-11-09T14:43:56.202+0000] {processor.py:161} INFO - Started process (PID=1167) to work on /opt/airflow/dags/connect.py
[2025-11-09T14:43:56.203+0000] {processor.py:830} INFO - Processing file /opt/airflow/dags/connect.py for tasks to queue
[2025-11-09T14:43:56.204+0000] {logging_mixin.py:188} INFO - [2025-11-09T14:43:56.204+0000] {dagbag.py:545} INFO - Filling up the DagBag from /opt/airflow/dags/connect.py
[2025-11-09T14:43:56.208+0000] {logging_mixin.py:188} INFO - [2025-11-09T14:43:56.207+0000] {dagbag.py:355} ERROR - Failed to import: /opt/airflow/dags/connect.py
Traceback (most recent call last):
  File "/home/airflow/.local/lib/python3.12/site-packages/airflow/models/dagbag.py", line 351, in parse
    loader.exec_module(new_module)
  File "<frozen importlib._bootstrap_external>", line 991, in exec_module
  File "<frozen importlib._bootstrap_external>", line 1129, in get_code
  File "<frozen importlib._bootstrap_external>", line 1059, in source_to_code
  File "<frozen importlib._bootstrap>", line 488, in _call_with_frames_removed
  File "/opt/airflow/dags/connect.py", line 96
    def generate_report(**context):
SyntaxError: expected 'except' or 'finally' block
[2025-11-09T14:43:56.208+0000] {processor.py:842} WARNING - No viable dags retrieved from /opt/airflow/dags/connect.py
[2025-11-09T14:43:56.223+0000] {processor.py:183} INFO - Processing /opt/airflow/dags/connect.py took 0.026 seconds
[2025-11-09T14:44:26.425+0000] {processor.py:161} INFO - Started process (PID=1177) to work on /opt/airflow/dags/connect.py
[2025-11-09T14:44:26.426+0000] {processor.py:830} INFO - Processing file /opt/airflow/dags/connect.py for tasks to queue
[2025-11-09T14:44:26.427+0000] {logging_mixin.py:188} INFO - [2025-11-09T14:44:26.426+0000] {dagbag.py:545} INFO - Filling up the DagBag from /opt/airflow/dags/connect.py
[2025-11-09T14:44:26.431+0000] {logging_mixin.py:188} INFO - [2025-11-09T14:44:26.430+0000] {dagbag.py:355} ERROR - Failed to import: /opt/airflow/dags/connect.py
Traceback (most recent call last):
  File "/home/airflow/.local/lib/python3.12/site-packages/airflow/models/dagbag.py", line 351, in parse
    loader.exec_module(new_module)
  File "<frozen importlib._bootstrap_external>", line 991, in exec_module
  File "<frozen importlib._bootstrap_external>", line 1129, in get_code
  File "<frozen importlib._bootstrap_external>", line 1059, in source_to_code
  File "<frozen importlib._bootstrap>", line 488, in _call_with_frames_removed
  File "/opt/airflow/dags/connect.py", line 96
    def generate_report(**context):
SyntaxError: expected 'except' or 'finally' block
[2025-11-09T14:44:26.431+0000] {processor.py:842} WARNING - No viable dags retrieved from /opt/airflow/dags/connect.py
[2025-11-09T14:44:26.444+0000] {processor.py:183} INFO - Processing /opt/airflow/dags/connect.py took 0.024 seconds
[2025-11-09T14:44:56.625+0000] {processor.py:161} INFO - Started process (PID=1187) to work on /opt/airflow/dags/connect.py
[2025-11-09T14:44:56.626+0000] {processor.py:830} INFO - Processing file /opt/airflow/dags/connect.py for tasks to queue
[2025-11-09T14:44:56.627+0000] {logging_mixin.py:188} INFO - [2025-11-09T14:44:56.627+0000] {dagbag.py:545} INFO - Filling up the DagBag from /opt/airflow/dags/connect.py
[2025-11-09T14:44:56.632+0000] {logging_mixin.py:188} INFO - [2025-11-09T14:44:56.630+0000] {dagbag.py:355} ERROR - Failed to import: /opt/airflow/dags/connect.py
Traceback (most recent call last):
  File "/home/airflow/.local/lib/python3.12/site-packages/airflow/models/dagbag.py", line 351, in parse
    loader.exec_module(new_module)
  File "<frozen importlib._bootstrap_external>", line 991, in exec_module
  File "<frozen importlib._bootstrap_external>", line 1129, in get_code
  File "<frozen importlib._bootstrap_external>", line 1059, in source_to_code
  File "<frozen importlib._bootstrap>", line 488, in _call_with_frames_removed
  File "/opt/airflow/dags/connect.py", line 96
    def generate_report(**context):
SyntaxError: expected 'except' or 'finally' block
[2025-11-09T14:44:56.632+0000] {processor.py:842} WARNING - No viable dags retrieved from /opt/airflow/dags/connect.py
[2025-11-09T14:44:56.645+0000] {processor.py:183} INFO - Processing /opt/airflow/dags/connect.py took 0.030 seconds
[2025-11-09T14:45:26.819+0000] {processor.py:161} INFO - Started process (PID=1197) to work on /opt/airflow/dags/connect.py
[2025-11-09T14:45:26.820+0000] {processor.py:830} INFO - Processing file /opt/airflow/dags/connect.py for tasks to queue
[2025-11-09T14:45:26.821+0000] {logging_mixin.py:188} INFO - [2025-11-09T14:45:26.821+0000] {dagbag.py:545} INFO - Filling up the DagBag from /opt/airflow/dags/connect.py
[2025-11-09T14:45:26.825+0000] {logging_mixin.py:188} INFO - [2025-11-09T14:45:26.824+0000] {dagbag.py:355} ERROR - Failed to import: /opt/airflow/dags/connect.py
Traceback (most recent call last):
  File "/home/airflow/.local/lib/python3.12/site-packages/airflow/models/dagbag.py", line 351, in parse
    loader.exec_module(new_module)
  File "<frozen importlib._bootstrap_external>", line 991, in exec_module
  File "<frozen importlib._bootstrap_external>", line 1129, in get_code
  File "<frozen importlib._bootstrap_external>", line 1059, in source_to_code
  File "<frozen importlib._bootstrap>", line 488, in _call_with_frames_removed
  File "/opt/airflow/dags/connect.py", line 96
    def generate_report(**context):
SyntaxError: expected 'except' or 'finally' block
[2025-11-09T14:45:26.826+0000] {processor.py:842} WARNING - No viable dags retrieved from /opt/airflow/dags/connect.py
[2025-11-09T14:45:26.842+0000] {processor.py:183} INFO - Processing /opt/airflow/dags/connect.py took 0.028 seconds
[2025-11-09T14:45:57.021+0000] {processor.py:161} INFO - Started process (PID=1207) to work on /opt/airflow/dags/connect.py
[2025-11-09T14:45:57.022+0000] {processor.py:830} INFO - Processing file /opt/airflow/dags/connect.py for tasks to queue
[2025-11-09T14:45:57.023+0000] {logging_mixin.py:188} INFO - [2025-11-09T14:45:57.023+0000] {dagbag.py:545} INFO - Filling up the DagBag from /opt/airflow/dags/connect.py
[2025-11-09T14:45:57.027+0000] {logging_mixin.py:188} INFO - [2025-11-09T14:45:57.026+0000] {dagbag.py:355} ERROR - Failed to import: /opt/airflow/dags/connect.py
Traceback (most recent call last):
  File "/home/airflow/.local/lib/python3.12/site-packages/airflow/models/dagbag.py", line 351, in parse
    loader.exec_module(new_module)
  File "<frozen importlib._bootstrap_external>", line 991, in exec_module
  File "<frozen importlib._bootstrap_external>", line 1129, in get_code
  File "<frozen importlib._bootstrap_external>", line 1059, in source_to_code
  File "<frozen importlib._bootstrap>", line 488, in _call_with_frames_removed
  File "/opt/airflow/dags/connect.py", line 96
    def generate_report(**context):
SyntaxError: expected 'except' or 'finally' block
[2025-11-09T14:45:57.028+0000] {processor.py:842} WARNING - No viable dags retrieved from /opt/airflow/dags/connect.py
[2025-11-09T14:45:57.042+0000] {processor.py:183} INFO - Processing /opt/airflow/dags/connect.py took 0.026 seconds
[2025-11-09T14:46:27.242+0000] {processor.py:161} INFO - Started process (PID=1217) to work on /opt/airflow/dags/connect.py
[2025-11-09T14:46:27.243+0000] {processor.py:830} INFO - Processing file /opt/airflow/dags/connect.py for tasks to queue
[2025-11-09T14:46:27.245+0000] {logging_mixin.py:188} INFO - [2025-11-09T14:46:27.245+0000] {dagbag.py:545} INFO - Filling up the DagBag from /opt/airflow/dags/connect.py
[2025-11-09T14:46:27.249+0000] {logging_mixin.py:188} INFO - [2025-11-09T14:46:27.248+0000] {dagbag.py:355} ERROR - Failed to import: /opt/airflow/dags/connect.py
Traceback (most recent call last):
  File "/home/airflow/.local/lib/python3.12/site-packages/airflow/models/dagbag.py", line 351, in parse
    loader.exec_module(new_module)
  File "<frozen importlib._bootstrap_external>", line 991, in exec_module
  File "<frozen importlib._bootstrap_external>", line 1129, in get_code
  File "<frozen importlib._bootstrap_external>", line 1059, in source_to_code
  File "<frozen importlib._bootstrap>", line 488, in _call_with_frames_removed
  File "/opt/airflow/dags/connect.py", line 96
    def generate_report(**context):
SyntaxError: expected 'except' or 'finally' block
[2025-11-09T14:46:27.250+0000] {processor.py:842} WARNING - No viable dags retrieved from /opt/airflow/dags/connect.py
[2025-11-09T14:46:27.263+0000] {processor.py:183} INFO - Processing /opt/airflow/dags/connect.py took 0.032 seconds
[2025-11-09T14:46:57.416+0000] {processor.py:161} INFO - Started process (PID=1227) to work on /opt/airflow/dags/connect.py
[2025-11-09T14:46:57.417+0000] {processor.py:830} INFO - Processing file /opt/airflow/dags/connect.py for tasks to queue
[2025-11-09T14:46:57.418+0000] {logging_mixin.py:188} INFO - [2025-11-09T14:46:57.418+0000] {dagbag.py:545} INFO - Filling up the DagBag from /opt/airflow/dags/connect.py
[2025-11-09T14:46:57.422+0000] {logging_mixin.py:188} INFO - [2025-11-09T14:46:57.422+0000] {dagbag.py:355} ERROR - Failed to import: /opt/airflow/dags/connect.py
Traceback (most recent call last):
  File "/home/airflow/.local/lib/python3.12/site-packages/airflow/models/dagbag.py", line 351, in parse
    loader.exec_module(new_module)
  File "<frozen importlib._bootstrap_external>", line 991, in exec_module
  File "<frozen importlib._bootstrap_external>", line 1129, in get_code
  File "<frozen importlib._bootstrap_external>", line 1059, in source_to_code
  File "<frozen importlib._bootstrap>", line 488, in _call_with_frames_removed
  File "/opt/airflow/dags/connect.py", line 96
    def generate_report(**context):
SyntaxError: expected 'except' or 'finally' block
[2025-11-09T14:46:57.423+0000] {processor.py:842} WARNING - No viable dags retrieved from /opt/airflow/dags/connect.py
[2025-11-09T14:46:57.438+0000] {processor.py:183} INFO - Processing /opt/airflow/dags/connect.py took 0.027 seconds
[2025-11-09T14:47:27.614+0000] {processor.py:161} INFO - Started process (PID=1237) to work on /opt/airflow/dags/connect.py
[2025-11-09T14:47:27.615+0000] {processor.py:830} INFO - Processing file /opt/airflow/dags/connect.py for tasks to queue
[2025-11-09T14:47:27.616+0000] {logging_mixin.py:188} INFO - [2025-11-09T14:47:27.616+0000] {dagbag.py:545} INFO - Filling up the DagBag from /opt/airflow/dags/connect.py
[2025-11-09T14:47:27.620+0000] {logging_mixin.py:188} INFO - [2025-11-09T14:47:27.619+0000] {dagbag.py:355} ERROR - Failed to import: /opt/airflow/dags/connect.py
Traceback (most recent call last):
  File "/home/airflow/.local/lib/python3.12/site-packages/airflow/models/dagbag.py", line 351, in parse
    loader.exec_module(new_module)
  File "<frozen importlib._bootstrap_external>", line 991, in exec_module
  File "<frozen importlib._bootstrap_external>", line 1129, in get_code
  File "<frozen importlib._bootstrap_external>", line 1059, in source_to_code
  File "<frozen importlib._bootstrap>", line 488, in _call_with_frames_removed
  File "/opt/airflow/dags/connect.py", line 96
    def generate_report(**context):
SyntaxError: expected 'except' or 'finally' block
[2025-11-09T14:47:27.621+0000] {processor.py:842} WARNING - No viable dags retrieved from /opt/airflow/dags/connect.py
[2025-11-09T14:47:27.635+0000] {processor.py:183} INFO - Processing /opt/airflow/dags/connect.py took 0.027 seconds
[2025-11-09T14:47:57.853+0000] {processor.py:161} INFO - Started process (PID=1247) to work on /opt/airflow/dags/connect.py
[2025-11-09T14:47:57.854+0000] {processor.py:830} INFO - Processing file /opt/airflow/dags/connect.py for tasks to queue
[2025-11-09T14:47:57.855+0000] {logging_mixin.py:188} INFO - [2025-11-09T14:47:57.855+0000] {dagbag.py:545} INFO - Filling up the DagBag from /opt/airflow/dags/connect.py
[2025-11-09T14:47:57.860+0000] {logging_mixin.py:188} INFO - [2025-11-09T14:47:57.859+0000] {dagbag.py:355} ERROR - Failed to import: /opt/airflow/dags/connect.py
Traceback (most recent call last):
  File "/home/airflow/.local/lib/python3.12/site-packages/airflow/models/dagbag.py", line 351, in parse
    loader.exec_module(new_module)
  File "<frozen importlib._bootstrap_external>", line 991, in exec_module
  File "<frozen importlib._bootstrap_external>", line 1129, in get_code
  File "<frozen importlib._bootstrap_external>", line 1059, in source_to_code
  File "<frozen importlib._bootstrap>", line 488, in _call_with_frames_removed
  File "/opt/airflow/dags/connect.py", line 96
    def generate_report(**context):
SyntaxError: expected 'except' or 'finally' block
[2025-11-09T14:47:57.860+0000] {processor.py:842} WARNING - No viable dags retrieved from /opt/airflow/dags/connect.py
[2025-11-09T14:47:57.880+0000] {processor.py:183} INFO - Processing /opt/airflow/dags/connect.py took 0.039 seconds
[2025-11-09T14:48:28.086+0000] {processor.py:161} INFO - Started process (PID=1257) to work on /opt/airflow/dags/connect.py
[2025-11-09T14:48:28.087+0000] {processor.py:830} INFO - Processing file /opt/airflow/dags/connect.py for tasks to queue
[2025-11-09T14:48:28.089+0000] {logging_mixin.py:188} INFO - [2025-11-09T14:48:28.088+0000] {dagbag.py:545} INFO - Filling up the DagBag from /opt/airflow/dags/connect.py
[2025-11-09T14:48:28.096+0000] {logging_mixin.py:188} INFO - [2025-11-09T14:48:28.095+0000] {dagbag.py:355} ERROR - Failed to import: /opt/airflow/dags/connect.py
Traceback (most recent call last):
  File "/home/airflow/.local/lib/python3.12/site-packages/airflow/models/dagbag.py", line 351, in parse
    loader.exec_module(new_module)
  File "<frozen importlib._bootstrap_external>", line 991, in exec_module
  File "<frozen importlib._bootstrap_external>", line 1129, in get_code
  File "<frozen importlib._bootstrap_external>", line 1059, in source_to_code
  File "<frozen importlib._bootstrap>", line 488, in _call_with_frames_removed
  File "/opt/airflow/dags/connect.py", line 96
    def generate_report(**context):
SyntaxError: expected 'except' or 'finally' block
[2025-11-09T14:48:28.097+0000] {processor.py:842} WARNING - No viable dags retrieved from /opt/airflow/dags/connect.py
[2025-11-09T14:48:28.123+0000] {processor.py:183} INFO - Processing /opt/airflow/dags/connect.py took 0.046 seconds
[2025-11-09T14:48:58.319+0000] {processor.py:161} INFO - Started process (PID=1267) to work on /opt/airflow/dags/connect.py
[2025-11-09T14:48:58.320+0000] {processor.py:830} INFO - Processing file /opt/airflow/dags/connect.py for tasks to queue
[2025-11-09T14:48:58.321+0000] {logging_mixin.py:188} INFO - [2025-11-09T14:48:58.320+0000] {dagbag.py:545} INFO - Filling up the DagBag from /opt/airflow/dags/connect.py
[2025-11-09T14:48:58.325+0000] {logging_mixin.py:188} INFO - [2025-11-09T14:48:58.324+0000] {dagbag.py:355} ERROR - Failed to import: /opt/airflow/dags/connect.py
Traceback (most recent call last):
  File "/home/airflow/.local/lib/python3.12/site-packages/airflow/models/dagbag.py", line 351, in parse
    loader.exec_module(new_module)
  File "<frozen importlib._bootstrap_external>", line 991, in exec_module
  File "<frozen importlib._bootstrap_external>", line 1129, in get_code
  File "<frozen importlib._bootstrap_external>", line 1059, in source_to_code
  File "<frozen importlib._bootstrap>", line 488, in _call_with_frames_removed
  File "/opt/airflow/dags/connect.py", line 96
    def generate_report(**context):
SyntaxError: expected 'except' or 'finally' block
[2025-11-09T14:48:58.326+0000] {processor.py:842} WARNING - No viable dags retrieved from /opt/airflow/dags/connect.py
[2025-11-09T14:48:58.339+0000] {processor.py:183} INFO - Processing /opt/airflow/dags/connect.py took 0.025 seconds
[2025-11-09T14:49:28.512+0000] {processor.py:161} INFO - Started process (PID=1277) to work on /opt/airflow/dags/connect.py
[2025-11-09T14:49:28.513+0000] {processor.py:830} INFO - Processing file /opt/airflow/dags/connect.py for tasks to queue
[2025-11-09T14:49:28.514+0000] {logging_mixin.py:188} INFO - [2025-11-09T14:49:28.513+0000] {dagbag.py:545} INFO - Filling up the DagBag from /opt/airflow/dags/connect.py
[2025-11-09T14:49:28.518+0000] {logging_mixin.py:188} INFO - [2025-11-09T14:49:28.517+0000] {dagbag.py:355} ERROR - Failed to import: /opt/airflow/dags/connect.py
Traceback (most recent call last):
  File "/home/airflow/.local/lib/python3.12/site-packages/airflow/models/dagbag.py", line 351, in parse
    loader.exec_module(new_module)
  File "<frozen importlib._bootstrap_external>", line 991, in exec_module
  File "<frozen importlib._bootstrap_external>", line 1129, in get_code
  File "<frozen importlib._bootstrap_external>", line 1059, in source_to_code
  File "<frozen importlib._bootstrap>", line 488, in _call_with_frames_removed
  File "/opt/airflow/dags/connect.py", line 96
    def generate_report(**context):
SyntaxError: expected 'except' or 'finally' block
[2025-11-09T14:49:28.518+0000] {processor.py:842} WARNING - No viable dags retrieved from /opt/airflow/dags/connect.py
[2025-11-09T14:49:28.532+0000] {processor.py:183} INFO - Processing /opt/airflow/dags/connect.py took 0.025 seconds
[2025-11-09T14:49:58.704+0000] {processor.py:161} INFO - Started process (PID=1287) to work on /opt/airflow/dags/connect.py
[2025-11-09T14:49:58.705+0000] {processor.py:830} INFO - Processing file /opt/airflow/dags/connect.py for tasks to queue
[2025-11-09T14:49:58.706+0000] {logging_mixin.py:188} INFO - [2025-11-09T14:49:58.706+0000] {dagbag.py:545} INFO - Filling up the DagBag from /opt/airflow/dags/connect.py
[2025-11-09T14:49:58.710+0000] {logging_mixin.py:188} INFO - [2025-11-09T14:49:58.710+0000] {dagbag.py:355} ERROR - Failed to import: /opt/airflow/dags/connect.py
Traceback (most recent call last):
  File "/home/airflow/.local/lib/python3.12/site-packages/airflow/models/dagbag.py", line 351, in parse
    loader.exec_module(new_module)
  File "<frozen importlib._bootstrap_external>", line 991, in exec_module
  File "<frozen importlib._bootstrap_external>", line 1129, in get_code
  File "<frozen importlib._bootstrap_external>", line 1059, in source_to_code
  File "<frozen importlib._bootstrap>", line 488, in _call_with_frames_removed
  File "/opt/airflow/dags/connect.py", line 96
    def generate_report(**context):
SyntaxError: expected 'except' or 'finally' block
[2025-11-09T14:49:58.711+0000] {processor.py:842} WARNING - No viable dags retrieved from /opt/airflow/dags/connect.py
[2025-11-09T14:49:58.725+0000] {processor.py:183} INFO - Processing /opt/airflow/dags/connect.py took 0.028 seconds
[2025-11-09T14:50:28.877+0000] {processor.py:161} INFO - Started process (PID=1297) to work on /opt/airflow/dags/connect.py
[2025-11-09T14:50:28.878+0000] {processor.py:830} INFO - Processing file /opt/airflow/dags/connect.py for tasks to queue
[2025-11-09T14:50:28.879+0000] {logging_mixin.py:188} INFO - [2025-11-09T14:50:28.879+0000] {dagbag.py:545} INFO - Filling up the DagBag from /opt/airflow/dags/connect.py
[2025-11-09T14:50:28.884+0000] {logging_mixin.py:188} INFO - [2025-11-09T14:50:28.883+0000] {dagbag.py:355} ERROR - Failed to import: /opt/airflow/dags/connect.py
Traceback (most recent call last):
  File "/home/airflow/.local/lib/python3.12/site-packages/airflow/models/dagbag.py", line 351, in parse
    loader.exec_module(new_module)
  File "<frozen importlib._bootstrap_external>", line 991, in exec_module
  File "<frozen importlib._bootstrap_external>", line 1129, in get_code
  File "<frozen importlib._bootstrap_external>", line 1059, in source_to_code
  File "<frozen importlib._bootstrap>", line 488, in _call_with_frames_removed
  File "/opt/airflow/dags/connect.py", line 96
    def generate_report(**context):
SyntaxError: expected 'except' or 'finally' block
[2025-11-09T14:50:28.885+0000] {processor.py:842} WARNING - No viable dags retrieved from /opt/airflow/dags/connect.py
[2025-11-09T14:50:28.902+0000] {processor.py:183} INFO - Processing /opt/airflow/dags/connect.py took 0.031 seconds
[2025-11-09T14:50:59.092+0000] {processor.py:161} INFO - Started process (PID=1307) to work on /opt/airflow/dags/connect.py
[2025-11-09T14:50:59.094+0000] {processor.py:830} INFO - Processing file /opt/airflow/dags/connect.py for tasks to queue
[2025-11-09T14:50:59.097+0000] {logging_mixin.py:188} INFO - [2025-11-09T14:50:59.096+0000] {dagbag.py:545} INFO - Filling up the DagBag from /opt/airflow/dags/connect.py
[2025-11-09T14:50:59.112+0000] {logging_mixin.py:188} INFO - [2025-11-09T14:50:59.109+0000] {dagbag.py:355} ERROR - Failed to import: /opt/airflow/dags/connect.py
Traceback (most recent call last):
  File "/home/airflow/.local/lib/python3.12/site-packages/airflow/models/dagbag.py", line 351, in parse
    loader.exec_module(new_module)
  File "<frozen importlib._bootstrap_external>", line 991, in exec_module
  File "<frozen importlib._bootstrap_external>", line 1129, in get_code
  File "<frozen importlib._bootstrap_external>", line 1059, in source_to_code
  File "<frozen importlib._bootstrap>", line 488, in _call_with_frames_removed
  File "/opt/airflow/dags/connect.py", line 96
    def generate_report(**context):
SyntaxError: expected 'except' or 'finally' block
[2025-11-09T14:50:59.114+0000] {processor.py:842} WARNING - No viable dags retrieved from /opt/airflow/dags/connect.py
[2025-11-09T14:50:59.165+0000] {processor.py:183} INFO - Processing /opt/airflow/dags/connect.py took 0.087 seconds
[2025-11-09T14:51:29.358+0000] {processor.py:161} INFO - Started process (PID=1317) to work on /opt/airflow/dags/connect.py
[2025-11-09T14:51:29.360+0000] {processor.py:830} INFO - Processing file /opt/airflow/dags/connect.py for tasks to queue
[2025-11-09T14:51:29.363+0000] {logging_mixin.py:188} INFO - [2025-11-09T14:51:29.362+0000] {dagbag.py:545} INFO - Filling up the DagBag from /opt/airflow/dags/connect.py
[2025-11-09T14:51:29.373+0000] {logging_mixin.py:188} INFO - [2025-11-09T14:51:29.371+0000] {dagbag.py:355} ERROR - Failed to import: /opt/airflow/dags/connect.py
Traceback (most recent call last):
  File "/home/airflow/.local/lib/python3.12/site-packages/airflow/models/dagbag.py", line 351, in parse
    loader.exec_module(new_module)
  File "<frozen importlib._bootstrap_external>", line 991, in exec_module
  File "<frozen importlib._bootstrap_external>", line 1129, in get_code
  File "<frozen importlib._bootstrap_external>", line 1059, in source_to_code
  File "<frozen importlib._bootstrap>", line 488, in _call_with_frames_removed
  File "/opt/airflow/dags/connect.py", line 96
    def generate_report(**context):
SyntaxError: expected 'except' or 'finally' block
[2025-11-09T14:51:29.374+0000] {processor.py:842} WARNING - No viable dags retrieved from /opt/airflow/dags/connect.py
[2025-11-09T14:51:29.405+0000] {processor.py:183} INFO - Processing /opt/airflow/dags/connect.py took 0.060 seconds
[2025-11-09T14:51:59.569+0000] {processor.py:161} INFO - Started process (PID=1327) to work on /opt/airflow/dags/connect.py
[2025-11-09T14:51:59.570+0000] {processor.py:830} INFO - Processing file /opt/airflow/dags/connect.py for tasks to queue
[2025-11-09T14:51:59.571+0000] {logging_mixin.py:188} INFO - [2025-11-09T14:51:59.570+0000] {dagbag.py:545} INFO - Filling up the DagBag from /opt/airflow/dags/connect.py
[2025-11-09T14:51:59.577+0000] {logging_mixin.py:188} INFO - [2025-11-09T14:51:59.576+0000] {dagbag.py:355} ERROR - Failed to import: /opt/airflow/dags/connect.py
Traceback (most recent call last):
  File "/home/airflow/.local/lib/python3.12/site-packages/airflow/models/dagbag.py", line 351, in parse
    loader.exec_module(new_module)
  File "<frozen importlib._bootstrap_external>", line 991, in exec_module
  File "<frozen importlib._bootstrap_external>", line 1129, in get_code
  File "<frozen importlib._bootstrap_external>", line 1059, in source_to_code
  File "<frozen importlib._bootstrap>", line 488, in _call_with_frames_removed
  File "/opt/airflow/dags/connect.py", line 96
    def generate_report(**context):
SyntaxError: expected 'except' or 'finally' block
[2025-11-09T14:51:59.578+0000] {processor.py:842} WARNING - No viable dags retrieved from /opt/airflow/dags/connect.py
[2025-11-09T14:51:59.593+0000] {processor.py:183} INFO - Processing /opt/airflow/dags/connect.py took 0.030 seconds
[2025-11-09T14:52:29.751+0000] {processor.py:161} INFO - Started process (PID=1337) to work on /opt/airflow/dags/connect.py
[2025-11-09T14:52:29.752+0000] {processor.py:830} INFO - Processing file /opt/airflow/dags/connect.py for tasks to queue
[2025-11-09T14:52:29.753+0000] {logging_mixin.py:188} INFO - [2025-11-09T14:52:29.753+0000] {dagbag.py:545} INFO - Filling up the DagBag from /opt/airflow/dags/connect.py
[2025-11-09T14:52:29.759+0000] {logging_mixin.py:188} INFO - [2025-11-09T14:52:29.758+0000] {dagbag.py:355} ERROR - Failed to import: /opt/airflow/dags/connect.py
Traceback (most recent call last):
  File "/home/airflow/.local/lib/python3.12/site-packages/airflow/models/dagbag.py", line 351, in parse
    loader.exec_module(new_module)
  File "<frozen importlib._bootstrap_external>", line 991, in exec_module
  File "<frozen importlib._bootstrap_external>", line 1129, in get_code
  File "<frozen importlib._bootstrap_external>", line 1059, in source_to_code
  File "<frozen importlib._bootstrap>", line 488, in _call_with_frames_removed
  File "/opt/airflow/dags/connect.py", line 96
    def generate_report(**context):
SyntaxError: expected 'except' or 'finally' block
[2025-11-09T14:52:29.760+0000] {processor.py:842} WARNING - No viable dags retrieved from /opt/airflow/dags/connect.py
[2025-11-09T14:52:29.775+0000] {processor.py:183} INFO - Processing /opt/airflow/dags/connect.py took 0.029 seconds
[2025-11-09T14:52:59.965+0000] {processor.py:161} INFO - Started process (PID=1347) to work on /opt/airflow/dags/connect.py
[2025-11-09T14:52:59.967+0000] {processor.py:830} INFO - Processing file /opt/airflow/dags/connect.py for tasks to queue
[2025-11-09T14:52:59.970+0000] {logging_mixin.py:188} INFO - [2025-11-09T14:52:59.969+0000] {dagbag.py:545} INFO - Filling up the DagBag from /opt/airflow/dags/connect.py
[2025-11-09T14:52:59.983+0000] {logging_mixin.py:188} INFO - [2025-11-09T14:52:59.980+0000] {dagbag.py:355} ERROR - Failed to import: /opt/airflow/dags/connect.py
Traceback (most recent call last):
  File "/home/airflow/.local/lib/python3.12/site-packages/airflow/models/dagbag.py", line 351, in parse
    loader.exec_module(new_module)
  File "<frozen importlib._bootstrap_external>", line 991, in exec_module
  File "<frozen importlib._bootstrap_external>", line 1129, in get_code
  File "<frozen importlib._bootstrap_external>", line 1059, in source_to_code
  File "<frozen importlib._bootstrap>", line 488, in _call_with_frames_removed
  File "/opt/airflow/dags/connect.py", line 96
    def generate_report(**context):
SyntaxError: expected 'except' or 'finally' block
[2025-11-09T14:52:59.985+0000] {processor.py:842} WARNING - No viable dags retrieved from /opt/airflow/dags/connect.py
[2025-11-09T14:53:00.007+0000] {processor.py:183} INFO - Processing /opt/airflow/dags/connect.py took 0.055 seconds
[2025-11-09T14:53:30.177+0000] {processor.py:161} INFO - Started process (PID=1357) to work on /opt/airflow/dags/connect.py
[2025-11-09T14:53:30.178+0000] {processor.py:830} INFO - Processing file /opt/airflow/dags/connect.py for tasks to queue
[2025-11-09T14:53:30.179+0000] {logging_mixin.py:188} INFO - [2025-11-09T14:53:30.179+0000] {dagbag.py:545} INFO - Filling up the DagBag from /opt/airflow/dags/connect.py
[2025-11-09T14:53:30.184+0000] {logging_mixin.py:188} INFO - [2025-11-09T14:53:30.183+0000] {dagbag.py:355} ERROR - Failed to import: /opt/airflow/dags/connect.py
Traceback (most recent call last):
  File "/home/airflow/.local/lib/python3.12/site-packages/airflow/models/dagbag.py", line 351, in parse
    loader.exec_module(new_module)
  File "<frozen importlib._bootstrap_external>", line 991, in exec_module
  File "<frozen importlib._bootstrap_external>", line 1129, in get_code
  File "<frozen importlib._bootstrap_external>", line 1059, in source_to_code
  File "<frozen importlib._bootstrap>", line 488, in _call_with_frames_removed
  File "/opt/airflow/dags/connect.py", line 96
    def generate_report(**context):
SyntaxError: expected 'except' or 'finally' block
[2025-11-09T14:53:30.185+0000] {processor.py:842} WARNING - No viable dags retrieved from /opt/airflow/dags/connect.py
[2025-11-09T14:53:30.200+0000] {processor.py:183} INFO - Processing /opt/airflow/dags/connect.py took 0.029 seconds
[2025-11-09T14:54:00.449+0000] {processor.py:161} INFO - Started process (PID=1367) to work on /opt/airflow/dags/connect.py
[2025-11-09T14:54:00.450+0000] {processor.py:830} INFO - Processing file /opt/airflow/dags/connect.py for tasks to queue
[2025-11-09T14:54:00.452+0000] {logging_mixin.py:188} INFO - [2025-11-09T14:54:00.452+0000] {dagbag.py:545} INFO - Filling up the DagBag from /opt/airflow/dags/connect.py
[2025-11-09T14:54:00.463+0000] {logging_mixin.py:188} INFO - [2025-11-09T14:54:00.462+0000] {dagbag.py:355} ERROR - Failed to import: /opt/airflow/dags/connect.py
Traceback (most recent call last):
  File "/home/airflow/.local/lib/python3.12/site-packages/airflow/models/dagbag.py", line 351, in parse
    loader.exec_module(new_module)
  File "<frozen importlib._bootstrap_external>", line 991, in exec_module
  File "<frozen importlib._bootstrap_external>", line 1129, in get_code
  File "<frozen importlib._bootstrap_external>", line 1059, in source_to_code
  File "<frozen importlib._bootstrap>", line 488, in _call_with_frames_removed
  File "/opt/airflow/dags/connect.py", line 96
    def generate_report(**context):
SyntaxError: expected 'except' or 'finally' block
[2025-11-09T14:54:00.466+0000] {processor.py:842} WARNING - No viable dags retrieved from /opt/airflow/dags/connect.py
[2025-11-09T14:54:00.487+0000] {processor.py:183} INFO - Processing /opt/airflow/dags/connect.py took 0.059 seconds
[2025-11-09T14:54:30.674+0000] {processor.py:161} INFO - Started process (PID=1377) to work on /opt/airflow/dags/connect.py
[2025-11-09T14:54:30.675+0000] {processor.py:830} INFO - Processing file /opt/airflow/dags/connect.py for tasks to queue
[2025-11-09T14:54:30.677+0000] {logging_mixin.py:188} INFO - [2025-11-09T14:54:30.676+0000] {dagbag.py:545} INFO - Filling up the DagBag from /opt/airflow/dags/connect.py
[2025-11-09T14:54:30.684+0000] {logging_mixin.py:188} INFO - [2025-11-09T14:54:30.683+0000] {dagbag.py:355} ERROR - Failed to import: /opt/airflow/dags/connect.py
Traceback (most recent call last):
  File "/home/airflow/.local/lib/python3.12/site-packages/airflow/models/dagbag.py", line 351, in parse
    loader.exec_module(new_module)
  File "<frozen importlib._bootstrap_external>", line 991, in exec_module
  File "<frozen importlib._bootstrap_external>", line 1129, in get_code
  File "<frozen importlib._bootstrap_external>", line 1059, in source_to_code
  File "<frozen importlib._bootstrap>", line 488, in _call_with_frames_removed
  File "/opt/airflow/dags/connect.py", line 96
    def generate_report(**context):
SyntaxError: expected 'except' or 'finally' block
[2025-11-09T14:54:30.685+0000] {processor.py:842} WARNING - No viable dags retrieved from /opt/airflow/dags/connect.py
[2025-11-09T14:54:30.702+0000] {processor.py:183} INFO - Processing /opt/airflow/dags/connect.py took 0.037 seconds
[2025-11-09T14:55:00.884+0000] {processor.py:161} INFO - Started process (PID=1387) to work on /opt/airflow/dags/connect.py
[2025-11-09T14:55:00.885+0000] {processor.py:830} INFO - Processing file /opt/airflow/dags/connect.py for tasks to queue
[2025-11-09T14:55:00.886+0000] {logging_mixin.py:188} INFO - [2025-11-09T14:55:00.886+0000] {dagbag.py:545} INFO - Filling up the DagBag from /opt/airflow/dags/connect.py
[2025-11-09T14:55:00.891+0000] {logging_mixin.py:188} INFO - [2025-11-09T14:55:00.890+0000] {dagbag.py:355} ERROR - Failed to import: /opt/airflow/dags/connect.py
Traceback (most recent call last):
  File "/home/airflow/.local/lib/python3.12/site-packages/airflow/models/dagbag.py", line 351, in parse
    loader.exec_module(new_module)
  File "<frozen importlib._bootstrap_external>", line 991, in exec_module
  File "<frozen importlib._bootstrap_external>", line 1129, in get_code
  File "<frozen importlib._bootstrap_external>", line 1059, in source_to_code
  File "<frozen importlib._bootstrap>", line 488, in _call_with_frames_removed
  File "/opt/airflow/dags/connect.py", line 96
    def generate_report(**context):
SyntaxError: expected 'except' or 'finally' block
[2025-11-09T14:55:00.891+0000] {processor.py:842} WARNING - No viable dags retrieved from /opt/airflow/dags/connect.py
[2025-11-09T14:55:00.905+0000] {processor.py:183} INFO - Processing /opt/airflow/dags/connect.py took 0.029 seconds
[2025-11-09T14:55:31.081+0000] {processor.py:161} INFO - Started process (PID=1397) to work on /opt/airflow/dags/connect.py
[2025-11-09T14:55:31.082+0000] {processor.py:830} INFO - Processing file /opt/airflow/dags/connect.py for tasks to queue
[2025-11-09T14:55:31.083+0000] {logging_mixin.py:188} INFO - [2025-11-09T14:55:31.082+0000] {dagbag.py:545} INFO - Filling up the DagBag from /opt/airflow/dags/connect.py
[2025-11-09T14:55:31.088+0000] {logging_mixin.py:188} INFO - [2025-11-09T14:55:31.086+0000] {dagbag.py:355} ERROR - Failed to import: /opt/airflow/dags/connect.py
Traceback (most recent call last):
  File "/home/airflow/.local/lib/python3.12/site-packages/airflow/models/dagbag.py", line 351, in parse
    loader.exec_module(new_module)
  File "<frozen importlib._bootstrap_external>", line 991, in exec_module
  File "<frozen importlib._bootstrap_external>", line 1129, in get_code
  File "<frozen importlib._bootstrap_external>", line 1059, in source_to_code
  File "<frozen importlib._bootstrap>", line 488, in _call_with_frames_removed
  File "/opt/airflow/dags/connect.py", line 96
    def generate_report(**context):
SyntaxError: expected 'except' or 'finally' block
[2025-11-09T14:55:31.088+0000] {processor.py:842} WARNING - No viable dags retrieved from /opt/airflow/dags/connect.py
[2025-11-09T14:55:31.101+0000] {processor.py:183} INFO - Processing /opt/airflow/dags/connect.py took 0.032 seconds
[2025-11-09T14:56:01.266+0000] {processor.py:161} INFO - Started process (PID=1407) to work on /opt/airflow/dags/connect.py
[2025-11-09T14:56:01.267+0000] {processor.py:830} INFO - Processing file /opt/airflow/dags/connect.py for tasks to queue
[2025-11-09T14:56:01.269+0000] {logging_mixin.py:188} INFO - [2025-11-09T14:56:01.269+0000] {dagbag.py:545} INFO - Filling up the DagBag from /opt/airflow/dags/connect.py
[2025-11-09T14:56:01.278+0000] {logging_mixin.py:188} INFO - [2025-11-09T14:56:01.276+0000] {dagbag.py:355} ERROR - Failed to import: /opt/airflow/dags/connect.py
Traceback (most recent call last):
  File "/home/airflow/.local/lib/python3.12/site-packages/airflow/models/dagbag.py", line 351, in parse
    loader.exec_module(new_module)
  File "<frozen importlib._bootstrap_external>", line 991, in exec_module
  File "<frozen importlib._bootstrap_external>", line 1129, in get_code
  File "<frozen importlib._bootstrap_external>", line 1059, in source_to_code
  File "<frozen importlib._bootstrap>", line 488, in _call_with_frames_removed
  File "/opt/airflow/dags/connect.py", line 96
    def generate_report(**context):
SyntaxError: expected 'except' or 'finally' block
[2025-11-09T14:56:01.278+0000] {processor.py:842} WARNING - No viable dags retrieved from /opt/airflow/dags/connect.py
[2025-11-09T14:56:01.306+0000] {processor.py:183} INFO - Processing /opt/airflow/dags/connect.py took 0.054 seconds
[2025-11-09T14:56:31.540+0000] {processor.py:161} INFO - Started process (PID=1417) to work on /opt/airflow/dags/connect.py
[2025-11-09T14:56:31.542+0000] {processor.py:830} INFO - Processing file /opt/airflow/dags/connect.py for tasks to queue
[2025-11-09T14:56:31.543+0000] {logging_mixin.py:188} INFO - [2025-11-09T14:56:31.543+0000] {dagbag.py:545} INFO - Filling up the DagBag from /opt/airflow/dags/connect.py
[2025-11-09T14:56:31.551+0000] {logging_mixin.py:188} INFO - [2025-11-09T14:56:31.550+0000] {dagbag.py:355} ERROR - Failed to import: /opt/airflow/dags/connect.py
Traceback (most recent call last):
  File "/home/airflow/.local/lib/python3.12/site-packages/airflow/models/dagbag.py", line 351, in parse
    loader.exec_module(new_module)
  File "<frozen importlib._bootstrap_external>", line 991, in exec_module
  File "<frozen importlib._bootstrap_external>", line 1129, in get_code
  File "<frozen importlib._bootstrap_external>", line 1059, in source_to_code
  File "<frozen importlib._bootstrap>", line 488, in _call_with_frames_removed
  File "/opt/airflow/dags/connect.py", line 96
    def generate_report(**context):
SyntaxError: expected 'except' or 'finally' block
[2025-11-09T14:56:31.552+0000] {processor.py:842} WARNING - No viable dags retrieved from /opt/airflow/dags/connect.py
[2025-11-09T14:56:31.583+0000] {processor.py:183} INFO - Processing /opt/airflow/dags/connect.py took 0.051 seconds
[2025-11-09T14:57:01.846+0000] {processor.py:161} INFO - Started process (PID=1427) to work on /opt/airflow/dags/connect.py
[2025-11-09T14:57:01.847+0000] {processor.py:830} INFO - Processing file /opt/airflow/dags/connect.py for tasks to queue
[2025-11-09T14:57:01.848+0000] {logging_mixin.py:188} INFO - [2025-11-09T14:57:01.848+0000] {dagbag.py:545} INFO - Filling up the DagBag from /opt/airflow/dags/connect.py
[2025-11-09T14:57:01.859+0000] {logging_mixin.py:188} INFO - [2025-11-09T14:57:01.858+0000] {dagbag.py:355} ERROR - Failed to import: /opt/airflow/dags/connect.py
Traceback (most recent call last):
  File "/home/airflow/.local/lib/python3.12/site-packages/airflow/models/dagbag.py", line 351, in parse
    loader.exec_module(new_module)
  File "<frozen importlib._bootstrap_external>", line 991, in exec_module
  File "<frozen importlib._bootstrap_external>", line 1129, in get_code
  File "<frozen importlib._bootstrap_external>", line 1059, in source_to_code
  File "<frozen importlib._bootstrap>", line 488, in _call_with_frames_removed
  File "/opt/airflow/dags/connect.py", line 96
    def generate_report(**context):
SyntaxError: expected 'except' or 'finally' block
[2025-11-09T14:57:01.859+0000] {processor.py:842} WARNING - No viable dags retrieved from /opt/airflow/dags/connect.py
[2025-11-09T14:57:01.879+0000] {processor.py:183} INFO - Processing /opt/airflow/dags/connect.py took 0.040 seconds
[2025-11-09T14:57:32.158+0000] {processor.py:161} INFO - Started process (PID=1437) to work on /opt/airflow/dags/connect.py
[2025-11-09T14:57:32.161+0000] {processor.py:830} INFO - Processing file /opt/airflow/dags/connect.py for tasks to queue
[2025-11-09T14:57:32.167+0000] {logging_mixin.py:188} INFO - [2025-11-09T14:57:32.165+0000] {dagbag.py:545} INFO - Filling up the DagBag from /opt/airflow/dags/connect.py
[2025-11-09T14:57:32.185+0000] {logging_mixin.py:188} INFO - [2025-11-09T14:57:32.181+0000] {dagbag.py:355} ERROR - Failed to import: /opt/airflow/dags/connect.py
Traceback (most recent call last):
  File "/home/airflow/.local/lib/python3.12/site-packages/airflow/models/dagbag.py", line 351, in parse
    loader.exec_module(new_module)
  File "<frozen importlib._bootstrap_external>", line 991, in exec_module
  File "<frozen importlib._bootstrap_external>", line 1129, in get_code
  File "<frozen importlib._bootstrap_external>", line 1059, in source_to_code
  File "<frozen importlib._bootstrap>", line 488, in _call_with_frames_removed
  File "/opt/airflow/dags/connect.py", line 96
    def generate_report(**context):
SyntaxError: expected 'except' or 'finally' block
[2025-11-09T14:57:32.187+0000] {processor.py:842} WARNING - No viable dags retrieved from /opt/airflow/dags/connect.py
[2025-11-09T14:57:32.253+0000] {processor.py:183} INFO - Processing /opt/airflow/dags/connect.py took 0.111 seconds
[2025-11-09T14:58:02.533+0000] {processor.py:161} INFO - Started process (PID=1447) to work on /opt/airflow/dags/connect.py
[2025-11-09T14:58:02.535+0000] {processor.py:830} INFO - Processing file /opt/airflow/dags/connect.py for tasks to queue
[2025-11-09T14:58:02.538+0000] {logging_mixin.py:188} INFO - [2025-11-09T14:58:02.537+0000] {dagbag.py:545} INFO - Filling up the DagBag from /opt/airflow/dags/connect.py
[2025-11-09T14:58:02.557+0000] {logging_mixin.py:188} INFO - [2025-11-09T14:58:02.554+0000] {dagbag.py:355} ERROR - Failed to import: /opt/airflow/dags/connect.py
Traceback (most recent call last):
  File "/home/airflow/.local/lib/python3.12/site-packages/airflow/models/dagbag.py", line 351, in parse
    loader.exec_module(new_module)
  File "<frozen importlib._bootstrap_external>", line 991, in exec_module
  File "<frozen importlib._bootstrap_external>", line 1129, in get_code
  File "<frozen importlib._bootstrap_external>", line 1059, in source_to_code
  File "<frozen importlib._bootstrap>", line 488, in _call_with_frames_removed
  File "/opt/airflow/dags/connect.py", line 96
    def generate_report(**context):
SyntaxError: expected 'except' or 'finally' block
[2025-11-09T14:58:02.560+0000] {processor.py:842} WARNING - No viable dags retrieved from /opt/airflow/dags/connect.py
[2025-11-09T14:58:02.614+0000] {processor.py:183} INFO - Processing /opt/airflow/dags/connect.py took 0.099 seconds
[2025-11-09T14:58:32.890+0000] {processor.py:161} INFO - Started process (PID=1457) to work on /opt/airflow/dags/connect.py
[2025-11-09T14:58:32.891+0000] {processor.py:830} INFO - Processing file /opt/airflow/dags/connect.py for tasks to queue
[2025-11-09T14:58:32.893+0000] {logging_mixin.py:188} INFO - [2025-11-09T14:58:32.892+0000] {dagbag.py:545} INFO - Filling up the DagBag from /opt/airflow/dags/connect.py
[2025-11-09T14:58:32.901+0000] {logging_mixin.py:188} INFO - [2025-11-09T14:58:32.899+0000] {dagbag.py:355} ERROR - Failed to import: /opt/airflow/dags/connect.py
Traceback (most recent call last):
  File "/home/airflow/.local/lib/python3.12/site-packages/airflow/models/dagbag.py", line 351, in parse
    loader.exec_module(new_module)
  File "<frozen importlib._bootstrap_external>", line 991, in exec_module
  File "<frozen importlib._bootstrap_external>", line 1129, in get_code
  File "<frozen importlib._bootstrap_external>", line 1059, in source_to_code
  File "<frozen importlib._bootstrap>", line 488, in _call_with_frames_removed
  File "/opt/airflow/dags/connect.py", line 96
    def generate_report(**context):
SyntaxError: expected 'except' or 'finally' block
[2025-11-09T14:58:32.903+0000] {processor.py:842} WARNING - No viable dags retrieved from /opt/airflow/dags/connect.py
[2025-11-09T14:58:32.931+0000] {processor.py:183} INFO - Processing /opt/airflow/dags/connect.py took 0.050 seconds
[2025-11-09T14:59:03.288+0000] {processor.py:161} INFO - Started process (PID=1467) to work on /opt/airflow/dags/connect.py
[2025-11-09T14:59:03.290+0000] {processor.py:830} INFO - Processing file /opt/airflow/dags/connect.py for tasks to queue
[2025-11-09T14:59:03.293+0000] {logging_mixin.py:188} INFO - [2025-11-09T14:59:03.292+0000] {dagbag.py:545} INFO - Filling up the DagBag from /opt/airflow/dags/connect.py
[2025-11-09T14:59:03.311+0000] {logging_mixin.py:188} INFO - [2025-11-09T14:59:03.308+0000] {dagbag.py:355} ERROR - Failed to import: /opt/airflow/dags/connect.py
Traceback (most recent call last):
  File "/home/airflow/.local/lib/python3.12/site-packages/airflow/models/dagbag.py", line 351, in parse
    loader.exec_module(new_module)
  File "<frozen importlib._bootstrap_external>", line 991, in exec_module
  File "<frozen importlib._bootstrap_external>", line 1129, in get_code
  File "<frozen importlib._bootstrap_external>", line 1059, in source_to_code
  File "<frozen importlib._bootstrap>", line 488, in _call_with_frames_removed
  File "/opt/airflow/dags/connect.py", line 96
    def generate_report(**context):
SyntaxError: expected 'except' or 'finally' block
[2025-11-09T14:59:03.313+0000] {processor.py:842} WARNING - No viable dags retrieved from /opt/airflow/dags/connect.py
[2025-11-09T14:59:03.367+0000] {processor.py:183} INFO - Processing /opt/airflow/dags/connect.py took 0.097 seconds
[2025-11-09T14:59:33.723+0000] {processor.py:161} INFO - Started process (PID=1477) to work on /opt/airflow/dags/connect.py
[2025-11-09T14:59:33.725+0000] {processor.py:830} INFO - Processing file /opt/airflow/dags/connect.py for tasks to queue
[2025-11-09T14:59:33.727+0000] {logging_mixin.py:188} INFO - [2025-11-09T14:59:33.726+0000] {dagbag.py:545} INFO - Filling up the DagBag from /opt/airflow/dags/connect.py
[2025-11-09T14:59:33.744+0000] {logging_mixin.py:188} INFO - [2025-11-09T14:59:33.742+0000] {dagbag.py:355} ERROR - Failed to import: /opt/airflow/dags/connect.py
Traceback (most recent call last):
  File "/home/airflow/.local/lib/python3.12/site-packages/airflow/models/dagbag.py", line 351, in parse
    loader.exec_module(new_module)
  File "<frozen importlib._bootstrap_external>", line 991, in exec_module
  File "<frozen importlib._bootstrap_external>", line 1129, in get_code
  File "<frozen importlib._bootstrap_external>", line 1059, in source_to_code
  File "<frozen importlib._bootstrap>", line 488, in _call_with_frames_removed
  File "/opt/airflow/dags/connect.py", line 96
    def generate_report(**context):
SyntaxError: expected 'except' or 'finally' block
[2025-11-09T14:59:33.746+0000] {processor.py:842} WARNING - No viable dags retrieved from /opt/airflow/dags/connect.py
[2025-11-09T14:59:33.798+0000] {processor.py:183} INFO - Processing /opt/airflow/dags/connect.py took 0.093 seconds
[2025-11-09T15:00:04.072+0000] {processor.py:161} INFO - Started process (PID=1487) to work on /opt/airflow/dags/connect.py
[2025-11-09T15:00:04.074+0000] {processor.py:830} INFO - Processing file /opt/airflow/dags/connect.py for tasks to queue
[2025-11-09T15:00:04.076+0000] {logging_mixin.py:188} INFO - [2025-11-09T15:00:04.075+0000] {dagbag.py:545} INFO - Filling up the DagBag from /opt/airflow/dags/connect.py
[2025-11-09T15:00:04.086+0000] {logging_mixin.py:188} INFO - [2025-11-09T15:00:04.085+0000] {dagbag.py:355} ERROR - Failed to import: /opt/airflow/dags/connect.py
Traceback (most recent call last):
  File "/home/airflow/.local/lib/python3.12/site-packages/airflow/models/dagbag.py", line 351, in parse
    loader.exec_module(new_module)
  File "<frozen importlib._bootstrap_external>", line 991, in exec_module
  File "<frozen importlib._bootstrap_external>", line 1129, in get_code
  File "<frozen importlib._bootstrap_external>", line 1059, in source_to_code
  File "<frozen importlib._bootstrap>", line 488, in _call_with_frames_removed
  File "/opt/airflow/dags/connect.py", line 96
    def generate_report(**context):
SyntaxError: expected 'except' or 'finally' block
[2025-11-09T15:00:04.087+0000] {processor.py:842} WARNING - No viable dags retrieved from /opt/airflow/dags/connect.py
[2025-11-09T15:00:04.119+0000] {processor.py:183} INFO - Processing /opt/airflow/dags/connect.py took 0.055 seconds
[2025-11-09T15:00:34.421+0000] {processor.py:161} INFO - Started process (PID=1497) to work on /opt/airflow/dags/connect.py
[2025-11-09T15:00:34.424+0000] {processor.py:830} INFO - Processing file /opt/airflow/dags/connect.py for tasks to queue
[2025-11-09T15:00:34.428+0000] {logging_mixin.py:188} INFO - [2025-11-09T15:00:34.427+0000] {dagbag.py:545} INFO - Filling up the DagBag from /opt/airflow/dags/connect.py
[2025-11-09T15:00:34.443+0000] {logging_mixin.py:188} INFO - [2025-11-09T15:00:34.440+0000] {dagbag.py:355} ERROR - Failed to import: /opt/airflow/dags/connect.py
Traceback (most recent call last):
  File "/home/airflow/.local/lib/python3.12/site-packages/airflow/models/dagbag.py", line 351, in parse
    loader.exec_module(new_module)
  File "<frozen importlib._bootstrap_external>", line 991, in exec_module
  File "<frozen importlib._bootstrap_external>", line 1129, in get_code
  File "<frozen importlib._bootstrap_external>", line 1059, in source_to_code
  File "<frozen importlib._bootstrap>", line 488, in _call_with_frames_removed
  File "/opt/airflow/dags/connect.py", line 96
    def generate_report(**context):
SyntaxError: expected 'except' or 'finally' block
[2025-11-09T15:00:34.445+0000] {processor.py:842} WARNING - No viable dags retrieved from /opt/airflow/dags/connect.py
[2025-11-09T15:00:34.495+0000] {processor.py:183} INFO - Processing /opt/airflow/dags/connect.py took 0.092 seconds
[2025-11-09T15:01:04.776+0000] {processor.py:161} INFO - Started process (PID=1507) to work on /opt/airflow/dags/connect.py
[2025-11-09T15:01:04.779+0000] {processor.py:830} INFO - Processing file /opt/airflow/dags/connect.py for tasks to queue
[2025-11-09T15:01:04.782+0000] {logging_mixin.py:188} INFO - [2025-11-09T15:01:04.781+0000] {dagbag.py:545} INFO - Filling up the DagBag from /opt/airflow/dags/connect.py
[2025-11-09T15:01:04.804+0000] {logging_mixin.py:188} INFO - [2025-11-09T15:01:04.801+0000] {dagbag.py:355} ERROR - Failed to import: /opt/airflow/dags/connect.py
Traceback (most recent call last):
  File "/home/airflow/.local/lib/python3.12/site-packages/airflow/models/dagbag.py", line 351, in parse
    loader.exec_module(new_module)
  File "<frozen importlib._bootstrap_external>", line 991, in exec_module
  File "<frozen importlib._bootstrap_external>", line 1129, in get_code
  File "<frozen importlib._bootstrap_external>", line 1059, in source_to_code
  File "<frozen importlib._bootstrap>", line 488, in _call_with_frames_removed
  File "/opt/airflow/dags/connect.py", line 96
    def generate_report(**context):
SyntaxError: expected 'except' or 'finally' block
[2025-11-09T15:01:04.806+0000] {processor.py:842} WARNING - No viable dags retrieved from /opt/airflow/dags/connect.py
[2025-11-09T15:01:04.856+0000] {processor.py:183} INFO - Processing /opt/airflow/dags/connect.py took 0.097 seconds
[2025-11-09T15:01:35.111+0000] {processor.py:161} INFO - Started process (PID=1517) to work on /opt/airflow/dags/connect.py
[2025-11-09T15:01:35.114+0000] {processor.py:830} INFO - Processing file /opt/airflow/dags/connect.py for tasks to queue
[2025-11-09T15:01:35.118+0000] {logging_mixin.py:188} INFO - [2025-11-09T15:01:35.116+0000] {dagbag.py:545} INFO - Filling up the DagBag from /opt/airflow/dags/connect.py
[2025-11-09T15:01:35.124+0000] {logging_mixin.py:188} INFO - [2025-11-09T15:01:35.123+0000] {dagbag.py:355} ERROR - Failed to import: /opt/airflow/dags/connect.py
Traceback (most recent call last):
  File "/home/airflow/.local/lib/python3.12/site-packages/airflow/models/dagbag.py", line 351, in parse
    loader.exec_module(new_module)
  File "<frozen importlib._bootstrap_external>", line 991, in exec_module
  File "<frozen importlib._bootstrap_external>", line 1129, in get_code
  File "<frozen importlib._bootstrap_external>", line 1059, in source_to_code
  File "<frozen importlib._bootstrap>", line 488, in _call_with_frames_removed
  File "/opt/airflow/dags/connect.py", line 96
    def generate_report(**context):
SyntaxError: expected 'except' or 'finally' block
[2025-11-09T15:01:35.125+0000] {processor.py:842} WARNING - No viable dags retrieved from /opt/airflow/dags/connect.py
[2025-11-09T15:01:35.156+0000] {processor.py:183} INFO - Processing /opt/airflow/dags/connect.py took 0.053 seconds
[2025-11-09T15:02:05.455+0000] {processor.py:161} INFO - Started process (PID=1527) to work on /opt/airflow/dags/connect.py
[2025-11-09T15:02:05.460+0000] {processor.py:830} INFO - Processing file /opt/airflow/dags/connect.py for tasks to queue
[2025-11-09T15:02:05.463+0000] {logging_mixin.py:188} INFO - [2025-11-09T15:02:05.462+0000] {dagbag.py:545} INFO - Filling up the DagBag from /opt/airflow/dags/connect.py
[2025-11-09T15:02:05.482+0000] {logging_mixin.py:188} INFO - [2025-11-09T15:02:05.478+0000] {dagbag.py:355} ERROR - Failed to import: /opt/airflow/dags/connect.py
Traceback (most recent call last):
  File "/home/airflow/.local/lib/python3.12/site-packages/airflow/models/dagbag.py", line 351, in parse
    loader.exec_module(new_module)
  File "<frozen importlib._bootstrap_external>", line 991, in exec_module
  File "<frozen importlib._bootstrap_external>", line 1129, in get_code
  File "<frozen importlib._bootstrap_external>", line 1059, in source_to_code
  File "<frozen importlib._bootstrap>", line 488, in _call_with_frames_removed
  File "/opt/airflow/dags/connect.py", line 96
    def generate_report(**context):
SyntaxError: expected 'except' or 'finally' block
[2025-11-09T15:02:05.484+0000] {processor.py:842} WARNING - No viable dags retrieved from /opt/airflow/dags/connect.py
[2025-11-09T15:02:05.533+0000] {processor.py:183} INFO - Processing /opt/airflow/dags/connect.py took 0.096 seconds
[2025-11-09T15:02:35.853+0000] {processor.py:161} INFO - Started process (PID=1537) to work on /opt/airflow/dags/connect.py
[2025-11-09T15:02:35.861+0000] {processor.py:830} INFO - Processing file /opt/airflow/dags/connect.py for tasks to queue
[2025-11-09T15:02:35.865+0000] {logging_mixin.py:188} INFO - [2025-11-09T15:02:35.864+0000] {dagbag.py:545} INFO - Filling up the DagBag from /opt/airflow/dags/connect.py
[2025-11-09T15:02:35.884+0000] {logging_mixin.py:188} INFO - [2025-11-09T15:02:35.881+0000] {dagbag.py:355} ERROR - Failed to import: /opt/airflow/dags/connect.py
Traceback (most recent call last):
  File "/home/airflow/.local/lib/python3.12/site-packages/airflow/models/dagbag.py", line 351, in parse
    loader.exec_module(new_module)
  File "<frozen importlib._bootstrap_external>", line 991, in exec_module
  File "<frozen importlib._bootstrap_external>", line 1129, in get_code
  File "<frozen importlib._bootstrap_external>", line 1059, in source_to_code
  File "<frozen importlib._bootstrap>", line 488, in _call_with_frames_removed
  File "/opt/airflow/dags/connect.py", line 96
    def generate_report(**context):
SyntaxError: expected 'except' or 'finally' block
[2025-11-09T15:02:35.887+0000] {processor.py:842} WARNING - No viable dags retrieved from /opt/airflow/dags/connect.py
[2025-11-09T15:02:35.934+0000] {processor.py:183} INFO - Processing /opt/airflow/dags/connect.py took 0.100 seconds
[2025-11-09T15:03:06.213+0000] {processor.py:161} INFO - Started process (PID=1547) to work on /opt/airflow/dags/connect.py
[2025-11-09T15:03:06.215+0000] {processor.py:830} INFO - Processing file /opt/airflow/dags/connect.py for tasks to queue
[2025-11-09T15:03:06.218+0000] {logging_mixin.py:188} INFO - [2025-11-09T15:03:06.217+0000] {dagbag.py:545} INFO - Filling up the DagBag from /opt/airflow/dags/connect.py
[2025-11-09T15:03:06.242+0000] {logging_mixin.py:188} INFO - [2025-11-09T15:03:06.238+0000] {dagbag.py:355} ERROR - Failed to import: /opt/airflow/dags/connect.py
Traceback (most recent call last):
  File "/home/airflow/.local/lib/python3.12/site-packages/airflow/models/dagbag.py", line 351, in parse
    loader.exec_module(new_module)
  File "<frozen importlib._bootstrap_external>", line 991, in exec_module
  File "<frozen importlib._bootstrap_external>", line 1129, in get_code
  File "<frozen importlib._bootstrap_external>", line 1059, in source_to_code
  File "<frozen importlib._bootstrap>", line 488, in _call_with_frames_removed
  File "/opt/airflow/dags/connect.py", line 96
    def generate_report(**context):
SyntaxError: expected 'except' or 'finally' block
[2025-11-09T15:03:06.243+0000] {processor.py:842} WARNING - No viable dags retrieved from /opt/airflow/dags/connect.py
[2025-11-09T15:03:06.272+0000] {processor.py:183} INFO - Processing /opt/airflow/dags/connect.py took 0.067 seconds
[2025-11-09T15:03:36.527+0000] {processor.py:161} INFO - Started process (PID=1557) to work on /opt/airflow/dags/connect.py
[2025-11-09T15:03:36.529+0000] {processor.py:830} INFO - Processing file /opt/airflow/dags/connect.py for tasks to queue
[2025-11-09T15:03:36.534+0000] {logging_mixin.py:188} INFO - [2025-11-09T15:03:36.532+0000] {dagbag.py:545} INFO - Filling up the DagBag from /opt/airflow/dags/connect.py
[2025-11-09T15:03:36.556+0000] {logging_mixin.py:188} INFO - [2025-11-09T15:03:36.553+0000] {dagbag.py:355} ERROR - Failed to import: /opt/airflow/dags/connect.py
Traceback (most recent call last):
  File "/home/airflow/.local/lib/python3.12/site-packages/airflow/models/dagbag.py", line 351, in parse
    loader.exec_module(new_module)
  File "<frozen importlib._bootstrap_external>", line 991, in exec_module
  File "<frozen importlib._bootstrap_external>", line 1129, in get_code
  File "<frozen importlib._bootstrap_external>", line 1059, in source_to_code
  File "<frozen importlib._bootstrap>", line 488, in _call_with_frames_removed
  File "/opt/airflow/dags/connect.py", line 96
    def generate_report(**context):
SyntaxError: expected 'except' or 'finally' block
[2025-11-09T15:03:36.558+0000] {processor.py:842} WARNING - No viable dags retrieved from /opt/airflow/dags/connect.py
[2025-11-09T15:03:36.611+0000] {processor.py:183} INFO - Processing /opt/airflow/dags/connect.py took 0.102 seconds
[2025-11-09T15:04:06.930+0000] {processor.py:161} INFO - Started process (PID=1567) to work on /opt/airflow/dags/connect.py
[2025-11-09T15:04:06.932+0000] {processor.py:830} INFO - Processing file /opt/airflow/dags/connect.py for tasks to queue
[2025-11-09T15:04:06.936+0000] {logging_mixin.py:188} INFO - [2025-11-09T15:04:06.935+0000] {dagbag.py:545} INFO - Filling up the DagBag from /opt/airflow/dags/connect.py
[2025-11-09T15:04:06.965+0000] {logging_mixin.py:188} INFO - [2025-11-09T15:04:06.958+0000] {dagbag.py:355} ERROR - Failed to import: /opt/airflow/dags/connect.py
Traceback (most recent call last):
  File "/home/airflow/.local/lib/python3.12/site-packages/airflow/models/dagbag.py", line 351, in parse
    loader.exec_module(new_module)
  File "<frozen importlib._bootstrap_external>", line 991, in exec_module
  File "<frozen importlib._bootstrap_external>", line 1129, in get_code
  File "<frozen importlib._bootstrap_external>", line 1059, in source_to_code
  File "<frozen importlib._bootstrap>", line 488, in _call_with_frames_removed
  File "/opt/airflow/dags/connect.py", line 96
    def generate_report(**context):
SyntaxError: expected 'except' or 'finally' block
[2025-11-09T15:04:06.968+0000] {processor.py:842} WARNING - No viable dags retrieved from /opt/airflow/dags/connect.py
[2025-11-09T15:04:07.022+0000] {processor.py:183} INFO - Processing /opt/airflow/dags/connect.py took 0.111 seconds
[2025-11-09T15:04:37.312+0000] {processor.py:161} INFO - Started process (PID=1577) to work on /opt/airflow/dags/connect.py
[2025-11-09T15:04:37.313+0000] {processor.py:830} INFO - Processing file /opt/airflow/dags/connect.py for tasks to queue
[2025-11-09T15:04:37.315+0000] {logging_mixin.py:188} INFO - [2025-11-09T15:04:37.315+0000] {dagbag.py:545} INFO - Filling up the DagBag from /opt/airflow/dags/connect.py
[2025-11-09T15:04:37.329+0000] {logging_mixin.py:188} INFO - [2025-11-09T15:04:37.327+0000] {dagbag.py:355} ERROR - Failed to import: /opt/airflow/dags/connect.py
Traceback (most recent call last):
  File "/home/airflow/.local/lib/python3.12/site-packages/airflow/models/dagbag.py", line 351, in parse
    loader.exec_module(new_module)
  File "<frozen importlib._bootstrap_external>", line 991, in exec_module
  File "<frozen importlib._bootstrap_external>", line 1129, in get_code
  File "<frozen importlib._bootstrap_external>", line 1059, in source_to_code
  File "<frozen importlib._bootstrap>", line 488, in _call_with_frames_removed
  File "/opt/airflow/dags/connect.py", line 96
    def generate_report(**context):
SyntaxError: expected 'except' or 'finally' block
[2025-11-09T15:04:37.330+0000] {processor.py:842} WARNING - No viable dags retrieved from /opt/airflow/dags/connect.py
[2025-11-09T15:04:37.363+0000] {processor.py:183} INFO - Processing /opt/airflow/dags/connect.py took 0.062 seconds
[2025-11-09T15:05:07.649+0000] {processor.py:161} INFO - Started process (PID=1587) to work on /opt/airflow/dags/connect.py
[2025-11-09T15:05:07.652+0000] {processor.py:830} INFO - Processing file /opt/airflow/dags/connect.py for tasks to queue
[2025-11-09T15:05:07.657+0000] {logging_mixin.py:188} INFO - [2025-11-09T15:05:07.656+0000] {dagbag.py:545} INFO - Filling up the DagBag from /opt/airflow/dags/connect.py
[2025-11-09T15:05:07.675+0000] {logging_mixin.py:188} INFO - [2025-11-09T15:05:07.672+0000] {dagbag.py:355} ERROR - Failed to import: /opt/airflow/dags/connect.py
Traceback (most recent call last):
  File "/home/airflow/.local/lib/python3.12/site-packages/airflow/models/dagbag.py", line 351, in parse
    loader.exec_module(new_module)
  File "<frozen importlib._bootstrap_external>", line 991, in exec_module
  File "<frozen importlib._bootstrap_external>", line 1129, in get_code
  File "<frozen importlib._bootstrap_external>", line 1059, in source_to_code
  File "<frozen importlib._bootstrap>", line 488, in _call_with_frames_removed
  File "/opt/airflow/dags/connect.py", line 96
    def generate_report(**context):
SyntaxError: expected 'except' or 'finally' block
[2025-11-09T15:05:07.677+0000] {processor.py:842} WARNING - No viable dags retrieved from /opt/airflow/dags/connect.py
[2025-11-09T15:05:07.727+0000] {processor.py:183} INFO - Processing /opt/airflow/dags/connect.py took 0.097 seconds
[2025-11-09T15:05:38.018+0000] {processor.py:161} INFO - Started process (PID=1597) to work on /opt/airflow/dags/connect.py
[2025-11-09T15:05:38.020+0000] {processor.py:830} INFO - Processing file /opt/airflow/dags/connect.py for tasks to queue
[2025-11-09T15:05:38.023+0000] {logging_mixin.py:188} INFO - [2025-11-09T15:05:38.022+0000] {dagbag.py:545} INFO - Filling up the DagBag from /opt/airflow/dags/connect.py
[2025-11-09T15:05:38.046+0000] {logging_mixin.py:188} INFO - [2025-11-09T15:05:38.043+0000] {dagbag.py:355} ERROR - Failed to import: /opt/airflow/dags/connect.py
Traceback (most recent call last):
  File "/home/airflow/.local/lib/python3.12/site-packages/airflow/models/dagbag.py", line 351, in parse
    loader.exec_module(new_module)
  File "<frozen importlib._bootstrap_external>", line 991, in exec_module
  File "<frozen importlib._bootstrap_external>", line 1129, in get_code
  File "<frozen importlib._bootstrap_external>", line 1059, in source_to_code
  File "<frozen importlib._bootstrap>", line 488, in _call_with_frames_removed
  File "/opt/airflow/dags/connect.py", line 96
    def generate_report(**context):
SyntaxError: expected 'except' or 'finally' block
[2025-11-09T15:05:38.049+0000] {processor.py:842} WARNING - No viable dags retrieved from /opt/airflow/dags/connect.py
[2025-11-09T15:05:38.105+0000] {processor.py:183} INFO - Processing /opt/airflow/dags/connect.py took 0.106 seconds
[2025-11-09T15:06:08.431+0000] {processor.py:161} INFO - Started process (PID=1607) to work on /opt/airflow/dags/connect.py
[2025-11-09T15:06:08.432+0000] {processor.py:830} INFO - Processing file /opt/airflow/dags/connect.py for tasks to queue
[2025-11-09T15:06:08.434+0000] {logging_mixin.py:188} INFO - [2025-11-09T15:06:08.434+0000] {dagbag.py:545} INFO - Filling up the DagBag from /opt/airflow/dags/connect.py
[2025-11-09T15:06:08.443+0000] {logging_mixin.py:188} INFO - [2025-11-09T15:06:08.441+0000] {dagbag.py:355} ERROR - Failed to import: /opt/airflow/dags/connect.py
Traceback (most recent call last):
  File "/home/airflow/.local/lib/python3.12/site-packages/airflow/models/dagbag.py", line 351, in parse
    loader.exec_module(new_module)
  File "<frozen importlib._bootstrap_external>", line 991, in exec_module
  File "<frozen importlib._bootstrap_external>", line 1129, in get_code
  File "<frozen importlib._bootstrap_external>", line 1059, in source_to_code
  File "<frozen importlib._bootstrap>", line 488, in _call_with_frames_removed
  File "/opt/airflow/dags/connect.py", line 96
    def generate_report(**context):
SyntaxError: expected 'except' or 'finally' block
[2025-11-09T15:06:08.445+0000] {processor.py:842} WARNING - No viable dags retrieved from /opt/airflow/dags/connect.py
[2025-11-09T15:06:08.472+0000] {processor.py:183} INFO - Processing /opt/airflow/dags/connect.py took 0.052 seconds
[2025-11-09T15:06:38.742+0000] {processor.py:161} INFO - Started process (PID=1617) to work on /opt/airflow/dags/connect.py
[2025-11-09T15:06:38.745+0000] {processor.py:830} INFO - Processing file /opt/airflow/dags/connect.py for tasks to queue
[2025-11-09T15:06:38.748+0000] {logging_mixin.py:188} INFO - [2025-11-09T15:06:38.747+0000] {dagbag.py:545} INFO - Filling up the DagBag from /opt/airflow/dags/connect.py
[2025-11-09T15:06:38.765+0000] {logging_mixin.py:188} INFO - [2025-11-09T15:06:38.763+0000] {dagbag.py:355} ERROR - Failed to import: /opt/airflow/dags/connect.py
Traceback (most recent call last):
  File "/home/airflow/.local/lib/python3.12/site-packages/airflow/models/dagbag.py", line 351, in parse
    loader.exec_module(new_module)
  File "<frozen importlib._bootstrap_external>", line 991, in exec_module
  File "<frozen importlib._bootstrap_external>", line 1129, in get_code
  File "<frozen importlib._bootstrap_external>", line 1059, in source_to_code
  File "<frozen importlib._bootstrap>", line 488, in _call_with_frames_removed
  File "/opt/airflow/dags/connect.py", line 96
    def generate_report(**context):
SyntaxError: expected 'except' or 'finally' block
[2025-11-09T15:06:38.767+0000] {processor.py:842} WARNING - No viable dags retrieved from /opt/airflow/dags/connect.py
[2025-11-09T15:06:38.816+0000] {processor.py:183} INFO - Processing /opt/airflow/dags/connect.py took 0.096 seconds
[2025-11-09T15:07:09.092+0000] {processor.py:161} INFO - Started process (PID=1627) to work on /opt/airflow/dags/connect.py
[2025-11-09T15:07:09.095+0000] {processor.py:830} INFO - Processing file /opt/airflow/dags/connect.py for tasks to queue
[2025-11-09T15:07:09.097+0000] {logging_mixin.py:188} INFO - [2025-11-09T15:07:09.096+0000] {dagbag.py:545} INFO - Filling up the DagBag from /opt/airflow/dags/connect.py
[2025-11-09T15:07:09.118+0000] {logging_mixin.py:188} INFO - [2025-11-09T15:07:09.114+0000] {dagbag.py:355} ERROR - Failed to import: /opt/airflow/dags/connect.py
Traceback (most recent call last):
  File "/home/airflow/.local/lib/python3.12/site-packages/airflow/models/dagbag.py", line 351, in parse
    loader.exec_module(new_module)
  File "<frozen importlib._bootstrap_external>", line 991, in exec_module
  File "<frozen importlib._bootstrap_external>", line 1129, in get_code
  File "<frozen importlib._bootstrap_external>", line 1059, in source_to_code
  File "<frozen importlib._bootstrap>", line 488, in _call_with_frames_removed
  File "/opt/airflow/dags/connect.py", line 96
    def generate_report(**context):
SyntaxError: expected 'except' or 'finally' block
[2025-11-09T15:07:09.122+0000] {processor.py:842} WARNING - No viable dags retrieved from /opt/airflow/dags/connect.py
[2025-11-09T15:07:09.189+0000] {processor.py:183} INFO - Processing /opt/airflow/dags/connect.py took 0.116 seconds
[2025-11-09T15:07:39.541+0000] {processor.py:161} INFO - Started process (PID=1637) to work on /opt/airflow/dags/connect.py
[2025-11-09T15:07:39.542+0000] {processor.py:830} INFO - Processing file /opt/airflow/dags/connect.py for tasks to queue
[2025-11-09T15:07:39.544+0000] {logging_mixin.py:188} INFO - [2025-11-09T15:07:39.543+0000] {dagbag.py:545} INFO - Filling up the DagBag from /opt/airflow/dags/connect.py
[2025-11-09T15:07:39.557+0000] {logging_mixin.py:188} INFO - [2025-11-09T15:07:39.556+0000] {dagbag.py:355} ERROR - Failed to import: /opt/airflow/dags/connect.py
Traceback (most recent call last):
  File "/home/airflow/.local/lib/python3.12/site-packages/airflow/models/dagbag.py", line 351, in parse
    loader.exec_module(new_module)
  File "<frozen importlib._bootstrap_external>", line 991, in exec_module
  File "<frozen importlib._bootstrap_external>", line 1129, in get_code
  File "<frozen importlib._bootstrap_external>", line 1059, in source_to_code
  File "<frozen importlib._bootstrap>", line 488, in _call_with_frames_removed
  File "/opt/airflow/dags/connect.py", line 96
    def generate_report(**context):
SyntaxError: expected 'except' or 'finally' block
[2025-11-09T15:07:39.558+0000] {processor.py:842} WARNING - No viable dags retrieved from /opt/airflow/dags/connect.py
[2025-11-09T15:07:39.588+0000] {processor.py:183} INFO - Processing /opt/airflow/dags/connect.py took 0.055 seconds
[2025-11-09T15:08:09.869+0000] {processor.py:161} INFO - Started process (PID=1647) to work on /opt/airflow/dags/connect.py
[2025-11-09T15:08:09.871+0000] {processor.py:830} INFO - Processing file /opt/airflow/dags/connect.py for tasks to queue
[2025-11-09T15:08:09.875+0000] {logging_mixin.py:188} INFO - [2025-11-09T15:08:09.874+0000] {dagbag.py:545} INFO - Filling up the DagBag from /opt/airflow/dags/connect.py
[2025-11-09T15:08:09.901+0000] {logging_mixin.py:188} INFO - [2025-11-09T15:08:09.898+0000] {dagbag.py:355} ERROR - Failed to import: /opt/airflow/dags/connect.py
Traceback (most recent call last):
  File "/home/airflow/.local/lib/python3.12/site-packages/airflow/models/dagbag.py", line 351, in parse
    loader.exec_module(new_module)
  File "<frozen importlib._bootstrap_external>", line 991, in exec_module
  File "<frozen importlib._bootstrap_external>", line 1129, in get_code
  File "<frozen importlib._bootstrap_external>", line 1059, in source_to_code
  File "<frozen importlib._bootstrap>", line 488, in _call_with_frames_removed
  File "/opt/airflow/dags/connect.py", line 96
    def generate_report(**context):
SyntaxError: expected 'except' or 'finally' block
[2025-11-09T15:08:09.904+0000] {processor.py:842} WARNING - No viable dags retrieved from /opt/airflow/dags/connect.py
[2025-11-09T15:08:09.959+0000] {processor.py:183} INFO - Processing /opt/airflow/dags/connect.py took 0.117 seconds
[2025-11-09T15:08:40.262+0000] {processor.py:161} INFO - Started process (PID=1657) to work on /opt/airflow/dags/connect.py
[2025-11-09T15:08:40.265+0000] {processor.py:830} INFO - Processing file /opt/airflow/dags/connect.py for tasks to queue
[2025-11-09T15:08:40.268+0000] {logging_mixin.py:188} INFO - [2025-11-09T15:08:40.267+0000] {dagbag.py:545} INFO - Filling up the DagBag from /opt/airflow/dags/connect.py
[2025-11-09T15:08:40.297+0000] {logging_mixin.py:188} INFO - [2025-11-09T15:08:40.293+0000] {dagbag.py:355} ERROR - Failed to import: /opt/airflow/dags/connect.py
Traceback (most recent call last):
  File "/home/airflow/.local/lib/python3.12/site-packages/airflow/models/dagbag.py", line 351, in parse
    loader.exec_module(new_module)
  File "<frozen importlib._bootstrap_external>", line 991, in exec_module
  File "<frozen importlib._bootstrap_external>", line 1129, in get_code
  File "<frozen importlib._bootstrap_external>", line 1059, in source_to_code
  File "<frozen importlib._bootstrap>", line 488, in _call_with_frames_removed
  File "/opt/airflow/dags/connect.py", line 96
    def generate_report(**context):
SyntaxError: expected 'except' or 'finally' block
[2025-11-09T15:08:40.300+0000] {processor.py:842} WARNING - No viable dags retrieved from /opt/airflow/dags/connect.py
[2025-11-09T15:08:40.348+0000] {processor.py:183} INFO - Processing /opt/airflow/dags/connect.py took 0.109 seconds
[2025-11-09T15:09:10.645+0000] {processor.py:161} INFO - Started process (PID=1667) to work on /opt/airflow/dags/connect.py
[2025-11-09T15:09:10.648+0000] {processor.py:830} INFO - Processing file /opt/airflow/dags/connect.py for tasks to queue
[2025-11-09T15:09:10.652+0000] {logging_mixin.py:188} INFO - [2025-11-09T15:09:10.650+0000] {dagbag.py:545} INFO - Filling up the DagBag from /opt/airflow/dags/connect.py
[2025-11-09T15:09:10.680+0000] {logging_mixin.py:188} INFO - [2025-11-09T15:09:10.677+0000] {dagbag.py:355} ERROR - Failed to import: /opt/airflow/dags/connect.py
Traceback (most recent call last):
  File "/home/airflow/.local/lib/python3.12/site-packages/airflow/models/dagbag.py", line 351, in parse
    loader.exec_module(new_module)
  File "<frozen importlib._bootstrap_external>", line 991, in exec_module
  File "<frozen importlib._bootstrap_external>", line 1129, in get_code
  File "<frozen importlib._bootstrap_external>", line 1059, in source_to_code
  File "<frozen importlib._bootstrap>", line 488, in _call_with_frames_removed
  File "/opt/airflow/dags/connect.py", line 96
    def generate_report(**context):
SyntaxError: expected 'except' or 'finally' block
[2025-11-09T15:09:10.683+0000] {processor.py:842} WARNING - No viable dags retrieved from /opt/airflow/dags/connect.py
[2025-11-09T15:09:10.723+0000] {processor.py:183} INFO - Processing /opt/airflow/dags/connect.py took 0.107 seconds
[2025-11-09T15:09:41.021+0000] {processor.py:161} INFO - Started process (PID=1677) to work on /opt/airflow/dags/connect.py
[2025-11-09T15:09:41.022+0000] {processor.py:830} INFO - Processing file /opt/airflow/dags/connect.py for tasks to queue
[2025-11-09T15:09:41.024+0000] {logging_mixin.py:188} INFO - [2025-11-09T15:09:41.024+0000] {dagbag.py:545} INFO - Filling up the DagBag from /opt/airflow/dags/connect.py
[2025-11-09T15:09:41.038+0000] {logging_mixin.py:188} INFO - [2025-11-09T15:09:41.035+0000] {dagbag.py:355} ERROR - Failed to import: /opt/airflow/dags/connect.py
Traceback (most recent call last):
  File "/home/airflow/.local/lib/python3.12/site-packages/airflow/models/dagbag.py", line 351, in parse
    loader.exec_module(new_module)
  File "<frozen importlib._bootstrap_external>", line 991, in exec_module
  File "<frozen importlib._bootstrap_external>", line 1129, in get_code
  File "<frozen importlib._bootstrap_external>", line 1059, in source_to_code
  File "<frozen importlib._bootstrap>", line 488, in _call_with_frames_removed
  File "/opt/airflow/dags/connect.py", line 96
    def generate_report(**context):
SyntaxError: expected 'except' or 'finally' block
[2025-11-09T15:09:41.042+0000] {processor.py:842} WARNING - No viable dags retrieved from /opt/airflow/dags/connect.py
[2025-11-09T15:09:41.088+0000] {processor.py:183} INFO - Processing /opt/airflow/dags/connect.py took 0.080 seconds
[2025-11-09T15:10:11.382+0000] {processor.py:161} INFO - Started process (PID=1687) to work on /opt/airflow/dags/connect.py
[2025-11-09T15:10:11.384+0000] {processor.py:830} INFO - Processing file /opt/airflow/dags/connect.py for tasks to queue
[2025-11-09T15:10:11.387+0000] {logging_mixin.py:188} INFO - [2025-11-09T15:10:11.386+0000] {dagbag.py:545} INFO - Filling up the DagBag from /opt/airflow/dags/connect.py
[2025-11-09T15:10:11.407+0000] {logging_mixin.py:188} INFO - [2025-11-09T15:10:11.403+0000] {dagbag.py:355} ERROR - Failed to import: /opt/airflow/dags/connect.py
Traceback (most recent call last):
  File "/home/airflow/.local/lib/python3.12/site-packages/airflow/models/dagbag.py", line 351, in parse
    loader.exec_module(new_module)
  File "<frozen importlib._bootstrap_external>", line 991, in exec_module
  File "<frozen importlib._bootstrap_external>", line 1129, in get_code
  File "<frozen importlib._bootstrap_external>", line 1059, in source_to_code
  File "<frozen importlib._bootstrap>", line 488, in _call_with_frames_removed
  File "/opt/airflow/dags/connect.py", line 96
    def generate_report(**context):
SyntaxError: expected 'except' or 'finally' block
[2025-11-09T15:10:11.409+0000] {processor.py:842} WARNING - No viable dags retrieved from /opt/airflow/dags/connect.py
[2025-11-09T15:10:11.466+0000] {processor.py:183} INFO - Processing /opt/airflow/dags/connect.py took 0.100 seconds
[2025-11-09T15:10:41.766+0000] {processor.py:161} INFO - Started process (PID=1697) to work on /opt/airflow/dags/connect.py
[2025-11-09T15:10:41.768+0000] {processor.py:830} INFO - Processing file /opt/airflow/dags/connect.py for tasks to queue
[2025-11-09T15:10:41.772+0000] {logging_mixin.py:188} INFO - [2025-11-09T15:10:41.770+0000] {dagbag.py:545} INFO - Filling up the DagBag from /opt/airflow/dags/connect.py
[2025-11-09T15:10:41.784+0000] {logging_mixin.py:188} INFO - [2025-11-09T15:10:41.783+0000] {dagbag.py:355} ERROR - Failed to import: /opt/airflow/dags/connect.py
Traceback (most recent call last):
  File "/home/airflow/.local/lib/python3.12/site-packages/airflow/models/dagbag.py", line 351, in parse
    loader.exec_module(new_module)
  File "<frozen importlib._bootstrap_external>", line 991, in exec_module
  File "<frozen importlib._bootstrap_external>", line 1129, in get_code
  File "<frozen importlib._bootstrap_external>", line 1059, in source_to_code
  File "<frozen importlib._bootstrap>", line 488, in _call_with_frames_removed
  File "/opt/airflow/dags/connect.py", line 96
    def generate_report(**context):
SyntaxError: expected 'except' or 'finally' block
[2025-11-09T15:10:41.786+0000] {processor.py:842} WARNING - No viable dags retrieved from /opt/airflow/dags/connect.py
[2025-11-09T15:10:41.827+0000] {processor.py:183} INFO - Processing /opt/airflow/dags/connect.py took 0.080 seconds
[2025-11-09T15:11:12.125+0000] {processor.py:161} INFO - Started process (PID=1707) to work on /opt/airflow/dags/connect.py
[2025-11-09T15:11:12.126+0000] {processor.py:830} INFO - Processing file /opt/airflow/dags/connect.py for tasks to queue
[2025-11-09T15:11:12.128+0000] {logging_mixin.py:188} INFO - [2025-11-09T15:11:12.128+0000] {dagbag.py:545} INFO - Filling up the DagBag from /opt/airflow/dags/connect.py
[2025-11-09T15:11:12.137+0000] {logging_mixin.py:188} INFO - [2025-11-09T15:11:12.134+0000] {dagbag.py:355} ERROR - Failed to import: /opt/airflow/dags/connect.py
Traceback (most recent call last):
  File "/home/airflow/.local/lib/python3.12/site-packages/airflow/models/dagbag.py", line 351, in parse
    loader.exec_module(new_module)
  File "<frozen importlib._bootstrap_external>", line 991, in exec_module
  File "<frozen importlib._bootstrap_external>", line 1129, in get_code
  File "<frozen importlib._bootstrap_external>", line 1059, in source_to_code
  File "<frozen importlib._bootstrap>", line 488, in _call_with_frames_removed
  File "/opt/airflow/dags/connect.py", line 96
    def generate_report(**context):
SyntaxError: expected 'except' or 'finally' block
[2025-11-09T15:11:12.140+0000] {processor.py:842} WARNING - No viable dags retrieved from /opt/airflow/dags/connect.py
[2025-11-09T15:11:12.166+0000] {processor.py:183} INFO - Processing /opt/airflow/dags/connect.py took 0.052 seconds
[2025-11-09T15:11:42.457+0000] {processor.py:161} INFO - Started process (PID=1717) to work on /opt/airflow/dags/connect.py
[2025-11-09T15:11:42.459+0000] {processor.py:830} INFO - Processing file /opt/airflow/dags/connect.py for tasks to queue
[2025-11-09T15:11:42.463+0000] {logging_mixin.py:188} INFO - [2025-11-09T15:11:42.461+0000] {dagbag.py:545} INFO - Filling up the DagBag from /opt/airflow/dags/connect.py
[2025-11-09T15:11:42.487+0000] {logging_mixin.py:188} INFO - [2025-11-09T15:11:42.483+0000] {dagbag.py:355} ERROR - Failed to import: /opt/airflow/dags/connect.py
Traceback (most recent call last):
  File "/home/airflow/.local/lib/python3.12/site-packages/airflow/models/dagbag.py", line 351, in parse
    loader.exec_module(new_module)
  File "<frozen importlib._bootstrap_external>", line 991, in exec_module
  File "<frozen importlib._bootstrap_external>", line 1129, in get_code
  File "<frozen importlib._bootstrap_external>", line 1059, in source_to_code
  File "<frozen importlib._bootstrap>", line 488, in _call_with_frames_removed
  File "/opt/airflow/dags/connect.py", line 96
    def generate_report(**context):
SyntaxError: expected 'except' or 'finally' block
[2025-11-09T15:11:42.489+0000] {processor.py:842} WARNING - No viable dags retrieved from /opt/airflow/dags/connect.py
[2025-11-09T15:11:42.533+0000] {processor.py:183} INFO - Processing /opt/airflow/dags/connect.py took 0.095 seconds
[2025-11-09T15:12:12.804+0000] {processor.py:161} INFO - Started process (PID=1727) to work on /opt/airflow/dags/connect.py
[2025-11-09T15:12:12.806+0000] {processor.py:830} INFO - Processing file /opt/airflow/dags/connect.py for tasks to queue
[2025-11-09T15:12:12.809+0000] {logging_mixin.py:188} INFO - [2025-11-09T15:12:12.808+0000] {dagbag.py:545} INFO - Filling up the DagBag from /opt/airflow/dags/connect.py
[2025-11-09T15:12:12.831+0000] {logging_mixin.py:188} INFO - [2025-11-09T15:12:12.827+0000] {dagbag.py:355} ERROR - Failed to import: /opt/airflow/dags/connect.py
Traceback (most recent call last):
  File "/home/airflow/.local/lib/python3.12/site-packages/airflow/models/dagbag.py", line 351, in parse
    loader.exec_module(new_module)
  File "<frozen importlib._bootstrap_external>", line 991, in exec_module
  File "<frozen importlib._bootstrap_external>", line 1129, in get_code
  File "<frozen importlib._bootstrap_external>", line 1059, in source_to_code
  File "<frozen importlib._bootstrap>", line 488, in _call_with_frames_removed
  File "/opt/airflow/dags/connect.py", line 96
    def generate_report(**context):
SyntaxError: expected 'except' or 'finally' block
[2025-11-09T15:12:12.834+0000] {processor.py:842} WARNING - No viable dags retrieved from /opt/airflow/dags/connect.py
[2025-11-09T15:12:12.890+0000] {processor.py:183} INFO - Processing /opt/airflow/dags/connect.py took 0.103 seconds
[2025-11-09T15:12:43.150+0000] {processor.py:161} INFO - Started process (PID=1737) to work on /opt/airflow/dags/connect.py
[2025-11-09T15:12:43.151+0000] {processor.py:830} INFO - Processing file /opt/airflow/dags/connect.py for tasks to queue
[2025-11-09T15:12:43.152+0000] {logging_mixin.py:188} INFO - [2025-11-09T15:12:43.152+0000] {dagbag.py:545} INFO - Filling up the DagBag from /opt/airflow/dags/connect.py
[2025-11-09T15:12:43.165+0000] {logging_mixin.py:188} INFO - [2025-11-09T15:12:43.162+0000] {dagbag.py:355} ERROR - Failed to import: /opt/airflow/dags/connect.py
Traceback (most recent call last):
  File "/home/airflow/.local/lib/python3.12/site-packages/airflow/models/dagbag.py", line 351, in parse
    loader.exec_module(new_module)
  File "<frozen importlib._bootstrap_external>", line 991, in exec_module
  File "<frozen importlib._bootstrap_external>", line 1129, in get_code
  File "<frozen importlib._bootstrap_external>", line 1059, in source_to_code
  File "<frozen importlib._bootstrap>", line 488, in _call_with_frames_removed
  File "/opt/airflow/dags/connect.py", line 96
    def generate_report(**context):
SyntaxError: expected 'except' or 'finally' block
[2025-11-09T15:12:43.166+0000] {processor.py:842} WARNING - No viable dags retrieved from /opt/airflow/dags/connect.py
[2025-11-09T15:12:43.198+0000] {processor.py:183} INFO - Processing /opt/airflow/dags/connect.py took 0.059 seconds
[2025-11-09T15:13:13.516+0000] {processor.py:161} INFO - Started process (PID=1747) to work on /opt/airflow/dags/connect.py
[2025-11-09T15:13:13.519+0000] {processor.py:830} INFO - Processing file /opt/airflow/dags/connect.py for tasks to queue
[2025-11-09T15:13:13.526+0000] {logging_mixin.py:188} INFO - [2025-11-09T15:13:13.525+0000] {dagbag.py:545} INFO - Filling up the DagBag from /opt/airflow/dags/connect.py
[2025-11-09T15:13:13.542+0000] {logging_mixin.py:188} INFO - [2025-11-09T15:13:13.540+0000] {dagbag.py:355} ERROR - Failed to import: /opt/airflow/dags/connect.py
Traceback (most recent call last):
  File "/home/airflow/.local/lib/python3.12/site-packages/airflow/models/dagbag.py", line 351, in parse
    loader.exec_module(new_module)
  File "<frozen importlib._bootstrap_external>", line 991, in exec_module
  File "<frozen importlib._bootstrap_external>", line 1129, in get_code
  File "<frozen importlib._bootstrap_external>", line 1059, in source_to_code
  File "<frozen importlib._bootstrap>", line 488, in _call_with_frames_removed
  File "/opt/airflow/dags/connect.py", line 96
    def generate_report(**context):
SyntaxError: expected 'except' or 'finally' block
[2025-11-09T15:13:13.544+0000] {processor.py:842} WARNING - No viable dags retrieved from /opt/airflow/dags/connect.py
[2025-11-09T15:13:13.574+0000] {processor.py:183} INFO - Processing /opt/airflow/dags/connect.py took 0.076 seconds
[2025-11-09T15:13:43.886+0000] {processor.py:161} INFO - Started process (PID=1757) to work on /opt/airflow/dags/connect.py
[2025-11-09T15:13:43.888+0000] {processor.py:830} INFO - Processing file /opt/airflow/dags/connect.py for tasks to queue
[2025-11-09T15:13:43.893+0000] {logging_mixin.py:188} INFO - [2025-11-09T15:13:43.892+0000] {dagbag.py:545} INFO - Filling up the DagBag from /opt/airflow/dags/connect.py
[2025-11-09T15:13:43.933+0000] {logging_mixin.py:188} INFO - [2025-11-09T15:13:43.930+0000] {dagbag.py:355} ERROR - Failed to import: /opt/airflow/dags/connect.py
Traceback (most recent call last):
  File "/home/airflow/.local/lib/python3.12/site-packages/airflow/models/dagbag.py", line 351, in parse
    loader.exec_module(new_module)
  File "<frozen importlib._bootstrap_external>", line 991, in exec_module
  File "<frozen importlib._bootstrap_external>", line 1129, in get_code
  File "<frozen importlib._bootstrap_external>", line 1059, in source_to_code
  File "<frozen importlib._bootstrap>", line 488, in _call_with_frames_removed
  File "/opt/airflow/dags/connect.py", line 96
    def generate_report(**context):
SyntaxError: expected 'except' or 'finally' block
[2025-11-09T15:13:43.935+0000] {processor.py:842} WARNING - No viable dags retrieved from /opt/airflow/dags/connect.py
[2025-11-09T15:13:43.966+0000] {processor.py:183} INFO - Processing /opt/airflow/dags/connect.py took 0.104 seconds
[2025-11-09T15:14:14.203+0000] {processor.py:161} INFO - Started process (PID=1767) to work on /opt/airflow/dags/connect.py
[2025-11-09T15:14:14.204+0000] {processor.py:830} INFO - Processing file /opt/airflow/dags/connect.py for tasks to queue
[2025-11-09T15:14:14.206+0000] {logging_mixin.py:188} INFO - [2025-11-09T15:14:14.205+0000] {dagbag.py:545} INFO - Filling up the DagBag from /opt/airflow/dags/connect.py
[2025-11-09T15:14:14.217+0000] {logging_mixin.py:188} INFO - [2025-11-09T15:14:14.214+0000] {dagbag.py:355} ERROR - Failed to import: /opt/airflow/dags/connect.py
Traceback (most recent call last):
  File "/home/airflow/.local/lib/python3.12/site-packages/airflow/models/dagbag.py", line 351, in parse
    loader.exec_module(new_module)
  File "<frozen importlib._bootstrap_external>", line 991, in exec_module
  File "<frozen importlib._bootstrap_external>", line 1129, in get_code
  File "<frozen importlib._bootstrap_external>", line 1059, in source_to_code
  File "<frozen importlib._bootstrap>", line 488, in _call_with_frames_removed
  File "/opt/airflow/dags/connect.py", line 96
    def generate_report(**context):
SyntaxError: expected 'except' or 'finally' block
[2025-11-09T15:14:14.218+0000] {processor.py:842} WARNING - No viable dags retrieved from /opt/airflow/dags/connect.py
[2025-11-09T15:14:14.271+0000] {processor.py:183} INFO - Processing /opt/airflow/dags/connect.py took 0.080 seconds
[2025-11-09T15:14:44.568+0000] {processor.py:161} INFO - Started process (PID=1777) to work on /opt/airflow/dags/connect.py
[2025-11-09T15:14:44.571+0000] {processor.py:830} INFO - Processing file /opt/airflow/dags/connect.py for tasks to queue
[2025-11-09T15:14:44.582+0000] {logging_mixin.py:188} INFO - [2025-11-09T15:14:44.578+0000] {dagbag.py:545} INFO - Filling up the DagBag from /opt/airflow/dags/connect.py
[2025-11-09T15:14:44.611+0000] {logging_mixin.py:188} INFO - [2025-11-09T15:14:44.604+0000] {dagbag.py:355} ERROR - Failed to import: /opt/airflow/dags/connect.py
Traceback (most recent call last):
  File "/home/airflow/.local/lib/python3.12/site-packages/airflow/models/dagbag.py", line 351, in parse
    loader.exec_module(new_module)
  File "<frozen importlib._bootstrap_external>", line 991, in exec_module
  File "<frozen importlib._bootstrap_external>", line 1129, in get_code
  File "<frozen importlib._bootstrap_external>", line 1059, in source_to_code
  File "<frozen importlib._bootstrap>", line 488, in _call_with_frames_removed
  File "/opt/airflow/dags/connect.py", line 96
    def generate_report(**context):
SyntaxError: expected 'except' or 'finally' block
[2025-11-09T15:14:44.613+0000] {processor.py:842} WARNING - No viable dags retrieved from /opt/airflow/dags/connect.py
[2025-11-09T15:14:44.668+0000] {processor.py:183} INFO - Processing /opt/airflow/dags/connect.py took 0.122 seconds
[2025-11-09T15:15:14.962+0000] {processor.py:161} INFO - Started process (PID=1787) to work on /opt/airflow/dags/connect.py
[2025-11-09T15:15:14.965+0000] {processor.py:830} INFO - Processing file /opt/airflow/dags/connect.py for tasks to queue
[2025-11-09T15:15:14.968+0000] {logging_mixin.py:188} INFO - [2025-11-09T15:15:14.967+0000] {dagbag.py:545} INFO - Filling up the DagBag from /opt/airflow/dags/connect.py
[2025-11-09T15:15:14.985+0000] {logging_mixin.py:188} INFO - [2025-11-09T15:15:14.982+0000] {dagbag.py:355} ERROR - Failed to import: /opt/airflow/dags/connect.py
Traceback (most recent call last):
  File "/home/airflow/.local/lib/python3.12/site-packages/airflow/models/dagbag.py", line 351, in parse
    loader.exec_module(new_module)
  File "<frozen importlib._bootstrap_external>", line 991, in exec_module
  File "<frozen importlib._bootstrap_external>", line 1129, in get_code
  File "<frozen importlib._bootstrap_external>", line 1059, in source_to_code
  File "<frozen importlib._bootstrap>", line 488, in _call_with_frames_removed
  File "/opt/airflow/dags/connect.py", line 96
    def generate_report(**context):
SyntaxError: expected 'except' or 'finally' block
[2025-11-09T15:15:14.989+0000] {processor.py:842} WARNING - No viable dags retrieved from /opt/airflow/dags/connect.py
[2025-11-09T15:15:15.044+0000] {processor.py:183} INFO - Processing /opt/airflow/dags/connect.py took 0.100 seconds
[2025-11-09T15:15:45.338+0000] {processor.py:161} INFO - Started process (PID=1797) to work on /opt/airflow/dags/connect.py
[2025-11-09T15:15:45.339+0000] {processor.py:830} INFO - Processing file /opt/airflow/dags/connect.py for tasks to queue
[2025-11-09T15:15:45.341+0000] {logging_mixin.py:188} INFO - [2025-11-09T15:15:45.340+0000] {dagbag.py:545} INFO - Filling up the DagBag from /opt/airflow/dags/connect.py
[2025-11-09T15:15:45.350+0000] {logging_mixin.py:188} INFO - [2025-11-09T15:15:45.348+0000] {dagbag.py:355} ERROR - Failed to import: /opt/airflow/dags/connect.py
Traceback (most recent call last):
  File "/home/airflow/.local/lib/python3.12/site-packages/airflow/models/dagbag.py", line 351, in parse
    loader.exec_module(new_module)
  File "<frozen importlib._bootstrap_external>", line 991, in exec_module
  File "<frozen importlib._bootstrap_external>", line 1129, in get_code
  File "<frozen importlib._bootstrap_external>", line 1059, in source_to_code
  File "<frozen importlib._bootstrap>", line 488, in _call_with_frames_removed
  File "/opt/airflow/dags/connect.py", line 96
    def generate_report(**context):
SyntaxError: expected 'except' or 'finally' block
[2025-11-09T15:15:45.352+0000] {processor.py:842} WARNING - No viable dags retrieved from /opt/airflow/dags/connect.py
[2025-11-09T15:15:45.381+0000] {processor.py:183} INFO - Processing /opt/airflow/dags/connect.py took 0.054 seconds
[2025-11-09T15:16:15.670+0000] {processor.py:161} INFO - Started process (PID=1807) to work on /opt/airflow/dags/connect.py
[2025-11-09T15:16:15.672+0000] {processor.py:830} INFO - Processing file /opt/airflow/dags/connect.py for tasks to queue
[2025-11-09T15:16:15.675+0000] {logging_mixin.py:188} INFO - [2025-11-09T15:16:15.674+0000] {dagbag.py:545} INFO - Filling up the DagBag from /opt/airflow/dags/connect.py
[2025-11-09T15:16:15.694+0000] {logging_mixin.py:188} INFO - [2025-11-09T15:16:15.690+0000] {dagbag.py:355} ERROR - Failed to import: /opt/airflow/dags/connect.py
Traceback (most recent call last):
  File "/home/airflow/.local/lib/python3.12/site-packages/airflow/models/dagbag.py", line 351, in parse
    loader.exec_module(new_module)
  File "<frozen importlib._bootstrap_external>", line 991, in exec_module
  File "<frozen importlib._bootstrap_external>", line 1129, in get_code
  File "<frozen importlib._bootstrap_external>", line 1059, in source_to_code
  File "<frozen importlib._bootstrap>", line 488, in _call_with_frames_removed
  File "/opt/airflow/dags/connect.py", line 96
    def generate_report(**context):
SyntaxError: expected 'except' or 'finally' block
[2025-11-09T15:16:15.697+0000] {processor.py:842} WARNING - No viable dags retrieved from /opt/airflow/dags/connect.py
[2025-11-09T15:16:15.742+0000] {processor.py:183} INFO - Processing /opt/airflow/dags/connect.py took 0.089 seconds
[2025-11-09T15:16:46.054+0000] {processor.py:161} INFO - Started process (PID=1817) to work on /opt/airflow/dags/connect.py
[2025-11-09T15:16:46.059+0000] {processor.py:830} INFO - Processing file /opt/airflow/dags/connect.py for tasks to queue
[2025-11-09T15:16:46.064+0000] {logging_mixin.py:188} INFO - [2025-11-09T15:16:46.063+0000] {dagbag.py:545} INFO - Filling up the DagBag from /opt/airflow/dags/connect.py
[2025-11-09T15:16:46.082+0000] {logging_mixin.py:188} INFO - [2025-11-09T15:16:46.079+0000] {dagbag.py:355} ERROR - Failed to import: /opt/airflow/dags/connect.py
Traceback (most recent call last):
  File "/home/airflow/.local/lib/python3.12/site-packages/airflow/models/dagbag.py", line 351, in parse
    loader.exec_module(new_module)
  File "<frozen importlib._bootstrap_external>", line 991, in exec_module
  File "<frozen importlib._bootstrap_external>", line 1129, in get_code
  File "<frozen importlib._bootstrap_external>", line 1059, in source_to_code
  File "<frozen importlib._bootstrap>", line 488, in _call_with_frames_removed
  File "/opt/airflow/dags/connect.py", line 96
    def generate_report(**context):
SyntaxError: expected 'except' or 'finally' block
[2025-11-09T15:16:46.084+0000] {processor.py:842} WARNING - No viable dags retrieved from /opt/airflow/dags/connect.py
[2025-11-09T15:16:46.132+0000] {processor.py:183} INFO - Processing /opt/airflow/dags/connect.py took 0.107 seconds
[2025-11-09T15:17:16.381+0000] {processor.py:161} INFO - Started process (PID=1827) to work on /opt/airflow/dags/connect.py
[2025-11-09T15:17:16.382+0000] {processor.py:830} INFO - Processing file /opt/airflow/dags/connect.py for tasks to queue
[2025-11-09T15:17:16.383+0000] {logging_mixin.py:188} INFO - [2025-11-09T15:17:16.383+0000] {dagbag.py:545} INFO - Filling up the DagBag from /opt/airflow/dags/connect.py
[2025-11-09T15:17:16.398+0000] {logging_mixin.py:188} INFO - [2025-11-09T15:17:16.396+0000] {dagbag.py:355} ERROR - Failed to import: /opt/airflow/dags/connect.py
Traceback (most recent call last):
  File "/home/airflow/.local/lib/python3.12/site-packages/airflow/models/dagbag.py", line 351, in parse
    loader.exec_module(new_module)
  File "<frozen importlib._bootstrap_external>", line 991, in exec_module
  File "<frozen importlib._bootstrap_external>", line 1129, in get_code
  File "<frozen importlib._bootstrap_external>", line 1059, in source_to_code
  File "<frozen importlib._bootstrap>", line 488, in _call_with_frames_removed
  File "/opt/airflow/dags/connect.py", line 96
    def generate_report(**context):
SyntaxError: expected 'except' or 'finally' block
[2025-11-09T15:17:16.399+0000] {processor.py:842} WARNING - No viable dags retrieved from /opt/airflow/dags/connect.py
[2025-11-09T15:17:16.428+0000] {processor.py:183} INFO - Processing /opt/airflow/dags/connect.py took 0.058 seconds
[2025-11-09T15:17:46.681+0000] {processor.py:161} INFO - Started process (PID=1837) to work on /opt/airflow/dags/connect.py
[2025-11-09T15:17:46.683+0000] {processor.py:830} INFO - Processing file /opt/airflow/dags/connect.py for tasks to queue
[2025-11-09T15:17:46.688+0000] {logging_mixin.py:188} INFO - [2025-11-09T15:17:46.686+0000] {dagbag.py:545} INFO - Filling up the DagBag from /opt/airflow/dags/connect.py
[2025-11-09T15:17:46.716+0000] {logging_mixin.py:188} INFO - [2025-11-09T15:17:46.712+0000] {dagbag.py:355} ERROR - Failed to import: /opt/airflow/dags/connect.py
Traceback (most recent call last):
  File "/home/airflow/.local/lib/python3.12/site-packages/airflow/models/dagbag.py", line 351, in parse
    loader.exec_module(new_module)
  File "<frozen importlib._bootstrap_external>", line 991, in exec_module
  File "<frozen importlib._bootstrap_external>", line 1129, in get_code
  File "<frozen importlib._bootstrap_external>", line 1059, in source_to_code
  File "<frozen importlib._bootstrap>", line 488, in _call_with_frames_removed
  File "/opt/airflow/dags/connect.py", line 96
    def generate_report(**context):
SyntaxError: expected 'except' or 'finally' block
[2025-11-09T15:17:46.718+0000] {processor.py:842} WARNING - No viable dags retrieved from /opt/airflow/dags/connect.py
[2025-11-09T15:17:46.762+0000] {processor.py:183} INFO - Processing /opt/airflow/dags/connect.py took 0.099 seconds
[2025-11-09T15:18:17.042+0000] {processor.py:161} INFO - Started process (PID=1847) to work on /opt/airflow/dags/connect.py
[2025-11-09T15:18:17.045+0000] {processor.py:830} INFO - Processing file /opt/airflow/dags/connect.py for tasks to queue
[2025-11-09T15:18:17.049+0000] {logging_mixin.py:188} INFO - [2025-11-09T15:18:17.047+0000] {dagbag.py:545} INFO - Filling up the DagBag from /opt/airflow/dags/connect.py
[2025-11-09T15:18:17.066+0000] {logging_mixin.py:188} INFO - [2025-11-09T15:18:17.061+0000] {dagbag.py:355} ERROR - Failed to import: /opt/airflow/dags/connect.py
Traceback (most recent call last):
  File "/home/airflow/.local/lib/python3.12/site-packages/airflow/models/dagbag.py", line 351, in parse
    loader.exec_module(new_module)
  File "<frozen importlib._bootstrap_external>", line 991, in exec_module
  File "<frozen importlib._bootstrap_external>", line 1129, in get_code
  File "<frozen importlib._bootstrap_external>", line 1059, in source_to_code
  File "<frozen importlib._bootstrap>", line 488, in _call_with_frames_removed
  File "/opt/airflow/dags/connect.py", line 96
    def generate_report(**context):
SyntaxError: expected 'except' or 'finally' block
[2025-11-09T15:18:17.068+0000] {processor.py:842} WARNING - No viable dags retrieved from /opt/airflow/dags/connect.py
[2025-11-09T15:18:17.120+0000] {processor.py:183} INFO - Processing /opt/airflow/dags/connect.py took 0.096 seconds
[2025-11-09T15:18:47.398+0000] {processor.py:161} INFO - Started process (PID=1857) to work on /opt/airflow/dags/connect.py
[2025-11-09T15:18:47.399+0000] {processor.py:830} INFO - Processing file /opt/airflow/dags/connect.py for tasks to queue
[2025-11-09T15:18:47.400+0000] {logging_mixin.py:188} INFO - [2025-11-09T15:18:47.400+0000] {dagbag.py:545} INFO - Filling up the DagBag from /opt/airflow/dags/connect.py
[2025-11-09T15:18:47.408+0000] {logging_mixin.py:188} INFO - [2025-11-09T15:18:47.406+0000] {dagbag.py:355} ERROR - Failed to import: /opt/airflow/dags/connect.py
Traceback (most recent call last):
  File "/home/airflow/.local/lib/python3.12/site-packages/airflow/models/dagbag.py", line 351, in parse
    loader.exec_module(new_module)
  File "<frozen importlib._bootstrap_external>", line 991, in exec_module
  File "<frozen importlib._bootstrap_external>", line 1129, in get_code
  File "<frozen importlib._bootstrap_external>", line 1059, in source_to_code
  File "<frozen importlib._bootstrap>", line 488, in _call_with_frames_removed
  File "/opt/airflow/dags/connect.py", line 96
    def generate_report(**context):
SyntaxError: expected 'except' or 'finally' block
[2025-11-09T15:18:47.410+0000] {processor.py:842} WARNING - No viable dags retrieved from /opt/airflow/dags/connect.py
[2025-11-09T15:18:47.438+0000] {processor.py:183} INFO - Processing /opt/airflow/dags/connect.py took 0.050 seconds
[2025-11-09T15:19:17.657+0000] {processor.py:161} INFO - Started process (PID=1867) to work on /opt/airflow/dags/connect.py
[2025-11-09T15:19:17.659+0000] {processor.py:830} INFO - Processing file /opt/airflow/dags/connect.py for tasks to queue
[2025-11-09T15:19:17.662+0000] {logging_mixin.py:188} INFO - [2025-11-09T15:19:17.661+0000] {dagbag.py:545} INFO - Filling up the DagBag from /opt/airflow/dags/connect.py
[2025-11-09T15:19:17.676+0000] {logging_mixin.py:188} INFO - [2025-11-09T15:19:17.673+0000] {dagbag.py:355} ERROR - Failed to import: /opt/airflow/dags/connect.py
Traceback (most recent call last):
  File "/home/airflow/.local/lib/python3.12/site-packages/airflow/models/dagbag.py", line 351, in parse
    loader.exec_module(new_module)
  File "<frozen importlib._bootstrap_external>", line 991, in exec_module
  File "<frozen importlib._bootstrap_external>", line 1129, in get_code
  File "<frozen importlib._bootstrap_external>", line 1059, in source_to_code
  File "<frozen importlib._bootstrap>", line 488, in _call_with_frames_removed
  File "/opt/airflow/dags/connect.py", line 96
    def generate_report(**context):
SyntaxError: expected 'except' or 'finally' block
[2025-11-09T15:19:17.677+0000] {processor.py:842} WARNING - No viable dags retrieved from /opt/airflow/dags/connect.py
[2025-11-09T15:19:17.715+0000] {processor.py:183} INFO - Processing /opt/airflow/dags/connect.py took 0.071 seconds
[2025-11-09T15:19:47.906+0000] {processor.py:161} INFO - Started process (PID=1877) to work on /opt/airflow/dags/connect.py
[2025-11-09T15:19:47.908+0000] {processor.py:830} INFO - Processing file /opt/airflow/dags/connect.py for tasks to queue
[2025-11-09T15:19:47.911+0000] {logging_mixin.py:188} INFO - [2025-11-09T15:19:47.910+0000] {dagbag.py:545} INFO - Filling up the DagBag from /opt/airflow/dags/connect.py
[2025-11-09T15:19:47.923+0000] {logging_mixin.py:188} INFO - [2025-11-09T15:19:47.921+0000] {dagbag.py:355} ERROR - Failed to import: /opt/airflow/dags/connect.py
Traceback (most recent call last):
  File "/home/airflow/.local/lib/python3.12/site-packages/airflow/models/dagbag.py", line 351, in parse
    loader.exec_module(new_module)
  File "<frozen importlib._bootstrap_external>", line 991, in exec_module
  File "<frozen importlib._bootstrap_external>", line 1129, in get_code
  File "<frozen importlib._bootstrap_external>", line 1059, in source_to_code
  File "<frozen importlib._bootstrap>", line 488, in _call_with_frames_removed
  File "/opt/airflow/dags/connect.py", line 96
    def generate_report(**context):
SyntaxError: expected 'except' or 'finally' block
[2025-11-09T15:19:47.925+0000] {processor.py:842} WARNING - No viable dags retrieved from /opt/airflow/dags/connect.py
[2025-11-09T15:19:47.962+0000] {processor.py:183} INFO - Processing /opt/airflow/dags/connect.py took 0.070 seconds
[2025-11-09T15:20:18.139+0000] {processor.py:161} INFO - Started process (PID=1887) to work on /opt/airflow/dags/connect.py
[2025-11-09T15:20:18.140+0000] {processor.py:830} INFO - Processing file /opt/airflow/dags/connect.py for tasks to queue
[2025-11-09T15:20:18.142+0000] {logging_mixin.py:188} INFO - [2025-11-09T15:20:18.141+0000] {dagbag.py:545} INFO - Filling up the DagBag from /opt/airflow/dags/connect.py
[2025-11-09T15:20:18.149+0000] {logging_mixin.py:188} INFO - [2025-11-09T15:20:18.147+0000] {dagbag.py:355} ERROR - Failed to import: /opt/airflow/dags/connect.py
Traceback (most recent call last):
  File "/home/airflow/.local/lib/python3.12/site-packages/airflow/models/dagbag.py", line 351, in parse
    loader.exec_module(new_module)
  File "<frozen importlib._bootstrap_external>", line 991, in exec_module
  File "<frozen importlib._bootstrap_external>", line 1129, in get_code
  File "<frozen importlib._bootstrap_external>", line 1059, in source_to_code
  File "<frozen importlib._bootstrap>", line 488, in _call_with_frames_removed
  File "/opt/airflow/dags/connect.py", line 96
    def generate_report(**context):
SyntaxError: expected 'except' or 'finally' block
[2025-11-09T15:20:18.150+0000] {processor.py:842} WARNING - No viable dags retrieved from /opt/airflow/dags/connect.py
[2025-11-09T15:20:18.170+0000] {processor.py:183} INFO - Processing /opt/airflow/dags/connect.py took 0.040 seconds
[2025-11-09T15:20:48.414+0000] {processor.py:161} INFO - Started process (PID=1897) to work on /opt/airflow/dags/connect.py
[2025-11-09T15:20:48.416+0000] {processor.py:830} INFO - Processing file /opt/airflow/dags/connect.py for tasks to queue
[2025-11-09T15:20:48.421+0000] {logging_mixin.py:188} INFO - [2025-11-09T15:20:48.420+0000] {dagbag.py:545} INFO - Filling up the DagBag from /opt/airflow/dags/connect.py
[2025-11-09T15:20:48.437+0000] {logging_mixin.py:188} INFO - [2025-11-09T15:20:48.435+0000] {dagbag.py:355} ERROR - Failed to import: /opt/airflow/dags/connect.py
Traceback (most recent call last):
  File "/home/airflow/.local/lib/python3.12/site-packages/airflow/models/dagbag.py", line 351, in parse
    loader.exec_module(new_module)
  File "<frozen importlib._bootstrap_external>", line 991, in exec_module
  File "<frozen importlib._bootstrap_external>", line 1129, in get_code
  File "<frozen importlib._bootstrap_external>", line 1059, in source_to_code
  File "<frozen importlib._bootstrap>", line 488, in _call_with_frames_removed
  File "/opt/airflow/dags/connect.py", line 96
    def generate_report(**context):
SyntaxError: expected 'except' or 'finally' block
[2025-11-09T15:20:48.438+0000] {processor.py:842} WARNING - No viable dags retrieved from /opt/airflow/dags/connect.py
[2025-11-09T15:20:48.475+0000] {processor.py:183} INFO - Processing /opt/airflow/dags/connect.py took 0.076 seconds
[2025-11-09T15:21:18.808+0000] {processor.py:161} INFO - Started process (PID=1907) to work on /opt/airflow/dags/connect.py
[2025-11-09T15:21:18.811+0000] {processor.py:830} INFO - Processing file /opt/airflow/dags/connect.py for tasks to queue
[2025-11-09T15:21:18.814+0000] {logging_mixin.py:188} INFO - [2025-11-09T15:21:18.813+0000] {dagbag.py:545} INFO - Filling up the DagBag from /opt/airflow/dags/connect.py
[2025-11-09T15:21:18.832+0000] {logging_mixin.py:188} INFO - [2025-11-09T15:21:18.829+0000] {dagbag.py:355} ERROR - Failed to import: /opt/airflow/dags/connect.py
Traceback (most recent call last):
  File "/home/airflow/.local/lib/python3.12/site-packages/airflow/models/dagbag.py", line 351, in parse
    loader.exec_module(new_module)
  File "<frozen importlib._bootstrap_external>", line 991, in exec_module
  File "<frozen importlib._bootstrap_external>", line 1129, in get_code
  File "<frozen importlib._bootstrap_external>", line 1059, in source_to_code
  File "<frozen importlib._bootstrap>", line 488, in _call_with_frames_removed
  File "/opt/airflow/dags/connect.py", line 96
    def generate_report(**context):
SyntaxError: expected 'except' or 'finally' block
[2025-11-09T15:21:18.834+0000] {processor.py:842} WARNING - No viable dags retrieved from /opt/airflow/dags/connect.py
[2025-11-09T15:21:18.882+0000] {processor.py:183} INFO - Processing /opt/airflow/dags/connect.py took 0.091 seconds
[2025-11-09T15:21:49.131+0000] {processor.py:161} INFO - Started process (PID=1917) to work on /opt/airflow/dags/connect.py
[2025-11-09T15:21:49.133+0000] {processor.py:830} INFO - Processing file /opt/airflow/dags/connect.py for tasks to queue
[2025-11-09T15:21:49.136+0000] {logging_mixin.py:188} INFO - [2025-11-09T15:21:49.134+0000] {dagbag.py:545} INFO - Filling up the DagBag from /opt/airflow/dags/connect.py
[2025-11-09T15:21:49.147+0000] {logging_mixin.py:188} INFO - [2025-11-09T15:21:49.145+0000] {dagbag.py:355} ERROR - Failed to import: /opt/airflow/dags/connect.py
Traceback (most recent call last):
  File "/home/airflow/.local/lib/python3.12/site-packages/airflow/models/dagbag.py", line 351, in parse
    loader.exec_module(new_module)
  File "<frozen importlib._bootstrap_external>", line 991, in exec_module
  File "<frozen importlib._bootstrap_external>", line 1129, in get_code
  File "<frozen importlib._bootstrap_external>", line 1059, in source_to_code
  File "<frozen importlib._bootstrap>", line 488, in _call_with_frames_removed
  File "/opt/airflow/dags/connect.py", line 96
    def generate_report(**context):
SyntaxError: expected 'except' or 'finally' block
[2025-11-09T15:21:49.149+0000] {processor.py:842} WARNING - No viable dags retrieved from /opt/airflow/dags/connect.py
[2025-11-09T15:21:49.180+0000] {processor.py:183} INFO - Processing /opt/airflow/dags/connect.py took 0.056 seconds
[2025-11-09T15:22:19.469+0000] {processor.py:161} INFO - Started process (PID=1927) to work on /opt/airflow/dags/connect.py
[2025-11-09T15:22:19.470+0000] {processor.py:830} INFO - Processing file /opt/airflow/dags/connect.py for tasks to queue
[2025-11-09T15:22:19.472+0000] {logging_mixin.py:188} INFO - [2025-11-09T15:22:19.471+0000] {dagbag.py:545} INFO - Filling up the DagBag from /opt/airflow/dags/connect.py
[2025-11-09T15:22:19.479+0000] {logging_mixin.py:188} INFO - [2025-11-09T15:22:19.477+0000] {dagbag.py:355} ERROR - Failed to import: /opt/airflow/dags/connect.py
Traceback (most recent call last):
  File "/home/airflow/.local/lib/python3.12/site-packages/airflow/models/dagbag.py", line 351, in parse
    loader.exec_module(new_module)
  File "<frozen importlib._bootstrap_external>", line 991, in exec_module
  File "<frozen importlib._bootstrap_external>", line 1129, in get_code
  File "<frozen importlib._bootstrap_external>", line 1059, in source_to_code
  File "<frozen importlib._bootstrap>", line 488, in _call_with_frames_removed
  File "/opt/airflow/dags/connect.py", line 96
    def generate_report(**context):
SyntaxError: expected 'except' or 'finally' block
[2025-11-09T15:22:19.482+0000] {processor.py:842} WARNING - No viable dags retrieved from /opt/airflow/dags/connect.py
[2025-11-09T15:22:19.507+0000] {processor.py:183} INFO - Processing /opt/airflow/dags/connect.py took 0.049 seconds
[2025-11-09T15:22:49.798+0000] {processor.py:161} INFO - Started process (PID=1937) to work on /opt/airflow/dags/connect.py
[2025-11-09T15:22:49.801+0000] {processor.py:830} INFO - Processing file /opt/airflow/dags/connect.py for tasks to queue
[2025-11-09T15:22:49.805+0000] {logging_mixin.py:188} INFO - [2025-11-09T15:22:49.804+0000] {dagbag.py:545} INFO - Filling up the DagBag from /opt/airflow/dags/connect.py
[2025-11-09T15:22:49.825+0000] {logging_mixin.py:188} INFO - [2025-11-09T15:22:49.821+0000] {dagbag.py:355} ERROR - Failed to import: /opt/airflow/dags/connect.py
Traceback (most recent call last):
  File "/home/airflow/.local/lib/python3.12/site-packages/airflow/models/dagbag.py", line 351, in parse
    loader.exec_module(new_module)
  File "<frozen importlib._bootstrap_external>", line 991, in exec_module
  File "<frozen importlib._bootstrap_external>", line 1129, in get_code
  File "<frozen importlib._bootstrap_external>", line 1059, in source_to_code
  File "<frozen importlib._bootstrap>", line 488, in _call_with_frames_removed
  File "/opt/airflow/dags/connect.py", line 96
    def generate_report(**context):
SyntaxError: expected 'except' or 'finally' block
[2025-11-09T15:22:49.829+0000] {processor.py:842} WARNING - No viable dags retrieved from /opt/airflow/dags/connect.py
[2025-11-09T15:22:49.882+0000] {processor.py:183} INFO - Processing /opt/airflow/dags/connect.py took 0.106 seconds
[2025-11-09T15:23:20.180+0000] {processor.py:161} INFO - Started process (PID=1947) to work on /opt/airflow/dags/connect.py
[2025-11-09T15:23:20.181+0000] {processor.py:830} INFO - Processing file /opt/airflow/dags/connect.py for tasks to queue
[2025-11-09T15:23:20.182+0000] {logging_mixin.py:188} INFO - [2025-11-09T15:23:20.182+0000] {dagbag.py:545} INFO - Filling up the DagBag from /opt/airflow/dags/connect.py
[2025-11-09T15:23:20.195+0000] {logging_mixin.py:188} INFO - [2025-11-09T15:23:20.192+0000] {dagbag.py:355} ERROR - Failed to import: /opt/airflow/dags/connect.py
Traceback (most recent call last):
  File "/home/airflow/.local/lib/python3.12/site-packages/airflow/models/dagbag.py", line 351, in parse
    loader.exec_module(new_module)
  File "<frozen importlib._bootstrap_external>", line 991, in exec_module
  File "<frozen importlib._bootstrap_external>", line 1129, in get_code
  File "<frozen importlib._bootstrap_external>", line 1059, in source_to_code
  File "<frozen importlib._bootstrap>", line 488, in _call_with_frames_removed
  File "/opt/airflow/dags/connect.py", line 96
    def generate_report(**context):
SyntaxError: expected 'except' or 'finally' block
[2025-11-09T15:23:20.196+0000] {processor.py:842} WARNING - No viable dags retrieved from /opt/airflow/dags/connect.py
[2025-11-09T15:23:20.230+0000] {processor.py:183} INFO - Processing /opt/airflow/dags/connect.py took 0.062 seconds
[2025-11-09T15:23:50.505+0000] {processor.py:161} INFO - Started process (PID=1957) to work on /opt/airflow/dags/connect.py
[2025-11-09T15:23:50.507+0000] {processor.py:830} INFO - Processing file /opt/airflow/dags/connect.py for tasks to queue
[2025-11-09T15:23:50.509+0000] {logging_mixin.py:188} INFO - [2025-11-09T15:23:50.508+0000] {dagbag.py:545} INFO - Filling up the DagBag from /opt/airflow/dags/connect.py
[2025-11-09T15:23:50.516+0000] {logging_mixin.py:188} INFO - [2025-11-09T15:23:50.514+0000] {dagbag.py:355} ERROR - Failed to import: /opt/airflow/dags/connect.py
Traceback (most recent call last):
  File "/home/airflow/.local/lib/python3.12/site-packages/airflow/models/dagbag.py", line 351, in parse
    loader.exec_module(new_module)
  File "<frozen importlib._bootstrap_external>", line 991, in exec_module
  File "<frozen importlib._bootstrap_external>", line 1129, in get_code
  File "<frozen importlib._bootstrap_external>", line 1059, in source_to_code
  File "<frozen importlib._bootstrap>", line 488, in _call_with_frames_removed
  File "/opt/airflow/dags/connect.py", line 96
    def generate_report(**context):
SyntaxError: expected 'except' or 'finally' block
[2025-11-09T15:23:50.517+0000] {processor.py:842} WARNING - No viable dags retrieved from /opt/airflow/dags/connect.py
[2025-11-09T15:23:50.548+0000] {processor.py:183} INFO - Processing /opt/airflow/dags/connect.py took 0.053 seconds
[2025-11-09T15:24:20.819+0000] {processor.py:161} INFO - Started process (PID=1967) to work on /opt/airflow/dags/connect.py
[2025-11-09T15:24:20.820+0000] {processor.py:830} INFO - Processing file /opt/airflow/dags/connect.py for tasks to queue
[2025-11-09T15:24:20.822+0000] {logging_mixin.py:188} INFO - [2025-11-09T15:24:20.821+0000] {dagbag.py:545} INFO - Filling up the DagBag from /opt/airflow/dags/connect.py
[2025-11-09T15:24:20.835+0000] {logging_mixin.py:188} INFO - [2025-11-09T15:24:20.833+0000] {dagbag.py:355} ERROR - Failed to import: /opt/airflow/dags/connect.py
Traceback (most recent call last):
  File "/home/airflow/.local/lib/python3.12/site-packages/airflow/models/dagbag.py", line 351, in parse
    loader.exec_module(new_module)
  File "<frozen importlib._bootstrap_external>", line 991, in exec_module
  File "<frozen importlib._bootstrap_external>", line 1129, in get_code
  File "<frozen importlib._bootstrap_external>", line 1059, in source_to_code
  File "<frozen importlib._bootstrap>", line 488, in _call_with_frames_removed
  File "/opt/airflow/dags/connect.py", line 96
    def generate_report(**context):
SyntaxError: expected 'except' or 'finally' block
[2025-11-09T15:24:20.837+0000] {processor.py:842} WARNING - No viable dags retrieved from /opt/airflow/dags/connect.py
[2025-11-09T15:24:20.878+0000] {processor.py:183} INFO - Processing /opt/airflow/dags/connect.py took 0.074 seconds
[2025-11-09T15:24:51.172+0000] {processor.py:161} INFO - Started process (PID=1977) to work on /opt/airflow/dags/connect.py
[2025-11-09T15:24:51.174+0000] {processor.py:830} INFO - Processing file /opt/airflow/dags/connect.py for tasks to queue
[2025-11-09T15:24:51.181+0000] {logging_mixin.py:188} INFO - [2025-11-09T15:24:51.177+0000] {dagbag.py:545} INFO - Filling up the DagBag from /opt/airflow/dags/connect.py
[2025-11-09T15:24:51.191+0000] {logging_mixin.py:188} INFO - [2025-11-09T15:24:51.189+0000] {dagbag.py:355} ERROR - Failed to import: /opt/airflow/dags/connect.py
Traceback (most recent call last):
  File "/home/airflow/.local/lib/python3.12/site-packages/airflow/models/dagbag.py", line 351, in parse
    loader.exec_module(new_module)
  File "<frozen importlib._bootstrap_external>", line 991, in exec_module
  File "<frozen importlib._bootstrap_external>", line 1129, in get_code
  File "<frozen importlib._bootstrap_external>", line 1059, in source_to_code
  File "<frozen importlib._bootstrap>", line 488, in _call_with_frames_removed
  File "/opt/airflow/dags/connect.py", line 96
    def generate_report(**context):
SyntaxError: expected 'except' or 'finally' block
[2025-11-09T15:24:51.193+0000] {processor.py:842} WARNING - No viable dags retrieved from /opt/airflow/dags/connect.py
[2025-11-09T15:24:51.289+0000] {processor.py:183} INFO - Processing /opt/airflow/dags/connect.py took 0.128 seconds
[2025-11-09T15:25:21.551+0000] {processor.py:161} INFO - Started process (PID=1987) to work on /opt/airflow/dags/connect.py
[2025-11-09T15:25:21.552+0000] {processor.py:830} INFO - Processing file /opt/airflow/dags/connect.py for tasks to queue
[2025-11-09T15:25:21.554+0000] {logging_mixin.py:188} INFO - [2025-11-09T15:25:21.553+0000] {dagbag.py:545} INFO - Filling up the DagBag from /opt/airflow/dags/connect.py
[2025-11-09T15:25:21.566+0000] {logging_mixin.py:188} INFO - [2025-11-09T15:25:21.565+0000] {dagbag.py:355} ERROR - Failed to import: /opt/airflow/dags/connect.py
Traceback (most recent call last):
  File "/home/airflow/.local/lib/python3.12/site-packages/airflow/models/dagbag.py", line 351, in parse
    loader.exec_module(new_module)
  File "<frozen importlib._bootstrap_external>", line 991, in exec_module
  File "<frozen importlib._bootstrap_external>", line 1129, in get_code
  File "<frozen importlib._bootstrap_external>", line 1059, in source_to_code
  File "<frozen importlib._bootstrap>", line 488, in _call_with_frames_removed
  File "/opt/airflow/dags/connect.py", line 96
    def generate_report(**context):
SyntaxError: expected 'except' or 'finally' block
[2025-11-09T15:25:21.567+0000] {processor.py:842} WARNING - No viable dags retrieved from /opt/airflow/dags/connect.py
[2025-11-09T15:25:21.599+0000] {processor.py:183} INFO - Processing /opt/airflow/dags/connect.py took 0.056 seconds
[2025-11-09T15:25:51.862+0000] {processor.py:161} INFO - Started process (PID=1997) to work on /opt/airflow/dags/connect.py
[2025-11-09T15:25:51.864+0000] {processor.py:830} INFO - Processing file /opt/airflow/dags/connect.py for tasks to queue
[2025-11-09T15:25:51.869+0000] {logging_mixin.py:188} INFO - [2025-11-09T15:25:51.866+0000] {dagbag.py:545} INFO - Filling up the DagBag from /opt/airflow/dags/connect.py
[2025-11-09T15:25:51.890+0000] {logging_mixin.py:188} INFO - [2025-11-09T15:25:51.886+0000] {dagbag.py:355} ERROR - Failed to import: /opt/airflow/dags/connect.py
Traceback (most recent call last):
  File "/home/airflow/.local/lib/python3.12/site-packages/airflow/models/dagbag.py", line 351, in parse
    loader.exec_module(new_module)
  File "<frozen importlib._bootstrap_external>", line 991, in exec_module
  File "<frozen importlib._bootstrap_external>", line 1129, in get_code
  File "<frozen importlib._bootstrap_external>", line 1059, in source_to_code
  File "<frozen importlib._bootstrap>", line 488, in _call_with_frames_removed
  File "/opt/airflow/dags/connect.py", line 96
    def generate_report(**context):
SyntaxError: expected 'except' or 'finally' block
[2025-11-09T15:25:51.893+0000] {processor.py:842} WARNING - No viable dags retrieved from /opt/airflow/dags/connect.py
[2025-11-09T15:25:51.942+0000] {processor.py:183} INFO - Processing /opt/airflow/dags/connect.py took 0.097 seconds
[2025-11-09T15:26:22.235+0000] {processor.py:161} INFO - Started process (PID=2007) to work on /opt/airflow/dags/connect.py
[2025-11-09T15:26:22.239+0000] {processor.py:830} INFO - Processing file /opt/airflow/dags/connect.py for tasks to queue
[2025-11-09T15:26:22.245+0000] {logging_mixin.py:188} INFO - [2025-11-09T15:26:22.244+0000] {dagbag.py:545} INFO - Filling up the DagBag from /opt/airflow/dags/connect.py
[2025-11-09T15:26:22.264+0000] {logging_mixin.py:188} INFO - [2025-11-09T15:26:22.260+0000] {dagbag.py:355} ERROR - Failed to import: /opt/airflow/dags/connect.py
Traceback (most recent call last):
  File "/home/airflow/.local/lib/python3.12/site-packages/airflow/models/dagbag.py", line 351, in parse
    loader.exec_module(new_module)
  File "<frozen importlib._bootstrap_external>", line 991, in exec_module
  File "<frozen importlib._bootstrap_external>", line 1129, in get_code
  File "<frozen importlib._bootstrap_external>", line 1059, in source_to_code
  File "<frozen importlib._bootstrap>", line 488, in _call_with_frames_removed
  File "/opt/airflow/dags/connect.py", line 96
    def generate_report(**context):
SyntaxError: expected 'except' or 'finally' block
[2025-11-09T15:26:22.266+0000] {processor.py:842} WARNING - No viable dags retrieved from /opt/airflow/dags/connect.py
[2025-11-09T15:26:22.327+0000] {processor.py:183} INFO - Processing /opt/airflow/dags/connect.py took 0.116 seconds
[2025-11-09T15:26:52.631+0000] {processor.py:161} INFO - Started process (PID=2017) to work on /opt/airflow/dags/connect.py
[2025-11-09T15:26:52.633+0000] {processor.py:830} INFO - Processing file /opt/airflow/dags/connect.py for tasks to queue
[2025-11-09T15:26:52.635+0000] {logging_mixin.py:188} INFO - [2025-11-09T15:26:52.634+0000] {dagbag.py:545} INFO - Filling up the DagBag from /opt/airflow/dags/connect.py
[2025-11-09T15:26:52.642+0000] {logging_mixin.py:188} INFO - [2025-11-09T15:26:52.640+0000] {dagbag.py:355} ERROR - Failed to import: /opt/airflow/dags/connect.py
Traceback (most recent call last):
  File "/home/airflow/.local/lib/python3.12/site-packages/airflow/models/dagbag.py", line 351, in parse
    loader.exec_module(new_module)
  File "<frozen importlib._bootstrap_external>", line 991, in exec_module
  File "<frozen importlib._bootstrap_external>", line 1129, in get_code
  File "<frozen importlib._bootstrap_external>", line 1059, in source_to_code
  File "<frozen importlib._bootstrap>", line 488, in _call_with_frames_removed
  File "/opt/airflow/dags/connect.py", line 96
    def generate_report(**context):
SyntaxError: expected 'except' or 'finally' block
[2025-11-09T15:26:52.644+0000] {processor.py:842} WARNING - No viable dags retrieved from /opt/airflow/dags/connect.py
[2025-11-09T15:26:52.678+0000] {processor.py:183} INFO - Processing /opt/airflow/dags/connect.py took 0.059 seconds
[2025-11-09T15:27:22.952+0000] {processor.py:161} INFO - Started process (PID=2027) to work on /opt/airflow/dags/connect.py
[2025-11-09T15:27:22.956+0000] {processor.py:830} INFO - Processing file /opt/airflow/dags/connect.py for tasks to queue
[2025-11-09T15:27:22.961+0000] {logging_mixin.py:188} INFO - [2025-11-09T15:27:22.958+0000] {dagbag.py:545} INFO - Filling up the DagBag from /opt/airflow/dags/connect.py
[2025-11-09T15:27:22.981+0000] {logging_mixin.py:188} INFO - [2025-11-09T15:27:22.979+0000] {dagbag.py:355} ERROR - Failed to import: /opt/airflow/dags/connect.py
Traceback (most recent call last):
  File "/home/airflow/.local/lib/python3.12/site-packages/airflow/models/dagbag.py", line 351, in parse
    loader.exec_module(new_module)
  File "<frozen importlib._bootstrap_external>", line 991, in exec_module
  File "<frozen importlib._bootstrap_external>", line 1129, in get_code
  File "<frozen importlib._bootstrap_external>", line 1059, in source_to_code
  File "<frozen importlib._bootstrap>", line 488, in _call_with_frames_removed
  File "/opt/airflow/dags/connect.py", line 96
    def generate_report(**context):
SyntaxError: expected 'except' or 'finally' block
[2025-11-09T15:27:22.983+0000] {processor.py:842} WARNING - No viable dags retrieved from /opt/airflow/dags/connect.py
[2025-11-09T15:27:23.035+0000] {processor.py:183} INFO - Processing /opt/airflow/dags/connect.py took 0.102 seconds
[2025-11-09T15:27:53.347+0000] {processor.py:161} INFO - Started process (PID=2037) to work on /opt/airflow/dags/connect.py
[2025-11-09T15:27:53.350+0000] {processor.py:830} INFO - Processing file /opt/airflow/dags/connect.py for tasks to queue
[2025-11-09T15:27:53.356+0000] {logging_mixin.py:188} INFO - [2025-11-09T15:27:53.354+0000] {dagbag.py:545} INFO - Filling up the DagBag from /opt/airflow/dags/connect.py
[2025-11-09T15:27:53.375+0000] {logging_mixin.py:188} INFO - [2025-11-09T15:27:53.371+0000] {dagbag.py:355} ERROR - Failed to import: /opt/airflow/dags/connect.py
Traceback (most recent call last):
  File "/home/airflow/.local/lib/python3.12/site-packages/airflow/models/dagbag.py", line 351, in parse
    loader.exec_module(new_module)
  File "<frozen importlib._bootstrap_external>", line 991, in exec_module
  File "<frozen importlib._bootstrap_external>", line 1129, in get_code
  File "<frozen importlib._bootstrap_external>", line 1059, in source_to_code
  File "<frozen importlib._bootstrap>", line 488, in _call_with_frames_removed
  File "/opt/airflow/dags/connect.py", line 96
    def generate_report(**context):
SyntaxError: expected 'except' or 'finally' block
[2025-11-09T15:27:53.378+0000] {processor.py:842} WARNING - No viable dags retrieved from /opt/airflow/dags/connect.py
[2025-11-09T15:27:53.430+0000] {processor.py:183} INFO - Processing /opt/airflow/dags/connect.py took 0.104 seconds
[2025-11-09T15:28:23.701+0000] {processor.py:161} INFO - Started process (PID=2047) to work on /opt/airflow/dags/connect.py
[2025-11-09T15:28:23.704+0000] {processor.py:830} INFO - Processing file /opt/airflow/dags/connect.py for tasks to queue
[2025-11-09T15:28:23.708+0000] {logging_mixin.py:188} INFO - [2025-11-09T15:28:23.707+0000] {dagbag.py:545} INFO - Filling up the DagBag from /opt/airflow/dags/connect.py
[2025-11-09T15:28:23.716+0000] {logging_mixin.py:188} INFO - [2025-11-09T15:28:23.714+0000] {dagbag.py:355} ERROR - Failed to import: /opt/airflow/dags/connect.py
Traceback (most recent call last):
  File "/home/airflow/.local/lib/python3.12/site-packages/airflow/models/dagbag.py", line 351, in parse
    loader.exec_module(new_module)
  File "<frozen importlib._bootstrap_external>", line 991, in exec_module
  File "<frozen importlib._bootstrap_external>", line 1129, in get_code
  File "<frozen importlib._bootstrap_external>", line 1059, in source_to_code
  File "<frozen importlib._bootstrap>", line 488, in _call_with_frames_removed
  File "/opt/airflow/dags/connect.py", line 96
    def generate_report(**context):
SyntaxError: expected 'except' or 'finally' block
[2025-11-09T15:28:23.717+0000] {processor.py:842} WARNING - No viable dags retrieved from /opt/airflow/dags/connect.py
[2025-11-09T15:28:23.745+0000] {processor.py:183} INFO - Processing /opt/airflow/dags/connect.py took 0.052 seconds
[2025-11-09T15:28:54.016+0000] {processor.py:161} INFO - Started process (PID=2057) to work on /opt/airflow/dags/connect.py
[2025-11-09T15:28:54.019+0000] {processor.py:830} INFO - Processing file /opt/airflow/dags/connect.py for tasks to queue
[2025-11-09T15:28:54.023+0000] {logging_mixin.py:188} INFO - [2025-11-09T15:28:54.022+0000] {dagbag.py:545} INFO - Filling up the DagBag from /opt/airflow/dags/connect.py
[2025-11-09T15:28:54.044+0000] {logging_mixin.py:188} INFO - [2025-11-09T15:28:54.040+0000] {dagbag.py:355} ERROR - Failed to import: /opt/airflow/dags/connect.py
Traceback (most recent call last):
  File "/home/airflow/.local/lib/python3.12/site-packages/airflow/models/dagbag.py", line 351, in parse
    loader.exec_module(new_module)
  File "<frozen importlib._bootstrap_external>", line 991, in exec_module
  File "<frozen importlib._bootstrap_external>", line 1129, in get_code
  File "<frozen importlib._bootstrap_external>", line 1059, in source_to_code
  File "<frozen importlib._bootstrap>", line 488, in _call_with_frames_removed
  File "/opt/airflow/dags/connect.py", line 96
    def generate_report(**context):
SyntaxError: expected 'except' or 'finally' block
[2025-11-09T15:28:54.050+0000] {processor.py:842} WARNING - No viable dags retrieved from /opt/airflow/dags/connect.py
[2025-11-09T15:28:54.103+0000] {processor.py:183} INFO - Processing /opt/airflow/dags/connect.py took 0.108 seconds
[2025-11-09T15:29:24.424+0000] {processor.py:161} INFO - Started process (PID=2067) to work on /opt/airflow/dags/connect.py
[2025-11-09T15:29:24.427+0000] {processor.py:830} INFO - Processing file /opt/airflow/dags/connect.py for tasks to queue
[2025-11-09T15:29:24.430+0000] {logging_mixin.py:188} INFO - [2025-11-09T15:29:24.429+0000] {dagbag.py:545} INFO - Filling up the DagBag from /opt/airflow/dags/connect.py
[2025-11-09T15:29:24.449+0000] {logging_mixin.py:188} INFO - [2025-11-09T15:29:24.446+0000] {dagbag.py:355} ERROR - Failed to import: /opt/airflow/dags/connect.py
Traceback (most recent call last):
  File "/home/airflow/.local/lib/python3.12/site-packages/airflow/models/dagbag.py", line 351, in parse
    loader.exec_module(new_module)
  File "<frozen importlib._bootstrap_external>", line 991, in exec_module
  File "<frozen importlib._bootstrap_external>", line 1129, in get_code
  File "<frozen importlib._bootstrap_external>", line 1059, in source_to_code
  File "<frozen importlib._bootstrap>", line 488, in _call_with_frames_removed
  File "/opt/airflow/dags/connect.py", line 96
    def generate_report(**context):
SyntaxError: expected 'except' or 'finally' block
[2025-11-09T15:29:24.451+0000] {processor.py:842} WARNING - No viable dags retrieved from /opt/airflow/dags/connect.py
[2025-11-09T15:29:24.504+0000] {processor.py:183} INFO - Processing /opt/airflow/dags/connect.py took 0.097 seconds
[2025-11-09T15:29:54.799+0000] {processor.py:161} INFO - Started process (PID=2077) to work on /opt/airflow/dags/connect.py
[2025-11-09T15:29:54.800+0000] {processor.py:830} INFO - Processing file /opt/airflow/dags/connect.py for tasks to queue
[2025-11-09T15:29:54.802+0000] {logging_mixin.py:188} INFO - [2025-11-09T15:29:54.801+0000] {dagbag.py:545} INFO - Filling up the DagBag from /opt/airflow/dags/connect.py
[2025-11-09T15:29:54.814+0000] {logging_mixin.py:188} INFO - [2025-11-09T15:29:54.812+0000] {dagbag.py:355} ERROR - Failed to import: /opt/airflow/dags/connect.py
Traceback (most recent call last):
  File "/home/airflow/.local/lib/python3.12/site-packages/airflow/models/dagbag.py", line 351, in parse
    loader.exec_module(new_module)
  File "<frozen importlib._bootstrap_external>", line 991, in exec_module
  File "<frozen importlib._bootstrap_external>", line 1129, in get_code
  File "<frozen importlib._bootstrap_external>", line 1059, in source_to_code
  File "<frozen importlib._bootstrap>", line 488, in _call_with_frames_removed
  File "/opt/airflow/dags/connect.py", line 96
    def generate_report(**context):
SyntaxError: expected 'except' or 'finally' block
[2025-11-09T15:29:54.815+0000] {processor.py:842} WARNING - No viable dags retrieved from /opt/airflow/dags/connect.py
[2025-11-09T15:29:54.849+0000] {processor.py:183} INFO - Processing /opt/airflow/dags/connect.py took 0.058 seconds
[2025-11-09T15:30:25.122+0000] {processor.py:161} INFO - Started process (PID=2087) to work on /opt/airflow/dags/connect.py
[2025-11-09T15:30:25.124+0000] {processor.py:830} INFO - Processing file /opt/airflow/dags/connect.py for tasks to queue
[2025-11-09T15:30:25.128+0000] {logging_mixin.py:188} INFO - [2025-11-09T15:30:25.127+0000] {dagbag.py:545} INFO - Filling up the DagBag from /opt/airflow/dags/connect.py
[2025-11-09T15:30:25.156+0000] {logging_mixin.py:188} INFO - [2025-11-09T15:30:25.153+0000] {dagbag.py:355} ERROR - Failed to import: /opt/airflow/dags/connect.py
Traceback (most recent call last):
  File "/home/airflow/.local/lib/python3.12/site-packages/airflow/models/dagbag.py", line 351, in parse
    loader.exec_module(new_module)
  File "<frozen importlib._bootstrap_external>", line 991, in exec_module
  File "<frozen importlib._bootstrap_external>", line 1129, in get_code
  File "<frozen importlib._bootstrap_external>", line 1059, in source_to_code
  File "<frozen importlib._bootstrap>", line 488, in _call_with_frames_removed
  File "/opt/airflow/dags/connect.py", line 96
    def generate_report(**context):
SyntaxError: expected 'except' or 'finally' block
[2025-11-09T15:30:25.159+0000] {processor.py:842} WARNING - No viable dags retrieved from /opt/airflow/dags/connect.py
[2025-11-09T15:30:25.217+0000] {processor.py:183} INFO - Processing /opt/airflow/dags/connect.py took 0.113 seconds
[2025-11-09T15:30:55.536+0000] {processor.py:161} INFO - Started process (PID=2097) to work on /opt/airflow/dags/connect.py
[2025-11-09T15:30:55.538+0000] {processor.py:830} INFO - Processing file /opt/airflow/dags/connect.py for tasks to queue
[2025-11-09T15:30:55.541+0000] {logging_mixin.py:188} INFO - [2025-11-09T15:30:55.540+0000] {dagbag.py:545} INFO - Filling up the DagBag from /opt/airflow/dags/connect.py
[2025-11-09T15:30:55.564+0000] {logging_mixin.py:188} INFO - [2025-11-09T15:30:55.560+0000] {dagbag.py:355} ERROR - Failed to import: /opt/airflow/dags/connect.py
Traceback (most recent call last):
  File "/home/airflow/.local/lib/python3.12/site-packages/airflow/models/dagbag.py", line 351, in parse
    loader.exec_module(new_module)
  File "<frozen importlib._bootstrap_external>", line 991, in exec_module
  File "<frozen importlib._bootstrap_external>", line 1129, in get_code
  File "<frozen importlib._bootstrap_external>", line 1059, in source_to_code
  File "<frozen importlib._bootstrap>", line 488, in _call_with_frames_removed
  File "/opt/airflow/dags/connect.py", line 96
    def generate_report(**context):
SyntaxError: expected 'except' or 'finally' block
[2025-11-09T15:30:55.566+0000] {processor.py:842} WARNING - No viable dags retrieved from /opt/airflow/dags/connect.py
[2025-11-09T15:30:55.617+0000] {processor.py:183} INFO - Processing /opt/airflow/dags/connect.py took 0.099 seconds
[2025-11-09T15:31:25.883+0000] {processor.py:161} INFO - Started process (PID=2107) to work on /opt/airflow/dags/connect.py
[2025-11-09T15:31:25.884+0000] {processor.py:830} INFO - Processing file /opt/airflow/dags/connect.py for tasks to queue
[2025-11-09T15:31:25.885+0000] {logging_mixin.py:188} INFO - [2025-11-09T15:31:25.885+0000] {dagbag.py:545} INFO - Filling up the DagBag from /opt/airflow/dags/connect.py
[2025-11-09T15:31:25.895+0000] {logging_mixin.py:188} INFO - [2025-11-09T15:31:25.892+0000] {dagbag.py:355} ERROR - Failed to import: /opt/airflow/dags/connect.py
Traceback (most recent call last):
  File "/home/airflow/.local/lib/python3.12/site-packages/airflow/models/dagbag.py", line 351, in parse
    loader.exec_module(new_module)
  File "<frozen importlib._bootstrap_external>", line 991, in exec_module
  File "<frozen importlib._bootstrap_external>", line 1129, in get_code
  File "<frozen importlib._bootstrap_external>", line 1059, in source_to_code
  File "<frozen importlib._bootstrap>", line 488, in _call_with_frames_removed
  File "/opt/airflow/dags/connect.py", line 96
    def generate_report(**context):
SyntaxError: expected 'except' or 'finally' block
[2025-11-09T15:31:25.897+0000] {processor.py:842} WARNING - No viable dags retrieved from /opt/airflow/dags/connect.py
[2025-11-09T15:31:25.950+0000] {processor.py:183} INFO - Processing /opt/airflow/dags/connect.py took 0.078 seconds
[2025-11-09T15:31:56.211+0000] {processor.py:161} INFO - Started process (PID=2117) to work on /opt/airflow/dags/connect.py
[2025-11-09T15:31:56.213+0000] {processor.py:830} INFO - Processing file /opt/airflow/dags/connect.py for tasks to queue
[2025-11-09T15:31:56.216+0000] {logging_mixin.py:188} INFO - [2025-11-09T15:31:56.215+0000] {dagbag.py:545} INFO - Filling up the DagBag from /opt/airflow/dags/connect.py
[2025-11-09T15:31:56.244+0000] {logging_mixin.py:188} INFO - [2025-11-09T15:31:56.239+0000] {dagbag.py:355} ERROR - Failed to import: /opt/airflow/dags/connect.py
Traceback (most recent call last):
  File "/home/airflow/.local/lib/python3.12/site-packages/airflow/models/dagbag.py", line 351, in parse
    loader.exec_module(new_module)
  File "<frozen importlib._bootstrap_external>", line 991, in exec_module
  File "<frozen importlib._bootstrap_external>", line 1129, in get_code
  File "<frozen importlib._bootstrap_external>", line 1059, in source_to_code
  File "<frozen importlib._bootstrap>", line 488, in _call_with_frames_removed
  File "/opt/airflow/dags/connect.py", line 96
    def generate_report(**context):
SyntaxError: expected 'except' or 'finally' block
[2025-11-09T15:31:56.247+0000] {processor.py:842} WARNING - No viable dags retrieved from /opt/airflow/dags/connect.py
[2025-11-09T15:31:56.346+0000] {processor.py:183} INFO - Processing /opt/airflow/dags/connect.py took 0.152 seconds
[2025-11-09T15:32:26.620+0000] {processor.py:161} INFO - Started process (PID=2127) to work on /opt/airflow/dags/connect.py
[2025-11-09T15:32:26.622+0000] {processor.py:830} INFO - Processing file /opt/airflow/dags/connect.py for tasks to queue
[2025-11-09T15:32:26.625+0000] {logging_mixin.py:188} INFO - [2025-11-09T15:32:26.624+0000] {dagbag.py:545} INFO - Filling up the DagBag from /opt/airflow/dags/connect.py
[2025-11-09T15:32:26.642+0000] {logging_mixin.py:188} INFO - [2025-11-09T15:32:26.639+0000] {dagbag.py:355} ERROR - Failed to import: /opt/airflow/dags/connect.py
Traceback (most recent call last):
  File "/home/airflow/.local/lib/python3.12/site-packages/airflow/models/dagbag.py", line 351, in parse
    loader.exec_module(new_module)
  File "<frozen importlib._bootstrap_external>", line 991, in exec_module
  File "<frozen importlib._bootstrap_external>", line 1129, in get_code
  File "<frozen importlib._bootstrap_external>", line 1059, in source_to_code
  File "<frozen importlib._bootstrap>", line 488, in _call_with_frames_removed
  File "/opt/airflow/dags/connect.py", line 96
    def generate_report(**context):
SyntaxError: expected 'except' or 'finally' block
[2025-11-09T15:32:26.644+0000] {processor.py:842} WARNING - No viable dags retrieved from /opt/airflow/dags/connect.py
[2025-11-09T15:32:26.735+0000] {processor.py:183} INFO - Processing /opt/airflow/dags/connect.py took 0.132 seconds
[2025-11-09T15:32:56.987+0000] {processor.py:161} INFO - Started process (PID=2137) to work on /opt/airflow/dags/connect.py
[2025-11-09T15:32:56.989+0000] {processor.py:830} INFO - Processing file /opt/airflow/dags/connect.py for tasks to queue
[2025-11-09T15:32:56.990+0000] {logging_mixin.py:188} INFO - [2025-11-09T15:32:56.990+0000] {dagbag.py:545} INFO - Filling up the DagBag from /opt/airflow/dags/connect.py
[2025-11-09T15:32:57.002+0000] {logging_mixin.py:188} INFO - [2025-11-09T15:32:56.998+0000] {dagbag.py:355} ERROR - Failed to import: /opt/airflow/dags/connect.py
Traceback (most recent call last):
  File "/home/airflow/.local/lib/python3.12/site-packages/airflow/models/dagbag.py", line 351, in parse
    loader.exec_module(new_module)
  File "<frozen importlib._bootstrap_external>", line 991, in exec_module
  File "<frozen importlib._bootstrap_external>", line 1129, in get_code
  File "<frozen importlib._bootstrap_external>", line 1059, in source_to_code
  File "<frozen importlib._bootstrap>", line 488, in _call_with_frames_removed
  File "/opt/airflow/dags/connect.py", line 96
    def generate_report(**context):
SyntaxError: expected 'except' or 'finally' block
[2025-11-09T15:32:57.003+0000] {processor.py:842} WARNING - No viable dags retrieved from /opt/airflow/dags/connect.py
[2025-11-09T15:32:57.032+0000] {processor.py:183} INFO - Processing /opt/airflow/dags/connect.py took 0.055 seconds
[2025-11-09T15:33:27.346+0000] {processor.py:161} INFO - Started process (PID=2147) to work on /opt/airflow/dags/connect.py
[2025-11-09T15:33:27.348+0000] {processor.py:830} INFO - Processing file /opt/airflow/dags/connect.py for tasks to queue
[2025-11-09T15:33:27.350+0000] {logging_mixin.py:188} INFO - [2025-11-09T15:33:27.349+0000] {dagbag.py:545} INFO - Filling up the DagBag from /opt/airflow/dags/connect.py
[2025-11-09T15:33:27.377+0000] {logging_mixin.py:188} INFO - [2025-11-09T15:33:27.374+0000] {dagbag.py:355} ERROR - Failed to import: /opt/airflow/dags/connect.py
Traceback (most recent call last):
  File "/home/airflow/.local/lib/python3.12/site-packages/airflow/models/dagbag.py", line 351, in parse
    loader.exec_module(new_module)
  File "<frozen importlib._bootstrap_external>", line 991, in exec_module
  File "<frozen importlib._bootstrap_external>", line 1129, in get_code
  File "<frozen importlib._bootstrap_external>", line 1059, in source_to_code
  File "<frozen importlib._bootstrap>", line 488, in _call_with_frames_removed
  File "/opt/airflow/dags/connect.py", line 96
    def generate_report(**context):
SyntaxError: expected 'except' or 'finally' block
[2025-11-09T15:33:27.380+0000] {processor.py:842} WARNING - No viable dags retrieved from /opt/airflow/dags/connect.py
[2025-11-09T15:33:27.465+0000] {processor.py:183} INFO - Processing /opt/airflow/dags/connect.py took 0.135 seconds
[2025-11-09T15:33:57.780+0000] {processor.py:161} INFO - Started process (PID=2157) to work on /opt/airflow/dags/connect.py
[2025-11-09T15:33:57.782+0000] {processor.py:830} INFO - Processing file /opt/airflow/dags/connect.py for tasks to queue
[2025-11-09T15:33:57.786+0000] {logging_mixin.py:188} INFO - [2025-11-09T15:33:57.784+0000] {dagbag.py:545} INFO - Filling up the DagBag from /opt/airflow/dags/connect.py
[2025-11-09T15:33:57.801+0000] {logging_mixin.py:188} INFO - [2025-11-09T15:33:57.799+0000] {dagbag.py:355} ERROR - Failed to import: /opt/airflow/dags/connect.py
Traceback (most recent call last):
  File "/home/airflow/.local/lib/python3.12/site-packages/airflow/models/dagbag.py", line 351, in parse
    loader.exec_module(new_module)
  File "<frozen importlib._bootstrap_external>", line 991, in exec_module
  File "<frozen importlib._bootstrap_external>", line 1129, in get_code
  File "<frozen importlib._bootstrap_external>", line 1059, in source_to_code
  File "<frozen importlib._bootstrap>", line 488, in _call_with_frames_removed
  File "/opt/airflow/dags/connect.py", line 96
    def generate_report(**context):
SyntaxError: expected 'except' or 'finally' block
[2025-11-09T15:33:57.803+0000] {processor.py:842} WARNING - No viable dags retrieved from /opt/airflow/dags/connect.py
[2025-11-09T15:33:57.864+0000] {processor.py:183} INFO - Processing /opt/airflow/dags/connect.py took 0.102 seconds
[2025-11-09T15:34:28.240+0000] {processor.py:161} INFO - Started process (PID=2167) to work on /opt/airflow/dags/connect.py
[2025-11-09T15:34:28.242+0000] {processor.py:830} INFO - Processing file /opt/airflow/dags/connect.py for tasks to queue
[2025-11-09T15:34:28.245+0000] {logging_mixin.py:188} INFO - [2025-11-09T15:34:28.244+0000] {dagbag.py:545} INFO - Filling up the DagBag from /opt/airflow/dags/connect.py
[2025-11-09T15:34:28.258+0000] {logging_mixin.py:188} INFO - [2025-11-09T15:34:28.256+0000] {dagbag.py:355} ERROR - Failed to import: /opt/airflow/dags/connect.py
Traceback (most recent call last):
  File "/home/airflow/.local/lib/python3.12/site-packages/airflow/models/dagbag.py", line 351, in parse
    loader.exec_module(new_module)
  File "<frozen importlib._bootstrap_external>", line 991, in exec_module
  File "<frozen importlib._bootstrap_external>", line 1129, in get_code
  File "<frozen importlib._bootstrap_external>", line 1059, in source_to_code
  File "<frozen importlib._bootstrap>", line 488, in _call_with_frames_removed
  File "/opt/airflow/dags/connect.py", line 96
    def generate_report(**context):
SyntaxError: expected 'except' or 'finally' block
[2025-11-09T15:34:28.260+0000] {processor.py:842} WARNING - No viable dags retrieved from /opt/airflow/dags/connect.py
[2025-11-09T15:34:28.333+0000] {processor.py:183} INFO - Processing /opt/airflow/dags/connect.py took 0.112 seconds
[2025-11-09T15:34:58.674+0000] {processor.py:161} INFO - Started process (PID=2177) to work on /opt/airflow/dags/connect.py
[2025-11-09T15:34:58.675+0000] {processor.py:830} INFO - Processing file /opt/airflow/dags/connect.py for tasks to queue
[2025-11-09T15:34:58.677+0000] {logging_mixin.py:188} INFO - [2025-11-09T15:34:58.676+0000] {dagbag.py:545} INFO - Filling up the DagBag from /opt/airflow/dags/connect.py
[2025-11-09T15:34:58.687+0000] {logging_mixin.py:188} INFO - [2025-11-09T15:34:58.686+0000] {dagbag.py:355} ERROR - Failed to import: /opt/airflow/dags/connect.py
Traceback (most recent call last):
  File "/home/airflow/.local/lib/python3.12/site-packages/airflow/models/dagbag.py", line 351, in parse
    loader.exec_module(new_module)
  File "<frozen importlib._bootstrap_external>", line 991, in exec_module
  File "<frozen importlib._bootstrap_external>", line 1129, in get_code
  File "<frozen importlib._bootstrap_external>", line 1059, in source_to_code
  File "<frozen importlib._bootstrap>", line 488, in _call_with_frames_removed
  File "/opt/airflow/dags/connect.py", line 96
    def generate_report(**context):
SyntaxError: expected 'except' or 'finally' block
[2025-11-09T15:34:58.688+0000] {processor.py:842} WARNING - No viable dags retrieved from /opt/airflow/dags/connect.py
[2025-11-09T15:34:58.713+0000] {processor.py:183} INFO - Processing /opt/airflow/dags/connect.py took 0.057 seconds
[2025-11-09T15:35:28.966+0000] {processor.py:161} INFO - Started process (PID=2187) to work on /opt/airflow/dags/connect.py
[2025-11-09T15:35:28.967+0000] {processor.py:830} INFO - Processing file /opt/airflow/dags/connect.py for tasks to queue
[2025-11-09T15:35:28.969+0000] {logging_mixin.py:188} INFO - [2025-11-09T15:35:28.968+0000] {dagbag.py:545} INFO - Filling up the DagBag from /opt/airflow/dags/connect.py
[2025-11-09T15:35:28.978+0000] {logging_mixin.py:188} INFO - [2025-11-09T15:35:28.976+0000] {dagbag.py:355} ERROR - Failed to import: /opt/airflow/dags/connect.py
Traceback (most recent call last):
  File "/home/airflow/.local/lib/python3.12/site-packages/airflow/models/dagbag.py", line 351, in parse
    loader.exec_module(new_module)
  File "<frozen importlib._bootstrap_external>", line 991, in exec_module
  File "<frozen importlib._bootstrap_external>", line 1129, in get_code
  File "<frozen importlib._bootstrap_external>", line 1059, in source_to_code
  File "<frozen importlib._bootstrap>", line 488, in _call_with_frames_removed
  File "/opt/airflow/dags/connect.py", line 96
    def generate_report(**context):
SyntaxError: expected 'except' or 'finally' block
[2025-11-09T15:35:28.979+0000] {processor.py:842} WARNING - No viable dags retrieved from /opt/airflow/dags/connect.py
[2025-11-09T15:35:29.001+0000] {processor.py:183} INFO - Processing /opt/airflow/dags/connect.py took 0.043 seconds
[2025-11-09T15:35:59.266+0000] {processor.py:161} INFO - Started process (PID=2197) to work on /opt/airflow/dags/connect.py
[2025-11-09T15:35:59.267+0000] {processor.py:830} INFO - Processing file /opt/airflow/dags/connect.py for tasks to queue
[2025-11-09T15:35:59.269+0000] {logging_mixin.py:188} INFO - [2025-11-09T15:35:59.269+0000] {dagbag.py:545} INFO - Filling up the DagBag from /opt/airflow/dags/connect.py
[2025-11-09T15:35:59.279+0000] {logging_mixin.py:188} INFO - [2025-11-09T15:35:59.278+0000] {dagbag.py:355} ERROR - Failed to import: /opt/airflow/dags/connect.py
Traceback (most recent call last):
  File "/home/airflow/.local/lib/python3.12/site-packages/airflow/models/dagbag.py", line 351, in parse
    loader.exec_module(new_module)
  File "<frozen importlib._bootstrap_external>", line 991, in exec_module
  File "<frozen importlib._bootstrap_external>", line 1129, in get_code
  File "<frozen importlib._bootstrap_external>", line 1059, in source_to_code
  File "<frozen importlib._bootstrap>", line 488, in _call_with_frames_removed
  File "/opt/airflow/dags/connect.py", line 96
    def generate_report(**context):
SyntaxError: expected 'except' or 'finally' block
[2025-11-09T15:35:59.280+0000] {processor.py:842} WARNING - No viable dags retrieved from /opt/airflow/dags/connect.py
[2025-11-09T15:35:59.310+0000] {processor.py:183} INFO - Processing /opt/airflow/dags/connect.py took 0.056 seconds
[2025-11-09T15:36:29.555+0000] {processor.py:161} INFO - Started process (PID=2207) to work on /opt/airflow/dags/connect.py
[2025-11-09T15:36:29.557+0000] {processor.py:830} INFO - Processing file /opt/airflow/dags/connect.py for tasks to queue
[2025-11-09T15:36:29.560+0000] {logging_mixin.py:188} INFO - [2025-11-09T15:36:29.559+0000] {dagbag.py:545} INFO - Filling up the DagBag from /opt/airflow/dags/connect.py
[2025-11-09T15:36:29.576+0000] {logging_mixin.py:188} INFO - [2025-11-09T15:36:29.573+0000] {dagbag.py:355} ERROR - Failed to import: /opt/airflow/dags/connect.py
Traceback (most recent call last):
  File "/home/airflow/.local/lib/python3.12/site-packages/airflow/models/dagbag.py", line 351, in parse
    loader.exec_module(new_module)
  File "<frozen importlib._bootstrap_external>", line 991, in exec_module
  File "<frozen importlib._bootstrap_external>", line 1129, in get_code
  File "<frozen importlib._bootstrap_external>", line 1059, in source_to_code
  File "<frozen importlib._bootstrap>", line 488, in _call_with_frames_removed
  File "/opt/airflow/dags/connect.py", line 96
    def generate_report(**context):
SyntaxError: expected 'except' or 'finally' block
[2025-11-09T15:36:29.578+0000] {processor.py:842} WARNING - No viable dags retrieved from /opt/airflow/dags/connect.py
[2025-11-09T15:36:29.631+0000] {processor.py:183} INFO - Processing /opt/airflow/dags/connect.py took 0.092 seconds
[2025-11-09T15:36:59.874+0000] {processor.py:161} INFO - Started process (PID=2217) to work on /opt/airflow/dags/connect.py
[2025-11-09T15:36:59.876+0000] {processor.py:830} INFO - Processing file /opt/airflow/dags/connect.py for tasks to queue
[2025-11-09T15:36:59.881+0000] {logging_mixin.py:188} INFO - [2025-11-09T15:36:59.879+0000] {dagbag.py:545} INFO - Filling up the DagBag from /opt/airflow/dags/connect.py
[2025-11-09T15:36:59.906+0000] {logging_mixin.py:188} INFO - [2025-11-09T15:36:59.903+0000] {dagbag.py:355} ERROR - Failed to import: /opt/airflow/dags/connect.py
Traceback (most recent call last):
  File "/home/airflow/.local/lib/python3.12/site-packages/airflow/models/dagbag.py", line 351, in parse
    loader.exec_module(new_module)
  File "<frozen importlib._bootstrap_external>", line 991, in exec_module
  File "<frozen importlib._bootstrap_external>", line 1129, in get_code
  File "<frozen importlib._bootstrap_external>", line 1059, in source_to_code
  File "<frozen importlib._bootstrap>", line 488, in _call_with_frames_removed
  File "/opt/airflow/dags/connect.py", line 96
    def generate_report(**context):
SyntaxError: expected 'except' or 'finally' block
[2025-11-09T15:36:59.907+0000] {processor.py:842} WARNING - No viable dags retrieved from /opt/airflow/dags/connect.py
[2025-11-09T15:36:59.948+0000] {processor.py:183} INFO - Processing /opt/airflow/dags/connect.py took 0.094 seconds
[2025-11-09T15:37:30.240+0000] {processor.py:161} INFO - Started process (PID=2227) to work on /opt/airflow/dags/connect.py
[2025-11-09T15:37:30.245+0000] {processor.py:830} INFO - Processing file /opt/airflow/dags/connect.py for tasks to queue
[2025-11-09T15:37:30.250+0000] {logging_mixin.py:188} INFO - [2025-11-09T15:37:30.249+0000] {dagbag.py:545} INFO - Filling up the DagBag from /opt/airflow/dags/connect.py
[2025-11-09T15:37:30.261+0000] {logging_mixin.py:188} INFO - [2025-11-09T15:37:30.258+0000] {dagbag.py:355} ERROR - Failed to import: /opt/airflow/dags/connect.py
Traceback (most recent call last):
  File "/home/airflow/.local/lib/python3.12/site-packages/airflow/models/dagbag.py", line 351, in parse
    loader.exec_module(new_module)
  File "<frozen importlib._bootstrap_external>", line 991, in exec_module
  File "<frozen importlib._bootstrap_external>", line 1129, in get_code
  File "<frozen importlib._bootstrap_external>", line 1059, in source_to_code
  File "<frozen importlib._bootstrap>", line 488, in _call_with_frames_removed
  File "/opt/airflow/dags/connect.py", line 96
    def generate_report(**context):
SyntaxError: expected 'except' or 'finally' block
[2025-11-09T15:37:30.262+0000] {processor.py:842} WARNING - No viable dags retrieved from /opt/airflow/dags/connect.py
[2025-11-09T15:37:30.303+0000] {processor.py:183} INFO - Processing /opt/airflow/dags/connect.py took 0.079 seconds
[2025-11-09T15:38:00.617+0000] {processor.py:161} INFO - Started process (PID=2237) to work on /opt/airflow/dags/connect.py
[2025-11-09T15:38:00.619+0000] {processor.py:830} INFO - Processing file /opt/airflow/dags/connect.py for tasks to queue
[2025-11-09T15:38:00.624+0000] {logging_mixin.py:188} INFO - [2025-11-09T15:38:00.622+0000] {dagbag.py:545} INFO - Filling up the DagBag from /opt/airflow/dags/connect.py
[2025-11-09T15:38:00.647+0000] {logging_mixin.py:188} INFO - [2025-11-09T15:38:00.642+0000] {dagbag.py:355} ERROR - Failed to import: /opt/airflow/dags/connect.py
Traceback (most recent call last):
  File "/home/airflow/.local/lib/python3.12/site-packages/airflow/models/dagbag.py", line 351, in parse
    loader.exec_module(new_module)
  File "<frozen importlib._bootstrap_external>", line 991, in exec_module
  File "<frozen importlib._bootstrap_external>", line 1129, in get_code
  File "<frozen importlib._bootstrap_external>", line 1059, in source_to_code
  File "<frozen importlib._bootstrap>", line 488, in _call_with_frames_removed
  File "/opt/airflow/dags/connect.py", line 96
    def generate_report(**context):
SyntaxError: expected 'except' or 'finally' block
[2025-11-09T15:38:00.649+0000] {processor.py:842} WARNING - No viable dags retrieved from /opt/airflow/dags/connect.py
[2025-11-09T15:38:00.699+0000] {processor.py:183} INFO - Processing /opt/airflow/dags/connect.py took 0.104 seconds
[2025-11-09T15:38:31.036+0000] {processor.py:161} INFO - Started process (PID=2247) to work on /opt/airflow/dags/connect.py
[2025-11-09T15:38:31.038+0000] {processor.py:830} INFO - Processing file /opt/airflow/dags/connect.py for tasks to queue
[2025-11-09T15:38:31.043+0000] {logging_mixin.py:188} INFO - [2025-11-09T15:38:31.041+0000] {dagbag.py:545} INFO - Filling up the DagBag from /opt/airflow/dags/connect.py
[2025-11-09T15:38:31.070+0000] {logging_mixin.py:188} INFO - [2025-11-09T15:38:31.065+0000] {dagbag.py:355} ERROR - Failed to import: /opt/airflow/dags/connect.py
Traceback (most recent call last):
  File "/home/airflow/.local/lib/python3.12/site-packages/airflow/models/dagbag.py", line 351, in parse
    loader.exec_module(new_module)
  File "<frozen importlib._bootstrap_external>", line 991, in exec_module
  File "<frozen importlib._bootstrap_external>", line 1129, in get_code
  File "<frozen importlib._bootstrap_external>", line 1059, in source_to_code
  File "<frozen importlib._bootstrap>", line 488, in _call_with_frames_removed
  File "/opt/airflow/dags/connect.py", line 96
    def generate_report(**context):
SyntaxError: expected 'except' or 'finally' block
[2025-11-09T15:38:31.076+0000] {processor.py:842} WARNING - No viable dags retrieved from /opt/airflow/dags/connect.py
[2025-11-09T15:38:31.116+0000] {processor.py:183} INFO - Processing /opt/airflow/dags/connect.py took 0.098 seconds
[2025-11-09T15:39:01.457+0000] {processor.py:161} INFO - Started process (PID=2257) to work on /opt/airflow/dags/connect.py
[2025-11-09T15:39:01.458+0000] {processor.py:830} INFO - Processing file /opt/airflow/dags/connect.py for tasks to queue
[2025-11-09T15:39:01.460+0000] {logging_mixin.py:188} INFO - [2025-11-09T15:39:01.460+0000] {dagbag.py:545} INFO - Filling up the DagBag from /opt/airflow/dags/connect.py
[2025-11-09T15:39:01.475+0000] {logging_mixin.py:188} INFO - [2025-11-09T15:39:01.473+0000] {dagbag.py:355} ERROR - Failed to import: /opt/airflow/dags/connect.py
Traceback (most recent call last):
  File "/home/airflow/.local/lib/python3.12/site-packages/airflow/models/dagbag.py", line 351, in parse
    loader.exec_module(new_module)
  File "<frozen importlib._bootstrap_external>", line 991, in exec_module
  File "<frozen importlib._bootstrap_external>", line 1129, in get_code
  File "<frozen importlib._bootstrap_external>", line 1059, in source_to_code
  File "<frozen importlib._bootstrap>", line 488, in _call_with_frames_removed
  File "/opt/airflow/dags/connect.py", line 96
    def generate_report(**context):
SyntaxError: expected 'except' or 'finally' block
[2025-11-09T15:39:01.476+0000] {processor.py:842} WARNING - No viable dags retrieved from /opt/airflow/dags/connect.py
[2025-11-09T15:39:01.506+0000] {processor.py:183} INFO - Processing /opt/airflow/dags/connect.py took 0.062 seconds
[2025-11-09T15:39:31.810+0000] {processor.py:161} INFO - Started process (PID=2267) to work on /opt/airflow/dags/connect.py
[2025-11-09T15:39:31.812+0000] {processor.py:830} INFO - Processing file /opt/airflow/dags/connect.py for tasks to queue
[2025-11-09T15:39:31.816+0000] {logging_mixin.py:188} INFO - [2025-11-09T15:39:31.815+0000] {dagbag.py:545} INFO - Filling up the DagBag from /opt/airflow/dags/connect.py
[2025-11-09T15:39:31.826+0000] {logging_mixin.py:188} INFO - [2025-11-09T15:39:31.824+0000] {dagbag.py:355} ERROR - Failed to import: /opt/airflow/dags/connect.py
Traceback (most recent call last):
  File "/home/airflow/.local/lib/python3.12/site-packages/airflow/models/dagbag.py", line 351, in parse
    loader.exec_module(new_module)
  File "<frozen importlib._bootstrap_external>", line 991, in exec_module
  File "<frozen importlib._bootstrap_external>", line 1129, in get_code
  File "<frozen importlib._bootstrap_external>", line 1059, in source_to_code
  File "<frozen importlib._bootstrap>", line 488, in _call_with_frames_removed
  File "/opt/airflow/dags/connect.py", line 96
    def generate_report(**context):
SyntaxError: expected 'except' or 'finally' block
[2025-11-09T15:39:31.828+0000] {processor.py:842} WARNING - No viable dags retrieved from /opt/airflow/dags/connect.py
[2025-11-09T15:39:31.859+0000] {processor.py:183} INFO - Processing /opt/airflow/dags/connect.py took 0.058 seconds
[2025-11-09T15:40:02.200+0000] {processor.py:161} INFO - Started process (PID=2277) to work on /opt/airflow/dags/connect.py
[2025-11-09T15:40:02.203+0000] {processor.py:830} INFO - Processing file /opt/airflow/dags/connect.py for tasks to queue
[2025-11-09T15:40:02.206+0000] {logging_mixin.py:188} INFO - [2025-11-09T15:40:02.205+0000] {dagbag.py:545} INFO - Filling up the DagBag from /opt/airflow/dags/connect.py
[2025-11-09T15:40:02.262+0000] {logging_mixin.py:188} INFO - [2025-11-09T15:40:02.259+0000] {dagbag.py:355} ERROR - Failed to import: /opt/airflow/dags/connect.py
Traceback (most recent call last):
  File "/home/airflow/.local/lib/python3.12/site-packages/airflow/models/dagbag.py", line 351, in parse
    loader.exec_module(new_module)
  File "<frozen importlib._bootstrap_external>", line 991, in exec_module
  File "<frozen importlib._bootstrap_external>", line 1129, in get_code
  File "<frozen importlib._bootstrap_external>", line 1059, in source_to_code
  File "<frozen importlib._bootstrap>", line 488, in _call_with_frames_removed
  File "/opt/airflow/dags/connect.py", line 96
    def generate_report(**context):
SyntaxError: expected 'except' or 'finally' block
[2025-11-09T15:40:02.265+0000] {processor.py:842} WARNING - No viable dags retrieved from /opt/airflow/dags/connect.py
[2025-11-09T15:40:02.317+0000] {processor.py:183} INFO - Processing /opt/airflow/dags/connect.py took 0.138 seconds
[2025-11-09T15:40:32.572+0000] {processor.py:161} INFO - Started process (PID=2287) to work on /opt/airflow/dags/connect.py
[2025-11-09T15:40:32.573+0000] {processor.py:830} INFO - Processing file /opt/airflow/dags/connect.py for tasks to queue
[2025-11-09T15:40:32.575+0000] {logging_mixin.py:188} INFO - [2025-11-09T15:40:32.574+0000] {dagbag.py:545} INFO - Filling up the DagBag from /opt/airflow/dags/connect.py
[2025-11-09T15:40:32.597+0000] {logging_mixin.py:188} INFO - [2025-11-09T15:40:32.591+0000] {dagbag.py:355} ERROR - Failed to import: /opt/airflow/dags/connect.py
Traceback (most recent call last):
  File "/home/airflow/.local/lib/python3.12/site-packages/airflow/models/dagbag.py", line 351, in parse
    loader.exec_module(new_module)
  File "<frozen importlib._bootstrap_external>", line 991, in exec_module
  File "<frozen importlib._bootstrap_external>", line 1129, in get_code
  File "<frozen importlib._bootstrap_external>", line 1059, in source_to_code
  File "<frozen importlib._bootstrap>", line 488, in _call_with_frames_removed
  File "/opt/airflow/dags/connect.py", line 96
    def generate_report(**context):
SyntaxError: expected 'except' or 'finally' block
[2025-11-09T15:40:32.598+0000] {processor.py:842} WARNING - No viable dags retrieved from /opt/airflow/dags/connect.py
[2025-11-09T15:40:32.642+0000] {processor.py:183} INFO - Processing /opt/airflow/dags/connect.py took 0.080 seconds
[2025-11-09T15:41:02.887+0000] {processor.py:161} INFO - Started process (PID=2297) to work on /opt/airflow/dags/connect.py
[2025-11-09T15:41:02.888+0000] {processor.py:830} INFO - Processing file /opt/airflow/dags/connect.py for tasks to queue
[2025-11-09T15:41:02.890+0000] {logging_mixin.py:188} INFO - [2025-11-09T15:41:02.889+0000] {dagbag.py:545} INFO - Filling up the DagBag from /opt/airflow/dags/connect.py
[2025-11-09T15:41:02.899+0000] {logging_mixin.py:188} INFO - [2025-11-09T15:41:02.896+0000] {dagbag.py:355} ERROR - Failed to import: /opt/airflow/dags/connect.py
Traceback (most recent call last):
  File "/home/airflow/.local/lib/python3.12/site-packages/airflow/models/dagbag.py", line 351, in parse
    loader.exec_module(new_module)
  File "<frozen importlib._bootstrap_external>", line 991, in exec_module
  File "<frozen importlib._bootstrap_external>", line 1129, in get_code
  File "<frozen importlib._bootstrap_external>", line 1059, in source_to_code
  File "<frozen importlib._bootstrap>", line 488, in _call_with_frames_removed
  File "/opt/airflow/dags/connect.py", line 96
    def generate_report(**context):
SyntaxError: expected 'except' or 'finally' block
[2025-11-09T15:41:02.902+0000] {processor.py:842} WARNING - No viable dags retrieved from /opt/airflow/dags/connect.py
[2025-11-09T15:41:02.934+0000] {processor.py:183} INFO - Processing /opt/airflow/dags/connect.py took 0.059 seconds
[2025-11-09T15:41:33.201+0000] {processor.py:161} INFO - Started process (PID=2307) to work on /opt/airflow/dags/connect.py
[2025-11-09T15:41:33.203+0000] {processor.py:830} INFO - Processing file /opt/airflow/dags/connect.py for tasks to queue
[2025-11-09T15:41:33.206+0000] {logging_mixin.py:188} INFO - [2025-11-09T15:41:33.205+0000] {dagbag.py:545} INFO - Filling up the DagBag from /opt/airflow/dags/connect.py
[2025-11-09T15:41:33.229+0000] {logging_mixin.py:188} INFO - [2025-11-09T15:41:33.226+0000] {dagbag.py:355} ERROR - Failed to import: /opt/airflow/dags/connect.py
Traceback (most recent call last):
  File "/home/airflow/.local/lib/python3.12/site-packages/airflow/models/dagbag.py", line 351, in parse
    loader.exec_module(new_module)
  File "<frozen importlib._bootstrap_external>", line 991, in exec_module
  File "<frozen importlib._bootstrap_external>", line 1129, in get_code
  File "<frozen importlib._bootstrap_external>", line 1059, in source_to_code
  File "<frozen importlib._bootstrap>", line 488, in _call_with_frames_removed
  File "/opt/airflow/dags/connect.py", line 96
    def generate_report(**context):
SyntaxError: expected 'except' or 'finally' block
[2025-11-09T15:41:33.232+0000] {processor.py:842} WARNING - No viable dags retrieved from /opt/airflow/dags/connect.py
[2025-11-09T15:41:33.288+0000] {processor.py:183} INFO - Processing /opt/airflow/dags/connect.py took 0.103 seconds
[2025-11-09T15:42:03.536+0000] {processor.py:161} INFO - Started process (PID=2317) to work on /opt/airflow/dags/connect.py
[2025-11-09T15:42:03.538+0000] {processor.py:830} INFO - Processing file /opt/airflow/dags/connect.py for tasks to queue
[2025-11-09T15:42:03.542+0000] {logging_mixin.py:188} INFO - [2025-11-09T15:42:03.541+0000] {dagbag.py:545} INFO - Filling up the DagBag from /opt/airflow/dags/connect.py
[2025-11-09T15:42:03.561+0000] {logging_mixin.py:188} INFO - [2025-11-09T15:42:03.557+0000] {dagbag.py:355} ERROR - Failed to import: /opt/airflow/dags/connect.py
Traceback (most recent call last):
  File "/home/airflow/.local/lib/python3.12/site-packages/airflow/models/dagbag.py", line 351, in parse
    loader.exec_module(new_module)
  File "<frozen importlib._bootstrap_external>", line 991, in exec_module
  File "<frozen importlib._bootstrap_external>", line 1129, in get_code
  File "<frozen importlib._bootstrap_external>", line 1059, in source_to_code
  File "<frozen importlib._bootstrap>", line 488, in _call_with_frames_removed
  File "/opt/airflow/dags/connect.py", line 96
    def generate_report(**context):
SyntaxError: expected 'except' or 'finally' block
[2025-11-09T15:42:03.564+0000] {processor.py:842} WARNING - No viable dags retrieved from /opt/airflow/dags/connect.py
[2025-11-09T15:42:03.610+0000] {processor.py:183} INFO - Processing /opt/airflow/dags/connect.py took 0.089 seconds
[2025-11-09T15:42:33.912+0000] {processor.py:161} INFO - Started process (PID=2327) to work on /opt/airflow/dags/connect.py
[2025-11-09T15:42:33.914+0000] {processor.py:830} INFO - Processing file /opt/airflow/dags/connect.py for tasks to queue
[2025-11-09T15:42:33.916+0000] {logging_mixin.py:188} INFO - [2025-11-09T15:42:33.915+0000] {dagbag.py:545} INFO - Filling up the DagBag from /opt/airflow/dags/connect.py
[2025-11-09T15:42:33.931+0000] {logging_mixin.py:188} INFO - [2025-11-09T15:42:33.929+0000] {dagbag.py:355} ERROR - Failed to import: /opt/airflow/dags/connect.py
Traceback (most recent call last):
  File "/home/airflow/.local/lib/python3.12/site-packages/airflow/models/dagbag.py", line 351, in parse
    loader.exec_module(new_module)
  File "<frozen importlib._bootstrap_external>", line 991, in exec_module
  File "<frozen importlib._bootstrap_external>", line 1129, in get_code
  File "<frozen importlib._bootstrap_external>", line 1059, in source_to_code
  File "<frozen importlib._bootstrap>", line 488, in _call_with_frames_removed
  File "/opt/airflow/dags/connect.py", line 96
    def generate_report(**context):
SyntaxError: expected 'except' or 'finally' block
[2025-11-09T15:42:33.932+0000] {processor.py:842} WARNING - No viable dags retrieved from /opt/airflow/dags/connect.py
[2025-11-09T15:42:33.964+0000] {processor.py:183} INFO - Processing /opt/airflow/dags/connect.py took 0.068 seconds
[2025-11-09T15:43:04.293+0000] {processor.py:161} INFO - Started process (PID=2337) to work on /opt/airflow/dags/connect.py
[2025-11-09T15:43:04.297+0000] {processor.py:830} INFO - Processing file /opt/airflow/dags/connect.py for tasks to queue
[2025-11-09T15:43:04.299+0000] {logging_mixin.py:188} INFO - [2025-11-09T15:43:04.299+0000] {dagbag.py:545} INFO - Filling up the DagBag from /opt/airflow/dags/connect.py
[2025-11-09T15:43:04.335+0000] {logging_mixin.py:188} INFO - [2025-11-09T15:43:04.332+0000] {dagbag.py:355} ERROR - Failed to import: /opt/airflow/dags/connect.py
Traceback (most recent call last):
  File "/home/airflow/.local/lib/python3.12/site-packages/airflow/models/dagbag.py", line 351, in parse
    loader.exec_module(new_module)
  File "<frozen importlib._bootstrap_external>", line 991, in exec_module
  File "<frozen importlib._bootstrap_external>", line 1129, in get_code
  File "<frozen importlib._bootstrap_external>", line 1059, in source_to_code
  File "<frozen importlib._bootstrap>", line 488, in _call_with_frames_removed
  File "/opt/airflow/dags/connect.py", line 96
    def generate_report(**context):
SyntaxError: expected 'except' or 'finally' block
[2025-11-09T15:43:04.338+0000] {processor.py:842} WARNING - No viable dags retrieved from /opt/airflow/dags/connect.py
[2025-11-09T15:43:04.401+0000] {processor.py:183} INFO - Processing /opt/airflow/dags/connect.py took 0.144 seconds
[2025-11-09T15:43:34.691+0000] {processor.py:161} INFO - Started process (PID=2347) to work on /opt/airflow/dags/connect.py
[2025-11-09T15:43:34.693+0000] {processor.py:830} INFO - Processing file /opt/airflow/dags/connect.py for tasks to queue
[2025-11-09T15:43:34.696+0000] {logging_mixin.py:188} INFO - [2025-11-09T15:43:34.695+0000] {dagbag.py:545} INFO - Filling up the DagBag from /opt/airflow/dags/connect.py
[2025-11-09T15:43:34.712+0000] {logging_mixin.py:188} INFO - [2025-11-09T15:43:34.709+0000] {dagbag.py:355} ERROR - Failed to import: /opt/airflow/dags/connect.py
Traceback (most recent call last):
  File "/home/airflow/.local/lib/python3.12/site-packages/airflow/models/dagbag.py", line 351, in parse
    loader.exec_module(new_module)
  File "<frozen importlib._bootstrap_external>", line 991, in exec_module
  File "<frozen importlib._bootstrap_external>", line 1129, in get_code
  File "<frozen importlib._bootstrap_external>", line 1059, in source_to_code
  File "<frozen importlib._bootstrap>", line 488, in _call_with_frames_removed
  File "/opt/airflow/dags/connect.py", line 96
    def generate_report(**context):
SyntaxError: expected 'except' or 'finally' block
[2025-11-09T15:43:34.714+0000] {processor.py:842} WARNING - No viable dags retrieved from /opt/airflow/dags/connect.py
[2025-11-09T15:43:34.763+0000] {processor.py:183} INFO - Processing /opt/airflow/dags/connect.py took 0.088 seconds
[2025-11-09T15:44:05.037+0000] {processor.py:161} INFO - Started process (PID=2357) to work on /opt/airflow/dags/connect.py
[2025-11-09T15:44:05.038+0000] {processor.py:830} INFO - Processing file /opt/airflow/dags/connect.py for tasks to queue
[2025-11-09T15:44:05.040+0000] {logging_mixin.py:188} INFO - [2025-11-09T15:44:05.040+0000] {dagbag.py:545} INFO - Filling up the DagBag from /opt/airflow/dags/connect.py
[2025-11-09T15:44:05.054+0000] {logging_mixin.py:188} INFO - [2025-11-09T15:44:05.051+0000] {dagbag.py:355} ERROR - Failed to import: /opt/airflow/dags/connect.py
Traceback (most recent call last):
  File "/home/airflow/.local/lib/python3.12/site-packages/airflow/models/dagbag.py", line 351, in parse
    loader.exec_module(new_module)
  File "<frozen importlib._bootstrap_external>", line 991, in exec_module
  File "<frozen importlib._bootstrap_external>", line 1129, in get_code
  File "<frozen importlib._bootstrap_external>", line 1059, in source_to_code
  File "<frozen importlib._bootstrap>", line 488, in _call_with_frames_removed
  File "/opt/airflow/dags/connect.py", line 96
    def generate_report(**context):
SyntaxError: expected 'except' or 'finally' block
[2025-11-09T15:44:05.055+0000] {processor.py:842} WARNING - No viable dags retrieved from /opt/airflow/dags/connect.py
[2025-11-09T15:44:05.084+0000] {processor.py:183} INFO - Processing /opt/airflow/dags/connect.py took 0.056 seconds
[2025-11-09T15:44:35.372+0000] {processor.py:161} INFO - Started process (PID=2367) to work on /opt/airflow/dags/connect.py
[2025-11-09T15:44:35.375+0000] {processor.py:830} INFO - Processing file /opt/airflow/dags/connect.py for tasks to queue
[2025-11-09T15:44:35.380+0000] {logging_mixin.py:188} INFO - [2025-11-09T15:44:35.378+0000] {dagbag.py:545} INFO - Filling up the DagBag from /opt/airflow/dags/connect.py
[2025-11-09T15:44:35.396+0000] {logging_mixin.py:188} INFO - [2025-11-09T15:44:35.394+0000] {dagbag.py:355} ERROR - Failed to import: /opt/airflow/dags/connect.py
Traceback (most recent call last):
  File "/home/airflow/.local/lib/python3.12/site-packages/airflow/models/dagbag.py", line 351, in parse
    loader.exec_module(new_module)
  File "<frozen importlib._bootstrap_external>", line 991, in exec_module
  File "<frozen importlib._bootstrap_external>", line 1129, in get_code
  File "<frozen importlib._bootstrap_external>", line 1059, in source_to_code
  File "<frozen importlib._bootstrap>", line 488, in _call_with_frames_removed
  File "/opt/airflow/dags/connect.py", line 96
    def generate_report(**context):
SyntaxError: expected 'except' or 'finally' block
[2025-11-09T15:44:35.398+0000] {processor.py:842} WARNING - No viable dags retrieved from /opt/airflow/dags/connect.py
[2025-11-09T15:44:35.443+0000] {processor.py:183} INFO - Processing /opt/airflow/dags/connect.py took 0.089 seconds
[2025-11-09T15:45:05.723+0000] {processor.py:161} INFO - Started process (PID=2377) to work on /opt/airflow/dags/connect.py
[2025-11-09T15:45:05.726+0000] {processor.py:830} INFO - Processing file /opt/airflow/dags/connect.py for tasks to queue
[2025-11-09T15:45:05.729+0000] {logging_mixin.py:188} INFO - [2025-11-09T15:45:05.728+0000] {dagbag.py:545} INFO - Filling up the DagBag from /opt/airflow/dags/connect.py
[2025-11-09T15:45:05.756+0000] {logging_mixin.py:188} INFO - [2025-11-09T15:45:05.752+0000] {dagbag.py:355} ERROR - Failed to import: /opt/airflow/dags/connect.py
Traceback (most recent call last):
  File "/home/airflow/.local/lib/python3.12/site-packages/airflow/models/dagbag.py", line 351, in parse
    loader.exec_module(new_module)
  File "<frozen importlib._bootstrap_external>", line 991, in exec_module
  File "<frozen importlib._bootstrap_external>", line 1129, in get_code
  File "<frozen importlib._bootstrap_external>", line 1059, in source_to_code
  File "<frozen importlib._bootstrap>", line 488, in _call_with_frames_removed
  File "/opt/airflow/dags/connect.py", line 96
    def generate_report(**context):
SyntaxError: expected 'except' or 'finally' block
[2025-11-09T15:45:05.758+0000] {processor.py:842} WARNING - No viable dags retrieved from /opt/airflow/dags/connect.py
[2025-11-09T15:45:05.791+0000] {processor.py:183} INFO - Processing /opt/airflow/dags/connect.py took 0.095 seconds
[2025-11-09T15:45:36.025+0000] {processor.py:161} INFO - Started process (PID=2387) to work on /opt/airflow/dags/connect.py
[2025-11-09T15:45:36.027+0000] {processor.py:830} INFO - Processing file /opt/airflow/dags/connect.py for tasks to queue
[2025-11-09T15:45:36.028+0000] {logging_mixin.py:188} INFO - [2025-11-09T15:45:36.028+0000] {dagbag.py:545} INFO - Filling up the DagBag from /opt/airflow/dags/connect.py
[2025-11-09T15:45:36.039+0000] {logging_mixin.py:188} INFO - [2025-11-09T15:45:36.038+0000] {dagbag.py:355} ERROR - Failed to import: /opt/airflow/dags/connect.py
Traceback (most recent call last):
  File "/home/airflow/.local/lib/python3.12/site-packages/airflow/models/dagbag.py", line 351, in parse
    loader.exec_module(new_module)
  File "<frozen importlib._bootstrap_external>", line 991, in exec_module
  File "<frozen importlib._bootstrap_external>", line 1129, in get_code
  File "<frozen importlib._bootstrap_external>", line 1059, in source_to_code
  File "<frozen importlib._bootstrap>", line 488, in _call_with_frames_removed
  File "/opt/airflow/dags/connect.py", line 96
    def generate_report(**context):
SyntaxError: expected 'except' or 'finally' block
[2025-11-09T15:45:36.040+0000] {processor.py:842} WARNING - No viable dags retrieved from /opt/airflow/dags/connect.py
[2025-11-09T15:45:36.069+0000] {processor.py:183} INFO - Processing /opt/airflow/dags/connect.py took 0.050 seconds
[2025-11-09T15:46:06.369+0000] {processor.py:161} INFO - Started process (PID=2397) to work on /opt/airflow/dags/connect.py
[2025-11-09T15:46:06.372+0000] {processor.py:830} INFO - Processing file /opt/airflow/dags/connect.py for tasks to queue
[2025-11-09T15:46:06.375+0000] {logging_mixin.py:188} INFO - [2025-11-09T15:46:06.374+0000] {dagbag.py:545} INFO - Filling up the DagBag from /opt/airflow/dags/connect.py
[2025-11-09T15:46:06.410+0000] {logging_mixin.py:188} INFO - [2025-11-09T15:46:06.405+0000] {dagbag.py:355} ERROR - Failed to import: /opt/airflow/dags/connect.py
Traceback (most recent call last):
  File "/home/airflow/.local/lib/python3.12/site-packages/airflow/models/dagbag.py", line 351, in parse
    loader.exec_module(new_module)
  File "<frozen importlib._bootstrap_external>", line 991, in exec_module
  File "<frozen importlib._bootstrap_external>", line 1129, in get_code
  File "<frozen importlib._bootstrap_external>", line 1059, in source_to_code
  File "<frozen importlib._bootstrap>", line 488, in _call_with_frames_removed
  File "/opt/airflow/dags/connect.py", line 96
    def generate_report(**context):
SyntaxError: expected 'except' or 'finally' block
[2025-11-09T15:46:06.413+0000] {processor.py:842} WARNING - No viable dags retrieved from /opt/airflow/dags/connect.py
[2025-11-09T15:46:06.454+0000] {processor.py:183} INFO - Processing /opt/airflow/dags/connect.py took 0.105 seconds
[2025-11-09T15:46:36.791+0000] {processor.py:161} INFO - Started process (PID=2407) to work on /opt/airflow/dags/connect.py
[2025-11-09T15:46:36.792+0000] {processor.py:830} INFO - Processing file /opt/airflow/dags/connect.py for tasks to queue
[2025-11-09T15:46:36.794+0000] {logging_mixin.py:188} INFO - [2025-11-09T15:46:36.793+0000] {dagbag.py:545} INFO - Filling up the DagBag from /opt/airflow/dags/connect.py
[2025-11-09T15:46:36.805+0000] {logging_mixin.py:188} INFO - [2025-11-09T15:46:36.802+0000] {dagbag.py:355} ERROR - Failed to import: /opt/airflow/dags/connect.py
Traceback (most recent call last):
  File "/home/airflow/.local/lib/python3.12/site-packages/airflow/models/dagbag.py", line 351, in parse
    loader.exec_module(new_module)
  File "<frozen importlib._bootstrap_external>", line 991, in exec_module
  File "<frozen importlib._bootstrap_external>", line 1129, in get_code
  File "<frozen importlib._bootstrap_external>", line 1059, in source_to_code
  File "<frozen importlib._bootstrap>", line 488, in _call_with_frames_removed
  File "/opt/airflow/dags/connect.py", line 96
    def generate_report(**context):
SyntaxError: expected 'except' or 'finally' block
[2025-11-09T15:46:36.807+0000] {processor.py:842} WARNING - No viable dags retrieved from /opt/airflow/dags/connect.py
[2025-11-09T15:46:36.836+0000] {processor.py:183} INFO - Processing /opt/airflow/dags/connect.py took 0.059 seconds
[2025-11-09T15:47:07.074+0000] {processor.py:161} INFO - Started process (PID=2417) to work on /opt/airflow/dags/connect.py
[2025-11-09T15:47:07.075+0000] {processor.py:830} INFO - Processing file /opt/airflow/dags/connect.py for tasks to queue
[2025-11-09T15:47:07.077+0000] {logging_mixin.py:188} INFO - [2025-11-09T15:47:07.076+0000] {dagbag.py:545} INFO - Filling up the DagBag from /opt/airflow/dags/connect.py
[2025-11-09T15:47:07.089+0000] {logging_mixin.py:188} INFO - [2025-11-09T15:47:07.087+0000] {dagbag.py:355} ERROR - Failed to import: /opt/airflow/dags/connect.py
Traceback (most recent call last):
  File "/home/airflow/.local/lib/python3.12/site-packages/airflow/models/dagbag.py", line 351, in parse
    loader.exec_module(new_module)
  File "<frozen importlib._bootstrap_external>", line 991, in exec_module
  File "<frozen importlib._bootstrap_external>", line 1129, in get_code
  File "<frozen importlib._bootstrap_external>", line 1059, in source_to_code
  File "<frozen importlib._bootstrap>", line 488, in _call_with_frames_removed
  File "/opt/airflow/dags/connect.py", line 96
    def generate_report(**context):
SyntaxError: expected 'except' or 'finally' block
[2025-11-09T15:47:07.090+0000] {processor.py:842} WARNING - No viable dags retrieved from /opt/airflow/dags/connect.py
[2025-11-09T15:47:07.115+0000] {processor.py:183} INFO - Processing /opt/airflow/dags/connect.py took 0.051 seconds
[2025-11-09T15:47:37.349+0000] {processor.py:161} INFO - Started process (PID=2427) to work on /opt/airflow/dags/connect.py
[2025-11-09T15:47:37.351+0000] {processor.py:830} INFO - Processing file /opt/airflow/dags/connect.py for tasks to queue
[2025-11-09T15:47:37.355+0000] {logging_mixin.py:188} INFO - [2025-11-09T15:47:37.353+0000] {dagbag.py:545} INFO - Filling up the DagBag from /opt/airflow/dags/connect.py
[2025-11-09T15:47:37.369+0000] {logging_mixin.py:188} INFO - [2025-11-09T15:47:37.366+0000] {dagbag.py:355} ERROR - Failed to import: /opt/airflow/dags/connect.py
Traceback (most recent call last):
  File "/home/airflow/.local/lib/python3.12/site-packages/airflow/models/dagbag.py", line 351, in parse
    loader.exec_module(new_module)
  File "<frozen importlib._bootstrap_external>", line 991, in exec_module
  File "<frozen importlib._bootstrap_external>", line 1129, in get_code
  File "<frozen importlib._bootstrap_external>", line 1059, in source_to_code
  File "<frozen importlib._bootstrap>", line 488, in _call_with_frames_removed
  File "/opt/airflow/dags/connect.py", line 96
    def generate_report(**context):
SyntaxError: expected 'except' or 'finally' block
[2025-11-09T15:47:37.371+0000] {processor.py:842} WARNING - No viable dags retrieved from /opt/airflow/dags/connect.py
[2025-11-09T15:47:37.419+0000] {processor.py:183} INFO - Processing /opt/airflow/dags/connect.py took 0.089 seconds
[2025-11-09T15:48:07.749+0000] {processor.py:161} INFO - Started process (PID=2437) to work on /opt/airflow/dags/connect.py
[2025-11-09T15:48:07.752+0000] {processor.py:830} INFO - Processing file /opt/airflow/dags/connect.py for tasks to queue
[2025-11-09T15:48:07.755+0000] {logging_mixin.py:188} INFO - [2025-11-09T15:48:07.755+0000] {dagbag.py:545} INFO - Filling up the DagBag from /opt/airflow/dags/connect.py
[2025-11-09T15:48:07.779+0000] {logging_mixin.py:188} INFO - [2025-11-09T15:48:07.777+0000] {dagbag.py:355} ERROR - Failed to import: /opt/airflow/dags/connect.py
Traceback (most recent call last):
  File "/home/airflow/.local/lib/python3.12/site-packages/airflow/models/dagbag.py", line 351, in parse
    loader.exec_module(new_module)
  File "<frozen importlib._bootstrap_external>", line 991, in exec_module
  File "<frozen importlib._bootstrap_external>", line 1129, in get_code
  File "<frozen importlib._bootstrap_external>", line 1059, in source_to_code
  File "<frozen importlib._bootstrap>", line 488, in _call_with_frames_removed
  File "/opt/airflow/dags/connect.py", line 96
    def generate_report(**context):
SyntaxError: expected 'except' or 'finally' block
[2025-11-09T15:48:07.786+0000] {processor.py:842} WARNING - No viable dags retrieved from /opt/airflow/dags/connect.py
[2025-11-09T15:48:07.851+0000] {processor.py:183} INFO - Processing /opt/airflow/dags/connect.py took 0.113 seconds
[2025-11-09T15:48:38.085+0000] {processor.py:161} INFO - Started process (PID=2447) to work on /opt/airflow/dags/connect.py
[2025-11-09T15:48:38.087+0000] {processor.py:830} INFO - Processing file /opt/airflow/dags/connect.py for tasks to queue
[2025-11-09T15:48:38.089+0000] {logging_mixin.py:188} INFO - [2025-11-09T15:48:38.088+0000] {dagbag.py:545} INFO - Filling up the DagBag from /opt/airflow/dags/connect.py
[2025-11-09T15:48:38.098+0000] {logging_mixin.py:188} INFO - [2025-11-09T15:48:38.097+0000] {dagbag.py:355} ERROR - Failed to import: /opt/airflow/dags/connect.py
Traceback (most recent call last):
  File "/home/airflow/.local/lib/python3.12/site-packages/airflow/models/dagbag.py", line 351, in parse
    loader.exec_module(new_module)
  File "<frozen importlib._bootstrap_external>", line 991, in exec_module
  File "<frozen importlib._bootstrap_external>", line 1129, in get_code
  File "<frozen importlib._bootstrap_external>", line 1059, in source_to_code
  File "<frozen importlib._bootstrap>", line 488, in _call_with_frames_removed
  File "/opt/airflow/dags/connect.py", line 96
    def generate_report(**context):
SyntaxError: expected 'except' or 'finally' block
[2025-11-09T15:48:38.099+0000] {processor.py:842} WARNING - No viable dags retrieved from /opt/airflow/dags/connect.py
[2025-11-09T15:48:38.127+0000] {processor.py:183} INFO - Processing /opt/airflow/dags/connect.py took 0.049 seconds
[2025-11-09T15:49:08.408+0000] {processor.py:161} INFO - Started process (PID=2457) to work on /opt/airflow/dags/connect.py
[2025-11-09T15:49:08.410+0000] {processor.py:830} INFO - Processing file /opt/airflow/dags/connect.py for tasks to queue
[2025-11-09T15:49:08.414+0000] {logging_mixin.py:188} INFO - [2025-11-09T15:49:08.412+0000] {dagbag.py:545} INFO - Filling up the DagBag from /opt/airflow/dags/connect.py
[2025-11-09T15:49:08.432+0000] {logging_mixin.py:188} INFO - [2025-11-09T15:49:08.429+0000] {dagbag.py:355} ERROR - Failed to import: /opt/airflow/dags/connect.py
Traceback (most recent call last):
  File "/home/airflow/.local/lib/python3.12/site-packages/airflow/models/dagbag.py", line 351, in parse
    loader.exec_module(new_module)
  File "<frozen importlib._bootstrap_external>", line 991, in exec_module
  File "<frozen importlib._bootstrap_external>", line 1129, in get_code
  File "<frozen importlib._bootstrap_external>", line 1059, in source_to_code
  File "<frozen importlib._bootstrap>", line 488, in _call_with_frames_removed
  File "/opt/airflow/dags/connect.py", line 96
    def generate_report(**context):
SyntaxError: expected 'except' or 'finally' block
[2025-11-09T15:49:08.436+0000] {processor.py:842} WARNING - No viable dags retrieved from /opt/airflow/dags/connect.py
[2025-11-09T15:49:08.494+0000] {processor.py:183} INFO - Processing /opt/airflow/dags/connect.py took 0.103 seconds
[2025-11-09T15:49:38.786+0000] {processor.py:161} INFO - Started process (PID=2467) to work on /opt/airflow/dags/connect.py
[2025-11-09T15:49:38.788+0000] {processor.py:830} INFO - Processing file /opt/airflow/dags/connect.py for tasks to queue
[2025-11-09T15:49:38.791+0000] {logging_mixin.py:188} INFO - [2025-11-09T15:49:38.790+0000] {dagbag.py:545} INFO - Filling up the DagBag from /opt/airflow/dags/connect.py
[2025-11-09T15:49:38.803+0000] {logging_mixin.py:188} INFO - [2025-11-09T15:49:38.800+0000] {dagbag.py:355} ERROR - Failed to import: /opt/airflow/dags/connect.py
Traceback (most recent call last):
  File "/home/airflow/.local/lib/python3.12/site-packages/airflow/models/dagbag.py", line 351, in parse
    loader.exec_module(new_module)
  File "<frozen importlib._bootstrap_external>", line 991, in exec_module
  File "<frozen importlib._bootstrap_external>", line 1129, in get_code
  File "<frozen importlib._bootstrap_external>", line 1059, in source_to_code
  File "<frozen importlib._bootstrap>", line 488, in _call_with_frames_removed
  File "/opt/airflow/dags/connect.py", line 96
    def generate_report(**context):
SyntaxError: expected 'except' or 'finally' block
[2025-11-09T15:49:38.804+0000] {processor.py:842} WARNING - No viable dags retrieved from /opt/airflow/dags/connect.py
[2025-11-09T15:49:38.845+0000] {processor.py:183} INFO - Processing /opt/airflow/dags/connect.py took 0.075 seconds
[2025-11-09T15:50:09.094+0000] {processor.py:161} INFO - Started process (PID=2477) to work on /opt/airflow/dags/connect.py
[2025-11-09T15:50:09.095+0000] {processor.py:830} INFO - Processing file /opt/airflow/dags/connect.py for tasks to queue
[2025-11-09T15:50:09.097+0000] {logging_mixin.py:188} INFO - [2025-11-09T15:50:09.096+0000] {dagbag.py:545} INFO - Filling up the DagBag from /opt/airflow/dags/connect.py
[2025-11-09T15:50:09.105+0000] {logging_mixin.py:188} INFO - [2025-11-09T15:50:09.104+0000] {dagbag.py:355} ERROR - Failed to import: /opt/airflow/dags/connect.py
Traceback (most recent call last):
  File "/home/airflow/.local/lib/python3.12/site-packages/airflow/models/dagbag.py", line 351, in parse
    loader.exec_module(new_module)
  File "<frozen importlib._bootstrap_external>", line 991, in exec_module
  File "<frozen importlib._bootstrap_external>", line 1129, in get_code
  File "<frozen importlib._bootstrap_external>", line 1059, in source_to_code
  File "<frozen importlib._bootstrap>", line 488, in _call_with_frames_removed
  File "/opt/airflow/dags/connect.py", line 96
    def generate_report(**context):
SyntaxError: expected 'except' or 'finally' block
[2025-11-09T15:50:09.106+0000] {processor.py:842} WARNING - No viable dags retrieved from /opt/airflow/dags/connect.py
[2025-11-09T15:50:09.138+0000] {processor.py:183} INFO - Processing /opt/airflow/dags/connect.py took 0.051 seconds
[2025-11-09T15:50:39.393+0000] {processor.py:161} INFO - Started process (PID=2487) to work on /opt/airflow/dags/connect.py
[2025-11-09T15:50:39.395+0000] {processor.py:830} INFO - Processing file /opt/airflow/dags/connect.py for tasks to queue
[2025-11-09T15:50:39.399+0000] {logging_mixin.py:188} INFO - [2025-11-09T15:50:39.398+0000] {dagbag.py:545} INFO - Filling up the DagBag from /opt/airflow/dags/connect.py
[2025-11-09T15:50:39.414+0000] {logging_mixin.py:188} INFO - [2025-11-09T15:50:39.412+0000] {dagbag.py:355} ERROR - Failed to import: /opt/airflow/dags/connect.py
Traceback (most recent call last):
  File "/home/airflow/.local/lib/python3.12/site-packages/airflow/models/dagbag.py", line 351, in parse
    loader.exec_module(new_module)
  File "<frozen importlib._bootstrap_external>", line 991, in exec_module
  File "<frozen importlib._bootstrap_external>", line 1129, in get_code
  File "<frozen importlib._bootstrap_external>", line 1059, in source_to_code
  File "<frozen importlib._bootstrap>", line 488, in _call_with_frames_removed
  File "/opt/airflow/dags/connect.py", line 96
    def generate_report(**context):
SyntaxError: expected 'except' or 'finally' block
[2025-11-09T15:50:39.416+0000] {processor.py:842} WARNING - No viable dags retrieved from /opt/airflow/dags/connect.py
[2025-11-09T15:50:39.464+0000] {processor.py:183} INFO - Processing /opt/airflow/dags/connect.py took 0.086 seconds
[2025-11-09T15:51:09.698+0000] {processor.py:161} INFO - Started process (PID=2497) to work on /opt/airflow/dags/connect.py
[2025-11-09T15:51:09.700+0000] {processor.py:830} INFO - Processing file /opt/airflow/dags/connect.py for tasks to queue
[2025-11-09T15:51:09.704+0000] {logging_mixin.py:188} INFO - [2025-11-09T15:51:09.703+0000] {dagbag.py:545} INFO - Filling up the DagBag from /opt/airflow/dags/connect.py
[2025-11-09T15:51:09.717+0000] {logging_mixin.py:188} INFO - [2025-11-09T15:51:09.714+0000] {dagbag.py:355} ERROR - Failed to import: /opt/airflow/dags/connect.py
Traceback (most recent call last):
  File "/home/airflow/.local/lib/python3.12/site-packages/airflow/models/dagbag.py", line 351, in parse
    loader.exec_module(new_module)
  File "<frozen importlib._bootstrap_external>", line 991, in exec_module
  File "<frozen importlib._bootstrap_external>", line 1129, in get_code
  File "<frozen importlib._bootstrap_external>", line 1059, in source_to_code
  File "<frozen importlib._bootstrap>", line 488, in _call_with_frames_removed
  File "/opt/airflow/dags/connect.py", line 96
    def generate_report(**context):
SyntaxError: expected 'except' or 'finally' block
[2025-11-09T15:51:09.719+0000] {processor.py:842} WARNING - No viable dags retrieved from /opt/airflow/dags/connect.py
[2025-11-09T15:51:09.763+0000] {processor.py:183} INFO - Processing /opt/airflow/dags/connect.py took 0.080 seconds
[2025-11-09T15:51:39.975+0000] {processor.py:161} INFO - Started process (PID=2507) to work on /opt/airflow/dags/connect.py
[2025-11-09T15:51:39.976+0000] {processor.py:830} INFO - Processing file /opt/airflow/dags/connect.py for tasks to queue
[2025-11-09T15:51:39.978+0000] {logging_mixin.py:188} INFO - [2025-11-09T15:51:39.977+0000] {dagbag.py:545} INFO - Filling up the DagBag from /opt/airflow/dags/connect.py
[2025-11-09T15:51:39.990+0000] {logging_mixin.py:188} INFO - [2025-11-09T15:51:39.988+0000] {dagbag.py:355} ERROR - Failed to import: /opt/airflow/dags/connect.py
Traceback (most recent call last):
  File "/home/airflow/.local/lib/python3.12/site-packages/airflow/models/dagbag.py", line 351, in parse
    loader.exec_module(new_module)
  File "<frozen importlib._bootstrap_external>", line 991, in exec_module
  File "<frozen importlib._bootstrap_external>", line 1129, in get_code
  File "<frozen importlib._bootstrap_external>", line 1059, in source_to_code
  File "<frozen importlib._bootstrap>", line 488, in _call_with_frames_removed
  File "/opt/airflow/dags/connect.py", line 96
    def generate_report(**context):
SyntaxError: expected 'except' or 'finally' block
[2025-11-09T15:51:39.991+0000] {processor.py:842} WARNING - No viable dags retrieved from /opt/airflow/dags/connect.py
[2025-11-09T15:51:40.020+0000] {processor.py:183} INFO - Processing /opt/airflow/dags/connect.py took 0.052 seconds
[2025-11-09T15:52:10.254+0000] {processor.py:161} INFO - Started process (PID=2517) to work on /opt/airflow/dags/connect.py
[2025-11-09T15:52:10.256+0000] {processor.py:830} INFO - Processing file /opt/airflow/dags/connect.py for tasks to queue
[2025-11-09T15:52:10.259+0000] {logging_mixin.py:188} INFO - [2025-11-09T15:52:10.258+0000] {dagbag.py:545} INFO - Filling up the DagBag from /opt/airflow/dags/connect.py
[2025-11-09T15:52:10.276+0000] {logging_mixin.py:188} INFO - [2025-11-09T15:52:10.273+0000] {dagbag.py:355} ERROR - Failed to import: /opt/airflow/dags/connect.py
Traceback (most recent call last):
  File "/home/airflow/.local/lib/python3.12/site-packages/airflow/models/dagbag.py", line 351, in parse
    loader.exec_module(new_module)
  File "<frozen importlib._bootstrap_external>", line 991, in exec_module
  File "<frozen importlib._bootstrap_external>", line 1129, in get_code
  File "<frozen importlib._bootstrap_external>", line 1059, in source_to_code
  File "<frozen importlib._bootstrap>", line 488, in _call_with_frames_removed
  File "/opt/airflow/dags/connect.py", line 96
    def generate_report(**context):
SyntaxError: expected 'except' or 'finally' block
[2025-11-09T15:52:10.278+0000] {processor.py:842} WARNING - No viable dags retrieved from /opt/airflow/dags/connect.py
[2025-11-09T15:52:10.326+0000] {processor.py:183} INFO - Processing /opt/airflow/dags/connect.py took 0.089 seconds
[2025-11-09T15:52:40.563+0000] {processor.py:161} INFO - Started process (PID=2527) to work on /opt/airflow/dags/connect.py
[2025-11-09T15:52:40.565+0000] {processor.py:830} INFO - Processing file /opt/airflow/dags/connect.py for tasks to queue
[2025-11-09T15:52:40.568+0000] {logging_mixin.py:188} INFO - [2025-11-09T15:52:40.567+0000] {dagbag.py:545} INFO - Filling up the DagBag from /opt/airflow/dags/connect.py
[2025-11-09T15:52:40.588+0000] {logging_mixin.py:188} INFO - [2025-11-09T15:52:40.584+0000] {dagbag.py:355} ERROR - Failed to import: /opt/airflow/dags/connect.py
Traceback (most recent call last):
  File "/home/airflow/.local/lib/python3.12/site-packages/airflow/models/dagbag.py", line 351, in parse
    loader.exec_module(new_module)
  File "<frozen importlib._bootstrap_external>", line 991, in exec_module
  File "<frozen importlib._bootstrap_external>", line 1129, in get_code
  File "<frozen importlib._bootstrap_external>", line 1059, in source_to_code
  File "<frozen importlib._bootstrap>", line 488, in _call_with_frames_removed
  File "/opt/airflow/dags/connect.py", line 96
    def generate_report(**context):
SyntaxError: expected 'except' or 'finally' block
[2025-11-09T15:52:40.590+0000] {processor.py:842} WARNING - No viable dags retrieved from /opt/airflow/dags/connect.py
[2025-11-09T15:52:40.640+0000] {processor.py:183} INFO - Processing /opt/airflow/dags/connect.py took 0.096 seconds
[2025-11-09T15:53:10.846+0000] {processor.py:161} INFO - Started process (PID=2537) to work on /opt/airflow/dags/connect.py
[2025-11-09T15:53:10.847+0000] {processor.py:830} INFO - Processing file /opt/airflow/dags/connect.py for tasks to queue
[2025-11-09T15:53:10.849+0000] {logging_mixin.py:188} INFO - [2025-11-09T15:53:10.848+0000] {dagbag.py:545} INFO - Filling up the DagBag from /opt/airflow/dags/connect.py
[2025-11-09T15:53:10.857+0000] {logging_mixin.py:188} INFO - [2025-11-09T15:53:10.856+0000] {dagbag.py:355} ERROR - Failed to import: /opt/airflow/dags/connect.py
Traceback (most recent call last):
  File "/home/airflow/.local/lib/python3.12/site-packages/airflow/models/dagbag.py", line 351, in parse
    loader.exec_module(new_module)
  File "<frozen importlib._bootstrap_external>", line 991, in exec_module
  File "<frozen importlib._bootstrap_external>", line 1129, in get_code
  File "<frozen importlib._bootstrap_external>", line 1059, in source_to_code
  File "<frozen importlib._bootstrap>", line 488, in _call_with_frames_removed
  File "/opt/airflow/dags/connect.py", line 96
    def generate_report(**context):
SyntaxError: expected 'except' or 'finally' block
[2025-11-09T15:53:10.858+0000] {processor.py:842} WARNING - No viable dags retrieved from /opt/airflow/dags/connect.py
[2025-11-09T15:53:10.882+0000] {processor.py:183} INFO - Processing /opt/airflow/dags/connect.py took 0.042 seconds
[2025-11-09T15:53:41.093+0000] {processor.py:161} INFO - Started process (PID=2547) to work on /opt/airflow/dags/connect.py
[2025-11-09T15:53:41.094+0000] {processor.py:830} INFO - Processing file /opt/airflow/dags/connect.py for tasks to queue
[2025-11-09T15:53:41.097+0000] {logging_mixin.py:188} INFO - [2025-11-09T15:53:41.096+0000] {dagbag.py:545} INFO - Filling up the DagBag from /opt/airflow/dags/connect.py
[2025-11-09T15:53:41.106+0000] {logging_mixin.py:188} INFO - [2025-11-09T15:53:41.104+0000] {dagbag.py:355} ERROR - Failed to import: /opt/airflow/dags/connect.py
Traceback (most recent call last):
  File "/home/airflow/.local/lib/python3.12/site-packages/airflow/models/dagbag.py", line 351, in parse
    loader.exec_module(new_module)
  File "<frozen importlib._bootstrap_external>", line 991, in exec_module
  File "<frozen importlib._bootstrap_external>", line 1129, in get_code
  File "<frozen importlib._bootstrap_external>", line 1059, in source_to_code
  File "<frozen importlib._bootstrap>", line 488, in _call_with_frames_removed
  File "/opt/airflow/dags/connect.py", line 96
    def generate_report(**context):
SyntaxError: expected 'except' or 'finally' block
[2025-11-09T15:53:41.107+0000] {processor.py:842} WARNING - No viable dags retrieved from /opt/airflow/dags/connect.py
[2025-11-09T15:53:41.139+0000] {processor.py:183} INFO - Processing /opt/airflow/dags/connect.py took 0.061 seconds
[2025-11-09T15:54:11.362+0000] {processor.py:161} INFO - Started process (PID=2557) to work on /opt/airflow/dags/connect.py
[2025-11-09T15:54:11.363+0000] {processor.py:830} INFO - Processing file /opt/airflow/dags/connect.py for tasks to queue
[2025-11-09T15:54:11.365+0000] {logging_mixin.py:188} INFO - [2025-11-09T15:54:11.364+0000] {dagbag.py:545} INFO - Filling up the DagBag from /opt/airflow/dags/connect.py
[2025-11-09T15:54:11.373+0000] {logging_mixin.py:188} INFO - [2025-11-09T15:54:11.371+0000] {dagbag.py:355} ERROR - Failed to import: /opt/airflow/dags/connect.py
Traceback (most recent call last):
  File "/home/airflow/.local/lib/python3.12/site-packages/airflow/models/dagbag.py", line 351, in parse
    loader.exec_module(new_module)
  File "<frozen importlib._bootstrap_external>", line 991, in exec_module
  File "<frozen importlib._bootstrap_external>", line 1129, in get_code
  File "<frozen importlib._bootstrap_external>", line 1059, in source_to_code
  File "<frozen importlib._bootstrap>", line 488, in _call_with_frames_removed
  File "/opt/airflow/dags/connect.py", line 96
    def generate_report(**context):
SyntaxError: expected 'except' or 'finally' block
[2025-11-09T15:54:11.374+0000] {processor.py:842} WARNING - No viable dags retrieved from /opt/airflow/dags/connect.py
[2025-11-09T15:54:11.400+0000] {processor.py:183} INFO - Processing /opt/airflow/dags/connect.py took 0.045 seconds
[2025-11-09T15:54:41.615+0000] {processor.py:161} INFO - Started process (PID=2567) to work on /opt/airflow/dags/connect.py
[2025-11-09T15:54:41.617+0000] {processor.py:830} INFO - Processing file /opt/airflow/dags/connect.py for tasks to queue
[2025-11-09T15:54:41.620+0000] {logging_mixin.py:188} INFO - [2025-11-09T15:54:41.619+0000] {dagbag.py:545} INFO - Filling up the DagBag from /opt/airflow/dags/connect.py
[2025-11-09T15:54:41.637+0000] {logging_mixin.py:188} INFO - [2025-11-09T15:54:41.634+0000] {dagbag.py:355} ERROR - Failed to import: /opt/airflow/dags/connect.py
Traceback (most recent call last):
  File "/home/airflow/.local/lib/python3.12/site-packages/airflow/models/dagbag.py", line 351, in parse
    loader.exec_module(new_module)
  File "<frozen importlib._bootstrap_external>", line 991, in exec_module
  File "<frozen importlib._bootstrap_external>", line 1129, in get_code
  File "<frozen importlib._bootstrap_external>", line 1059, in source_to_code
  File "<frozen importlib._bootstrap>", line 488, in _call_with_frames_removed
  File "/opt/airflow/dags/connect.py", line 96
    def generate_report(**context):
SyntaxError: expected 'except' or 'finally' block
[2025-11-09T15:54:41.639+0000] {processor.py:842} WARNING - No viable dags retrieved from /opt/airflow/dags/connect.py
[2025-11-09T15:54:41.685+0000] {processor.py:183} INFO - Processing /opt/airflow/dags/connect.py took 0.090 seconds
[2025-11-09T15:55:11.912+0000] {processor.py:161} INFO - Started process (PID=2577) to work on /opt/airflow/dags/connect.py
[2025-11-09T15:55:11.913+0000] {processor.py:830} INFO - Processing file /opt/airflow/dags/connect.py for tasks to queue
[2025-11-09T15:55:11.916+0000] {logging_mixin.py:188} INFO - [2025-11-09T15:55:11.916+0000] {dagbag.py:545} INFO - Filling up the DagBag from /opt/airflow/dags/connect.py
[2025-11-09T15:55:11.931+0000] {logging_mixin.py:188} INFO - [2025-11-09T15:55:11.930+0000] {dagbag.py:355} ERROR - Failed to import: /opt/airflow/dags/connect.py
Traceback (most recent call last):
  File "/home/airflow/.local/lib/python3.12/site-packages/airflow/models/dagbag.py", line 351, in parse
    loader.exec_module(new_module)
  File "<frozen importlib._bootstrap_external>", line 991, in exec_module
  File "<frozen importlib._bootstrap_external>", line 1129, in get_code
  File "<frozen importlib._bootstrap_external>", line 1059, in source_to_code
  File "<frozen importlib._bootstrap>", line 488, in _call_with_frames_removed
  File "/opt/airflow/dags/connect.py", line 96
    def generate_report(**context):
SyntaxError: expected 'except' or 'finally' block
[2025-11-09T15:55:11.932+0000] {processor.py:842} WARNING - No viable dags retrieved from /opt/airflow/dags/connect.py
[2025-11-09T15:55:11.962+0000] {processor.py:183} INFO - Processing /opt/airflow/dags/connect.py took 0.058 seconds
[2025-11-09T15:55:42.192+0000] {processor.py:161} INFO - Started process (PID=2587) to work on /opt/airflow/dags/connect.py
[2025-11-09T15:55:42.194+0000] {processor.py:830} INFO - Processing file /opt/airflow/dags/connect.py for tasks to queue
[2025-11-09T15:55:42.198+0000] {logging_mixin.py:188} INFO - [2025-11-09T15:55:42.196+0000] {dagbag.py:545} INFO - Filling up the DagBag from /opt/airflow/dags/connect.py
[2025-11-09T15:55:42.225+0000] {logging_mixin.py:188} INFO - [2025-11-09T15:55:42.222+0000] {dagbag.py:355} ERROR - Failed to import: /opt/airflow/dags/connect.py
Traceback (most recent call last):
  File "/home/airflow/.local/lib/python3.12/site-packages/airflow/models/dagbag.py", line 351, in parse
    loader.exec_module(new_module)
  File "<frozen importlib._bootstrap_external>", line 991, in exec_module
  File "<frozen importlib._bootstrap_external>", line 1129, in get_code
  File "<frozen importlib._bootstrap_external>", line 1059, in source_to_code
  File "<frozen importlib._bootstrap>", line 488, in _call_with_frames_removed
  File "/opt/airflow/dags/connect.py", line 96
    def generate_report(**context):
SyntaxError: expected 'except' or 'finally' block
[2025-11-09T15:55:42.226+0000] {processor.py:842} WARNING - No viable dags retrieved from /opt/airflow/dags/connect.py
[2025-11-09T15:55:42.273+0000] {processor.py:183} INFO - Processing /opt/airflow/dags/connect.py took 0.098 seconds
[2025-11-09T15:56:12.534+0000] {processor.py:161} INFO - Started process (PID=2597) to work on /opt/airflow/dags/connect.py
[2025-11-09T15:56:12.536+0000] {processor.py:830} INFO - Processing file /opt/airflow/dags/connect.py for tasks to queue
[2025-11-09T15:56:12.539+0000] {logging_mixin.py:188} INFO - [2025-11-09T15:56:12.538+0000] {dagbag.py:545} INFO - Filling up the DagBag from /opt/airflow/dags/connect.py
[2025-11-09T15:56:12.553+0000] {logging_mixin.py:188} INFO - [2025-11-09T15:56:12.550+0000] {dagbag.py:355} ERROR - Failed to import: /opt/airflow/dags/connect.py
Traceback (most recent call last):
  File "/home/airflow/.local/lib/python3.12/site-packages/airflow/models/dagbag.py", line 351, in parse
    loader.exec_module(new_module)
  File "<frozen importlib._bootstrap_external>", line 991, in exec_module
  File "<frozen importlib._bootstrap_external>", line 1129, in get_code
  File "<frozen importlib._bootstrap_external>", line 1059, in source_to_code
  File "<frozen importlib._bootstrap>", line 488, in _call_with_frames_removed
  File "/opt/airflow/dags/connect.py", line 96
    def generate_report(**context):
SyntaxError: expected 'except' or 'finally' block
[2025-11-09T15:56:12.555+0000] {processor.py:842} WARNING - No viable dags retrieved from /opt/airflow/dags/connect.py
[2025-11-09T15:56:12.594+0000] {processor.py:183} INFO - Processing /opt/airflow/dags/connect.py took 0.077 seconds
[2025-11-09T15:56:42.812+0000] {processor.py:161} INFO - Started process (PID=2607) to work on /opt/airflow/dags/connect.py
[2025-11-09T15:56:42.813+0000] {processor.py:830} INFO - Processing file /opt/airflow/dags/connect.py for tasks to queue
[2025-11-09T15:56:42.815+0000] {logging_mixin.py:188} INFO - [2025-11-09T15:56:42.814+0000] {dagbag.py:545} INFO - Filling up the DagBag from /opt/airflow/dags/connect.py
[2025-11-09T15:56:42.822+0000] {logging_mixin.py:188} INFO - [2025-11-09T15:56:42.820+0000] {dagbag.py:355} ERROR - Failed to import: /opt/airflow/dags/connect.py
Traceback (most recent call last):
  File "/home/airflow/.local/lib/python3.12/site-packages/airflow/models/dagbag.py", line 351, in parse
    loader.exec_module(new_module)
  File "<frozen importlib._bootstrap_external>", line 991, in exec_module
  File "<frozen importlib._bootstrap_external>", line 1129, in get_code
  File "<frozen importlib._bootstrap_external>", line 1059, in source_to_code
  File "<frozen importlib._bootstrap>", line 488, in _call_with_frames_removed
  File "/opt/airflow/dags/connect.py", line 96
    def generate_report(**context):
SyntaxError: expected 'except' or 'finally' block
[2025-11-09T15:56:42.823+0000] {processor.py:842} WARNING - No viable dags retrieved from /opt/airflow/dags/connect.py
[2025-11-09T15:56:42.849+0000] {processor.py:183} INFO - Processing /opt/airflow/dags/connect.py took 0.045 seconds
[2025-11-09T15:57:13.068+0000] {processor.py:161} INFO - Started process (PID=2617) to work on /opt/airflow/dags/connect.py
[2025-11-09T15:57:13.071+0000] {processor.py:830} INFO - Processing file /opt/airflow/dags/connect.py for tasks to queue
[2025-11-09T15:57:13.078+0000] {logging_mixin.py:188} INFO - [2025-11-09T15:57:13.077+0000] {dagbag.py:545} INFO - Filling up the DagBag from /opt/airflow/dags/connect.py
[2025-11-09T15:57:13.092+0000] {logging_mixin.py:188} INFO - [2025-11-09T15:57:13.089+0000] {dagbag.py:355} ERROR - Failed to import: /opt/airflow/dags/connect.py
Traceback (most recent call last):
  File "/home/airflow/.local/lib/python3.12/site-packages/airflow/models/dagbag.py", line 351, in parse
    loader.exec_module(new_module)
  File "<frozen importlib._bootstrap_external>", line 991, in exec_module
  File "<frozen importlib._bootstrap_external>", line 1129, in get_code
  File "<frozen importlib._bootstrap_external>", line 1059, in source_to_code
  File "<frozen importlib._bootstrap>", line 488, in _call_with_frames_removed
  File "/opt/airflow/dags/connect.py", line 96
    def generate_report(**context):
SyntaxError: expected 'except' or 'finally' block
[2025-11-09T15:57:13.094+0000] {processor.py:842} WARNING - No viable dags retrieved from /opt/airflow/dags/connect.py
[2025-11-09T15:57:13.139+0000] {processor.py:183} INFO - Processing /opt/airflow/dags/connect.py took 0.089 seconds
[2025-11-09T15:57:43.366+0000] {processor.py:161} INFO - Started process (PID=2627) to work on /opt/airflow/dags/connect.py
[2025-11-09T15:57:43.368+0000] {processor.py:830} INFO - Processing file /opt/airflow/dags/connect.py for tasks to queue
[2025-11-09T15:57:43.371+0000] {logging_mixin.py:188} INFO - [2025-11-09T15:57:43.370+0000] {dagbag.py:545} INFO - Filling up the DagBag from /opt/airflow/dags/connect.py
[2025-11-09T15:57:43.384+0000] {logging_mixin.py:188} INFO - [2025-11-09T15:57:43.381+0000] {dagbag.py:355} ERROR - Failed to import: /opt/airflow/dags/connect.py
Traceback (most recent call last):
  File "/home/airflow/.local/lib/python3.12/site-packages/airflow/models/dagbag.py", line 351, in parse
    loader.exec_module(new_module)
  File "<frozen importlib._bootstrap_external>", line 991, in exec_module
  File "<frozen importlib._bootstrap_external>", line 1129, in get_code
  File "<frozen importlib._bootstrap_external>", line 1059, in source_to_code
  File "<frozen importlib._bootstrap>", line 488, in _call_with_frames_removed
  File "/opt/airflow/dags/connect.py", line 96
    def generate_report(**context):
SyntaxError: expected 'except' or 'finally' block
[2025-11-09T15:57:43.386+0000] {processor.py:842} WARNING - No viable dags retrieved from /opt/airflow/dags/connect.py
[2025-11-09T15:57:43.429+0000] {processor.py:183} INFO - Processing /opt/airflow/dags/connect.py took 0.081 seconds
[2025-11-09T15:58:13.637+0000] {processor.py:161} INFO - Started process (PID=2637) to work on /opt/airflow/dags/connect.py
[2025-11-09T15:58:13.638+0000] {processor.py:830} INFO - Processing file /opt/airflow/dags/connect.py for tasks to queue
[2025-11-09T15:58:13.640+0000] {logging_mixin.py:188} INFO - [2025-11-09T15:58:13.639+0000] {dagbag.py:545} INFO - Filling up the DagBag from /opt/airflow/dags/connect.py
[2025-11-09T15:58:13.648+0000] {logging_mixin.py:188} INFO - [2025-11-09T15:58:13.646+0000] {dagbag.py:355} ERROR - Failed to import: /opt/airflow/dags/connect.py
Traceback (most recent call last):
  File "/home/airflow/.local/lib/python3.12/site-packages/airflow/models/dagbag.py", line 351, in parse
    loader.exec_module(new_module)
  File "<frozen importlib._bootstrap_external>", line 991, in exec_module
  File "<frozen importlib._bootstrap_external>", line 1129, in get_code
  File "<frozen importlib._bootstrap_external>", line 1059, in source_to_code
  File "<frozen importlib._bootstrap>", line 488, in _call_with_frames_removed
  File "/opt/airflow/dags/connect.py", line 96
    def generate_report(**context):
SyntaxError: expected 'except' or 'finally' block
[2025-11-09T15:58:13.649+0000] {processor.py:842} WARNING - No viable dags retrieved from /opt/airflow/dags/connect.py
[2025-11-09T15:58:13.673+0000] {processor.py:183} INFO - Processing /opt/airflow/dags/connect.py took 0.045 seconds
[2025-11-09T15:58:43.918+0000] {processor.py:161} INFO - Started process (PID=2647) to work on /opt/airflow/dags/connect.py
[2025-11-09T15:58:43.920+0000] {processor.py:830} INFO - Processing file /opt/airflow/dags/connect.py for tasks to queue
[2025-11-09T15:58:43.923+0000] {logging_mixin.py:188} INFO - [2025-11-09T15:58:43.922+0000] {dagbag.py:545} INFO - Filling up the DagBag from /opt/airflow/dags/connect.py
[2025-11-09T15:58:43.938+0000] {logging_mixin.py:188} INFO - [2025-11-09T15:58:43.935+0000] {dagbag.py:355} ERROR - Failed to import: /opt/airflow/dags/connect.py
Traceback (most recent call last):
  File "/home/airflow/.local/lib/python3.12/site-packages/airflow/models/dagbag.py", line 351, in parse
    loader.exec_module(new_module)
  File "<frozen importlib._bootstrap_external>", line 991, in exec_module
  File "<frozen importlib._bootstrap_external>", line 1129, in get_code
  File "<frozen importlib._bootstrap_external>", line 1059, in source_to_code
  File "<frozen importlib._bootstrap>", line 488, in _call_with_frames_removed
  File "/opt/airflow/dags/connect.py", line 96
    def generate_report(**context):
SyntaxError: expected 'except' or 'finally' block
[2025-11-09T15:58:43.939+0000] {processor.py:842} WARNING - No viable dags retrieved from /opt/airflow/dags/connect.py
[2025-11-09T15:58:43.982+0000] {processor.py:183} INFO - Processing /opt/airflow/dags/connect.py took 0.080 seconds
[2025-11-09T15:59:14.207+0000] {processor.py:161} INFO - Started process (PID=2657) to work on /opt/airflow/dags/connect.py
[2025-11-09T15:59:14.209+0000] {processor.py:830} INFO - Processing file /opt/airflow/dags/connect.py for tasks to queue
[2025-11-09T15:59:14.212+0000] {logging_mixin.py:188} INFO - [2025-11-09T15:59:14.211+0000] {dagbag.py:545} INFO - Filling up the DagBag from /opt/airflow/dags/connect.py
[2025-11-09T15:59:14.230+0000] {logging_mixin.py:188} INFO - [2025-11-09T15:59:14.226+0000] {dagbag.py:355} ERROR - Failed to import: /opt/airflow/dags/connect.py
Traceback (most recent call last):
  File "/home/airflow/.local/lib/python3.12/site-packages/airflow/models/dagbag.py", line 351, in parse
    loader.exec_module(new_module)
  File "<frozen importlib._bootstrap_external>", line 991, in exec_module
  File "<frozen importlib._bootstrap_external>", line 1129, in get_code
  File "<frozen importlib._bootstrap_external>", line 1059, in source_to_code
  File "<frozen importlib._bootstrap>", line 488, in _call_with_frames_removed
  File "/opt/airflow/dags/connect.py", line 96
    def generate_report(**context):
SyntaxError: expected 'except' or 'finally' block
[2025-11-09T15:59:14.232+0000] {processor.py:842} WARNING - No viable dags retrieved from /opt/airflow/dags/connect.py
[2025-11-09T15:59:14.282+0000] {processor.py:183} INFO - Processing /opt/airflow/dags/connect.py took 0.090 seconds
[2025-11-09T15:59:44.493+0000] {processor.py:161} INFO - Started process (PID=2667) to work on /opt/airflow/dags/connect.py
[2025-11-09T15:59:44.494+0000] {processor.py:830} INFO - Processing file /opt/airflow/dags/connect.py for tasks to queue
[2025-11-09T15:59:44.496+0000] {logging_mixin.py:188} INFO - [2025-11-09T15:59:44.495+0000] {dagbag.py:545} INFO - Filling up the DagBag from /opt/airflow/dags/connect.py
[2025-11-09T15:59:44.504+0000] {logging_mixin.py:188} INFO - [2025-11-09T15:59:44.502+0000] {dagbag.py:355} ERROR - Failed to import: /opt/airflow/dags/connect.py
Traceback (most recent call last):
  File "/home/airflow/.local/lib/python3.12/site-packages/airflow/models/dagbag.py", line 351, in parse
    loader.exec_module(new_module)
  File "<frozen importlib._bootstrap_external>", line 991, in exec_module
  File "<frozen importlib._bootstrap_external>", line 1129, in get_code
  File "<frozen importlib._bootstrap_external>", line 1059, in source_to_code
  File "<frozen importlib._bootstrap>", line 488, in _call_with_frames_removed
  File "/opt/airflow/dags/connect.py", line 96
    def generate_report(**context):
SyntaxError: expected 'except' or 'finally' block
[2025-11-09T15:59:44.505+0000] {processor.py:842} WARNING - No viable dags retrieved from /opt/airflow/dags/connect.py
[2025-11-09T15:59:44.531+0000] {processor.py:183} INFO - Processing /opt/airflow/dags/connect.py took 0.047 seconds
[2025-11-09T16:00:14.765+0000] {processor.py:161} INFO - Started process (PID=2677) to work on /opt/airflow/dags/connect.py
[2025-11-09T16:00:14.768+0000] {processor.py:830} INFO - Processing file /opt/airflow/dags/connect.py for tasks to queue
[2025-11-09T16:00:14.771+0000] {logging_mixin.py:188} INFO - [2025-11-09T16:00:14.770+0000] {dagbag.py:545} INFO - Filling up the DagBag from /opt/airflow/dags/connect.py
[2025-11-09T16:00:14.787+0000] {logging_mixin.py:188} INFO - [2025-11-09T16:00:14.782+0000] {dagbag.py:355} ERROR - Failed to import: /opt/airflow/dags/connect.py
Traceback (most recent call last):
  File "/home/airflow/.local/lib/python3.12/site-packages/airflow/models/dagbag.py", line 351, in parse
    loader.exec_module(new_module)
  File "<frozen importlib._bootstrap_external>", line 991, in exec_module
  File "<frozen importlib._bootstrap_external>", line 1129, in get_code
  File "<frozen importlib._bootstrap_external>", line 1059, in source_to_code
  File "<frozen importlib._bootstrap>", line 488, in _call_with_frames_removed
  File "/opt/airflow/dags/connect.py", line 96
    def generate_report(**context):
SyntaxError: expected 'except' or 'finally' block
[2025-11-09T16:00:14.790+0000] {processor.py:842} WARNING - No viable dags retrieved from /opt/airflow/dags/connect.py
[2025-11-09T16:00:14.850+0000] {processor.py:183} INFO - Processing /opt/airflow/dags/connect.py took 0.099 seconds
[2025-11-09T16:00:45.086+0000] {processor.py:161} INFO - Started process (PID=2687) to work on /opt/airflow/dags/connect.py
[2025-11-09T16:00:45.088+0000] {processor.py:830} INFO - Processing file /opt/airflow/dags/connect.py for tasks to queue
[2025-11-09T16:00:45.091+0000] {logging_mixin.py:188} INFO - [2025-11-09T16:00:45.090+0000] {dagbag.py:545} INFO - Filling up the DagBag from /opt/airflow/dags/connect.py
[2025-11-09T16:00:45.106+0000] {logging_mixin.py:188} INFO - [2025-11-09T16:00:45.104+0000] {dagbag.py:355} ERROR - Failed to import: /opt/airflow/dags/connect.py
Traceback (most recent call last):
  File "/home/airflow/.local/lib/python3.12/site-packages/airflow/models/dagbag.py", line 351, in parse
    loader.exec_module(new_module)
  File "<frozen importlib._bootstrap_external>", line 991, in exec_module
  File "<frozen importlib._bootstrap_external>", line 1129, in get_code
  File "<frozen importlib._bootstrap_external>", line 1059, in source_to_code
  File "<frozen importlib._bootstrap>", line 488, in _call_with_frames_removed
  File "/opt/airflow/dags/connect.py", line 96
    def generate_report(**context):
SyntaxError: expected 'except' or 'finally' block
[2025-11-09T16:00:45.108+0000] {processor.py:842} WARNING - No viable dags retrieved from /opt/airflow/dags/connect.py
[2025-11-09T16:00:45.153+0000] {processor.py:183} INFO - Processing /opt/airflow/dags/connect.py took 0.084 seconds
[2025-11-09T16:01:15.366+0000] {processor.py:161} INFO - Started process (PID=2697) to work on /opt/airflow/dags/connect.py
[2025-11-09T16:01:15.367+0000] {processor.py:830} INFO - Processing file /opt/airflow/dags/connect.py for tasks to queue
[2025-11-09T16:01:15.369+0000] {logging_mixin.py:188} INFO - [2025-11-09T16:01:15.368+0000] {dagbag.py:545} INFO - Filling up the DagBag from /opt/airflow/dags/connect.py
[2025-11-09T16:01:15.377+0000] {logging_mixin.py:188} INFO - [2025-11-09T16:01:15.375+0000] {dagbag.py:355} ERROR - Failed to import: /opt/airflow/dags/connect.py
Traceback (most recent call last):
  File "/home/airflow/.local/lib/python3.12/site-packages/airflow/models/dagbag.py", line 351, in parse
    loader.exec_module(new_module)
  File "<frozen importlib._bootstrap_external>", line 991, in exec_module
  File "<frozen importlib._bootstrap_external>", line 1129, in get_code
  File "<frozen importlib._bootstrap_external>", line 1059, in source_to_code
  File "<frozen importlib._bootstrap>", line 488, in _call_with_frames_removed
  File "/opt/airflow/dags/connect.py", line 96
    def generate_report(**context):
SyntaxError: expected 'except' or 'finally' block
[2025-11-09T16:01:15.379+0000] {processor.py:842} WARNING - No viable dags retrieved from /opt/airflow/dags/connect.py
[2025-11-09T16:01:15.407+0000] {processor.py:183} INFO - Processing /opt/airflow/dags/connect.py took 0.050 seconds
[2025-11-09T16:01:45.635+0000] {processor.py:161} INFO - Started process (PID=2707) to work on /opt/airflow/dags/connect.py
[2025-11-09T16:01:45.640+0000] {processor.py:830} INFO - Processing file /opt/airflow/dags/connect.py for tasks to queue
[2025-11-09T16:01:45.648+0000] {logging_mixin.py:188} INFO - [2025-11-09T16:01:45.643+0000] {dagbag.py:545} INFO - Filling up the DagBag from /opt/airflow/dags/connect.py
[2025-11-09T16:01:45.694+0000] {logging_mixin.py:188} INFO - [2025-11-09T16:01:45.689+0000] {dagbag.py:355} ERROR - Failed to import: /opt/airflow/dags/connect.py
Traceback (most recent call last):
  File "/home/airflow/.local/lib/python3.12/site-packages/airflow/models/dagbag.py", line 351, in parse
    loader.exec_module(new_module)
  File "<frozen importlib._bootstrap_external>", line 991, in exec_module
  File "<frozen importlib._bootstrap_external>", line 1129, in get_code
  File "<frozen importlib._bootstrap_external>", line 1059, in source_to_code
  File "<frozen importlib._bootstrap>", line 488, in _call_with_frames_removed
  File "/opt/airflow/dags/connect.py", line 96
    def generate_report(**context):
SyntaxError: expected 'except' or 'finally' block
[2025-11-09T16:01:45.707+0000] {processor.py:842} WARNING - No viable dags retrieved from /opt/airflow/dags/connect.py
[2025-11-09T16:01:45.796+0000] {processor.py:183} INFO - Processing /opt/airflow/dags/connect.py took 0.191 seconds
[2025-11-09T16:02:16.039+0000] {processor.py:161} INFO - Started process (PID=2717) to work on /opt/airflow/dags/connect.py
[2025-11-09T16:02:16.041+0000] {processor.py:830} INFO - Processing file /opt/airflow/dags/connect.py for tasks to queue
[2025-11-09T16:02:16.044+0000] {logging_mixin.py:188} INFO - [2025-11-09T16:02:16.043+0000] {dagbag.py:545} INFO - Filling up the DagBag from /opt/airflow/dags/connect.py
[2025-11-09T16:02:16.058+0000] {logging_mixin.py:188} INFO - [2025-11-09T16:02:16.056+0000] {dagbag.py:355} ERROR - Failed to import: /opt/airflow/dags/connect.py
Traceback (most recent call last):
  File "/home/airflow/.local/lib/python3.12/site-packages/airflow/models/dagbag.py", line 351, in parse
    loader.exec_module(new_module)
  File "<frozen importlib._bootstrap_external>", line 991, in exec_module
  File "<frozen importlib._bootstrap_external>", line 1129, in get_code
  File "<frozen importlib._bootstrap_external>", line 1059, in source_to_code
  File "<frozen importlib._bootstrap>", line 488, in _call_with_frames_removed
  File "/opt/airflow/dags/connect.py", line 96
    def generate_report(**context):
SyntaxError: expected 'except' or 'finally' block
[2025-11-09T16:02:16.060+0000] {processor.py:842} WARNING - No viable dags retrieved from /opt/airflow/dags/connect.py
[2025-11-09T16:02:16.105+0000] {processor.py:183} INFO - Processing /opt/airflow/dags/connect.py took 0.081 seconds
[2025-11-09T16:02:46.351+0000] {processor.py:161} INFO - Started process (PID=2727) to work on /opt/airflow/dags/connect.py
[2025-11-09T16:02:46.353+0000] {processor.py:830} INFO - Processing file /opt/airflow/dags/connect.py for tasks to queue
[2025-11-09T16:02:46.356+0000] {logging_mixin.py:188} INFO - [2025-11-09T16:02:46.355+0000] {dagbag.py:545} INFO - Filling up the DagBag from /opt/airflow/dags/connect.py
[2025-11-09T16:02:46.373+0000] {logging_mixin.py:188} INFO - [2025-11-09T16:02:46.370+0000] {dagbag.py:355} ERROR - Failed to import: /opt/airflow/dags/connect.py
Traceback (most recent call last):
  File "/home/airflow/.local/lib/python3.12/site-packages/airflow/models/dagbag.py", line 351, in parse
    loader.exec_module(new_module)
  File "<frozen importlib._bootstrap_external>", line 991, in exec_module
  File "<frozen importlib._bootstrap_external>", line 1129, in get_code
  File "<frozen importlib._bootstrap_external>", line 1059, in source_to_code
  File "<frozen importlib._bootstrap>", line 488, in _call_with_frames_removed
  File "/opt/airflow/dags/connect.py", line 96
    def generate_report(**context):
SyntaxError: expected 'except' or 'finally' block
[2025-11-09T16:02:46.374+0000] {processor.py:842} WARNING - No viable dags retrieved from /opt/airflow/dags/connect.py
[2025-11-09T16:02:46.407+0000] {processor.py:183} INFO - Processing /opt/airflow/dags/connect.py took 0.077 seconds
[2025-11-09T16:03:16.646+0000] {processor.py:161} INFO - Started process (PID=2737) to work on /opt/airflow/dags/connect.py
[2025-11-09T16:03:16.649+0000] {processor.py:830} INFO - Processing file /opt/airflow/dags/connect.py for tasks to queue
[2025-11-09T16:03:16.651+0000] {logging_mixin.py:188} INFO - [2025-11-09T16:03:16.650+0000] {dagbag.py:545} INFO - Filling up the DagBag from /opt/airflow/dags/connect.py
[2025-11-09T16:03:16.668+0000] {logging_mixin.py:188} INFO - [2025-11-09T16:03:16.666+0000] {dagbag.py:355} ERROR - Failed to import: /opt/airflow/dags/connect.py
Traceback (most recent call last):
  File "/home/airflow/.local/lib/python3.12/site-packages/airflow/models/dagbag.py", line 351, in parse
    loader.exec_module(new_module)
  File "<frozen importlib._bootstrap_external>", line 991, in exec_module
  File "<frozen importlib._bootstrap_external>", line 1129, in get_code
  File "<frozen importlib._bootstrap_external>", line 1059, in source_to_code
  File "<frozen importlib._bootstrap>", line 488, in _call_with_frames_removed
  File "/opt/airflow/dags/connect.py", line 96
    def generate_report(**context):
SyntaxError: expected 'except' or 'finally' block
[2025-11-09T16:03:16.670+0000] {processor.py:842} WARNING - No viable dags retrieved from /opt/airflow/dags/connect.py
[2025-11-09T16:03:16.716+0000] {processor.py:183} INFO - Processing /opt/airflow/dags/connect.py took 0.086 seconds
[2025-11-09T16:03:46.951+0000] {processor.py:161} INFO - Started process (PID=2747) to work on /opt/airflow/dags/connect.py
[2025-11-09T16:03:46.954+0000] {processor.py:830} INFO - Processing file /opt/airflow/dags/connect.py for tasks to queue
[2025-11-09T16:03:46.957+0000] {logging_mixin.py:188} INFO - [2025-11-09T16:03:46.955+0000] {dagbag.py:545} INFO - Filling up the DagBag from /opt/airflow/dags/connect.py
[2025-11-09T16:03:46.976+0000] {logging_mixin.py:188} INFO - [2025-11-09T16:03:46.972+0000] {dagbag.py:355} ERROR - Failed to import: /opt/airflow/dags/connect.py
Traceback (most recent call last):
  File "/home/airflow/.local/lib/python3.12/site-packages/airflow/models/dagbag.py", line 351, in parse
    loader.exec_module(new_module)
  File "<frozen importlib._bootstrap_external>", line 991, in exec_module
  File "<frozen importlib._bootstrap_external>", line 1129, in get_code
  File "<frozen importlib._bootstrap_external>", line 1059, in source_to_code
  File "<frozen importlib._bootstrap>", line 488, in _call_with_frames_removed
  File "/opt/airflow/dags/connect.py", line 96
    def generate_report(**context):
SyntaxError: expected 'except' or 'finally' block
[2025-11-09T16:03:46.980+0000] {processor.py:842} WARNING - No viable dags retrieved from /opt/airflow/dags/connect.py
[2025-11-09T16:03:47.029+0000] {processor.py:183} INFO - Processing /opt/airflow/dags/connect.py took 0.093 seconds
[2025-11-09T16:04:17.291+0000] {processor.py:161} INFO - Started process (PID=2757) to work on /opt/airflow/dags/connect.py
[2025-11-09T16:04:17.297+0000] {processor.py:830} INFO - Processing file /opt/airflow/dags/connect.py for tasks to queue
[2025-11-09T16:04:17.300+0000] {logging_mixin.py:188} INFO - [2025-11-09T16:04:17.299+0000] {dagbag.py:545} INFO - Filling up the DagBag from /opt/airflow/dags/connect.py
[2025-11-09T16:04:17.315+0000] {logging_mixin.py:188} INFO - [2025-11-09T16:04:17.312+0000] {dagbag.py:355} ERROR - Failed to import: /opt/airflow/dags/connect.py
Traceback (most recent call last):
  File "/home/airflow/.local/lib/python3.12/site-packages/airflow/models/dagbag.py", line 351, in parse
    loader.exec_module(new_module)
  File "<frozen importlib._bootstrap_external>", line 991, in exec_module
  File "<frozen importlib._bootstrap_external>", line 1129, in get_code
  File "<frozen importlib._bootstrap_external>", line 1059, in source_to_code
  File "<frozen importlib._bootstrap>", line 488, in _call_with_frames_removed
  File "/opt/airflow/dags/connect.py", line 96
    def generate_report(**context):
SyntaxError: expected 'except' or 'finally' block
[2025-11-09T16:04:17.316+0000] {processor.py:842} WARNING - No viable dags retrieved from /opt/airflow/dags/connect.py
[2025-11-09T16:04:17.363+0000] {processor.py:183} INFO - Processing /opt/airflow/dags/connect.py took 0.088 seconds
[2025-11-09T16:04:47.570+0000] {processor.py:161} INFO - Started process (PID=2767) to work on /opt/airflow/dags/connect.py
[2025-11-09T16:04:47.571+0000] {processor.py:830} INFO - Processing file /opt/airflow/dags/connect.py for tasks to queue
[2025-11-09T16:04:47.572+0000] {logging_mixin.py:188} INFO - [2025-11-09T16:04:47.572+0000] {dagbag.py:545} INFO - Filling up the DagBag from /opt/airflow/dags/connect.py
[2025-11-09T16:04:47.580+0000] {logging_mixin.py:188} INFO - [2025-11-09T16:04:47.578+0000] {dagbag.py:355} ERROR - Failed to import: /opt/airflow/dags/connect.py
Traceback (most recent call last):
  File "/home/airflow/.local/lib/python3.12/site-packages/airflow/models/dagbag.py", line 351, in parse
    loader.exec_module(new_module)
  File "<frozen importlib._bootstrap_external>", line 991, in exec_module
  File "<frozen importlib._bootstrap_external>", line 1129, in get_code
  File "<frozen importlib._bootstrap_external>", line 1059, in source_to_code
  File "<frozen importlib._bootstrap>", line 488, in _call_with_frames_removed
  File "/opt/airflow/dags/connect.py", line 96
    def generate_report(**context):
SyntaxError: expected 'except' or 'finally' block
[2025-11-09T16:04:47.581+0000] {processor.py:842} WARNING - No viable dags retrieved from /opt/airflow/dags/connect.py
[2025-11-09T16:04:47.605+0000] {processor.py:183} INFO - Processing /opt/airflow/dags/connect.py took 0.045 seconds
[2025-11-09T16:05:17.830+0000] {processor.py:161} INFO - Started process (PID=2777) to work on /opt/airflow/dags/connect.py
[2025-11-09T16:05:17.832+0000] {processor.py:830} INFO - Processing file /opt/airflow/dags/connect.py for tasks to queue
[2025-11-09T16:05:17.835+0000] {logging_mixin.py:188} INFO - [2025-11-09T16:05:17.834+0000] {dagbag.py:545} INFO - Filling up the DagBag from /opt/airflow/dags/connect.py
[2025-11-09T16:05:17.850+0000] {logging_mixin.py:188} INFO - [2025-11-09T16:05:17.847+0000] {dagbag.py:355} ERROR - Failed to import: /opt/airflow/dags/connect.py
Traceback (most recent call last):
  File "/home/airflow/.local/lib/python3.12/site-packages/airflow/models/dagbag.py", line 351, in parse
    loader.exec_module(new_module)
  File "<frozen importlib._bootstrap_external>", line 991, in exec_module
  File "<frozen importlib._bootstrap_external>", line 1129, in get_code
  File "<frozen importlib._bootstrap_external>", line 1059, in source_to_code
  File "<frozen importlib._bootstrap>", line 488, in _call_with_frames_removed
  File "/opt/airflow/dags/connect.py", line 96
    def generate_report(**context):
SyntaxError: expected 'except' or 'finally' block
[2025-11-09T16:05:17.852+0000] {processor.py:842} WARNING - No viable dags retrieved from /opt/airflow/dags/connect.py
[2025-11-09T16:05:17.897+0000] {processor.py:183} INFO - Processing /opt/airflow/dags/connect.py took 0.082 seconds
[2025-11-09T16:05:48.117+0000] {processor.py:161} INFO - Started process (PID=2787) to work on /opt/airflow/dags/connect.py
[2025-11-09T16:05:48.119+0000] {processor.py:830} INFO - Processing file /opt/airflow/dags/connect.py for tasks to queue
[2025-11-09T16:05:48.122+0000] {logging_mixin.py:188} INFO - [2025-11-09T16:05:48.121+0000] {dagbag.py:545} INFO - Filling up the DagBag from /opt/airflow/dags/connect.py
[2025-11-09T16:05:48.139+0000] {logging_mixin.py:188} INFO - [2025-11-09T16:05:48.136+0000] {dagbag.py:355} ERROR - Failed to import: /opt/airflow/dags/connect.py
Traceback (most recent call last):
  File "/home/airflow/.local/lib/python3.12/site-packages/airflow/models/dagbag.py", line 351, in parse
    loader.exec_module(new_module)
  File "<frozen importlib._bootstrap_external>", line 991, in exec_module
  File "<frozen importlib._bootstrap_external>", line 1129, in get_code
  File "<frozen importlib._bootstrap_external>", line 1059, in source_to_code
  File "<frozen importlib._bootstrap>", line 488, in _call_with_frames_removed
  File "/opt/airflow/dags/connect.py", line 96
    def generate_report(**context):
SyntaxError: expected 'except' or 'finally' block
[2025-11-09T16:05:48.149+0000] {processor.py:842} WARNING - No viable dags retrieved from /opt/airflow/dags/connect.py
[2025-11-09T16:05:48.219+0000] {processor.py:183} INFO - Processing /opt/airflow/dags/connect.py took 0.118 seconds
[2025-11-09T16:06:18.451+0000] {processor.py:161} INFO - Started process (PID=2797) to work on /opt/airflow/dags/connect.py
[2025-11-09T16:06:18.452+0000] {processor.py:830} INFO - Processing file /opt/airflow/dags/connect.py for tasks to queue
[2025-11-09T16:06:18.455+0000] {logging_mixin.py:188} INFO - [2025-11-09T16:06:18.454+0000] {dagbag.py:545} INFO - Filling up the DagBag from /opt/airflow/dags/connect.py
[2025-11-09T16:06:18.462+0000] {logging_mixin.py:188} INFO - [2025-11-09T16:06:18.460+0000] {dagbag.py:355} ERROR - Failed to import: /opt/airflow/dags/connect.py
Traceback (most recent call last):
  File "/home/airflow/.local/lib/python3.12/site-packages/airflow/models/dagbag.py", line 351, in parse
    loader.exec_module(new_module)
  File "<frozen importlib._bootstrap_external>", line 991, in exec_module
  File "<frozen importlib._bootstrap_external>", line 1129, in get_code
  File "<frozen importlib._bootstrap_external>", line 1059, in source_to_code
  File "<frozen importlib._bootstrap>", line 488, in _call_with_frames_removed
  File "/opt/airflow/dags/connect.py", line 96
    def generate_report(**context):
SyntaxError: expected 'except' or 'finally' block
[2025-11-09T16:06:18.462+0000] {processor.py:842} WARNING - No viable dags retrieved from /opt/airflow/dags/connect.py
[2025-11-09T16:06:18.487+0000] {processor.py:183} INFO - Processing /opt/airflow/dags/connect.py took 0.045 seconds
[2025-11-09T16:06:48.712+0000] {processor.py:161} INFO - Started process (PID=2807) to work on /opt/airflow/dags/connect.py
[2025-11-09T16:06:48.714+0000] {processor.py:830} INFO - Processing file /opt/airflow/dags/connect.py for tasks to queue
[2025-11-09T16:06:48.718+0000] {logging_mixin.py:188} INFO - [2025-11-09T16:06:48.717+0000] {dagbag.py:545} INFO - Filling up the DagBag from /opt/airflow/dags/connect.py
[2025-11-09T16:06:48.743+0000] {logging_mixin.py:188} INFO - [2025-11-09T16:06:48.740+0000] {dagbag.py:355} ERROR - Failed to import: /opt/airflow/dags/connect.py
Traceback (most recent call last):
  File "/home/airflow/.local/lib/python3.12/site-packages/airflow/models/dagbag.py", line 351, in parse
    loader.exec_module(new_module)
  File "<frozen importlib._bootstrap_external>", line 991, in exec_module
  File "<frozen importlib._bootstrap_external>", line 1129, in get_code
  File "<frozen importlib._bootstrap_external>", line 1059, in source_to_code
  File "<frozen importlib._bootstrap>", line 488, in _call_with_frames_removed
  File "/opt/airflow/dags/connect.py", line 96
    def generate_report(**context):
SyntaxError: expected 'except' or 'finally' block
[2025-11-09T16:06:48.746+0000] {processor.py:842} WARNING - No viable dags retrieved from /opt/airflow/dags/connect.py
[2025-11-09T16:06:48.804+0000] {processor.py:183} INFO - Processing /opt/airflow/dags/connect.py took 0.108 seconds
[2025-11-09T16:07:19.052+0000] {processor.py:161} INFO - Started process (PID=2817) to work on /opt/airflow/dags/connect.py
[2025-11-09T16:07:19.054+0000] {processor.py:830} INFO - Processing file /opt/airflow/dags/connect.py for tasks to queue
[2025-11-09T16:07:19.060+0000] {logging_mixin.py:188} INFO - [2025-11-09T16:07:19.059+0000] {dagbag.py:545} INFO - Filling up the DagBag from /opt/airflow/dags/connect.py
[2025-11-09T16:07:19.076+0000] {logging_mixin.py:188} INFO - [2025-11-09T16:07:19.072+0000] {dagbag.py:355} ERROR - Failed to import: /opt/airflow/dags/connect.py
Traceback (most recent call last):
  File "/home/airflow/.local/lib/python3.12/site-packages/airflow/models/dagbag.py", line 351, in parse
    loader.exec_module(new_module)
  File "<frozen importlib._bootstrap_external>", line 991, in exec_module
  File "<frozen importlib._bootstrap_external>", line 1129, in get_code
  File "<frozen importlib._bootstrap_external>", line 1059, in source_to_code
  File "<frozen importlib._bootstrap>", line 488, in _call_with_frames_removed
  File "/opt/airflow/dags/connect.py", line 96
    def generate_report(**context):
SyntaxError: expected 'except' or 'finally' block
[2025-11-09T16:07:19.078+0000] {processor.py:842} WARNING - No viable dags retrieved from /opt/airflow/dags/connect.py
[2025-11-09T16:07:19.121+0000] {processor.py:183} INFO - Processing /opt/airflow/dags/connect.py took 0.085 seconds
[2025-11-09T16:07:49.340+0000] {processor.py:161} INFO - Started process (PID=2827) to work on /opt/airflow/dags/connect.py
[2025-11-09T16:07:49.341+0000] {processor.py:830} INFO - Processing file /opt/airflow/dags/connect.py for tasks to queue
[2025-11-09T16:07:49.344+0000] {logging_mixin.py:188} INFO - [2025-11-09T16:07:49.344+0000] {dagbag.py:545} INFO - Filling up the DagBag from /opt/airflow/dags/connect.py
[2025-11-09T16:07:49.352+0000] {logging_mixin.py:188} INFO - [2025-11-09T16:07:49.350+0000] {dagbag.py:355} ERROR - Failed to import: /opt/airflow/dags/connect.py
Traceback (most recent call last):
  File "/home/airflow/.local/lib/python3.12/site-packages/airflow/models/dagbag.py", line 351, in parse
    loader.exec_module(new_module)
  File "<frozen importlib._bootstrap_external>", line 991, in exec_module
  File "<frozen importlib._bootstrap_external>", line 1129, in get_code
  File "<frozen importlib._bootstrap_external>", line 1059, in source_to_code
  File "<frozen importlib._bootstrap>", line 488, in _call_with_frames_removed
  File "/opt/airflow/dags/connect.py", line 96
    def generate_report(**context):
SyntaxError: expected 'except' or 'finally' block
[2025-11-09T16:07:49.353+0000] {processor.py:842} WARNING - No viable dags retrieved from /opt/airflow/dags/connect.py
[2025-11-09T16:07:49.376+0000] {processor.py:183} INFO - Processing /opt/airflow/dags/connect.py took 0.043 seconds
[2025-11-09T16:08:19.616+0000] {processor.py:161} INFO - Started process (PID=2837) to work on /opt/airflow/dags/connect.py
[2025-11-09T16:08:19.619+0000] {processor.py:830} INFO - Processing file /opt/airflow/dags/connect.py for tasks to queue
[2025-11-09T16:08:19.622+0000] {logging_mixin.py:188} INFO - [2025-11-09T16:08:19.621+0000] {dagbag.py:545} INFO - Filling up the DagBag from /opt/airflow/dags/connect.py
[2025-11-09T16:08:19.638+0000] {logging_mixin.py:188} INFO - [2025-11-09T16:08:19.635+0000] {dagbag.py:355} ERROR - Failed to import: /opt/airflow/dags/connect.py
Traceback (most recent call last):
  File "/home/airflow/.local/lib/python3.12/site-packages/airflow/models/dagbag.py", line 351, in parse
    loader.exec_module(new_module)
  File "<frozen importlib._bootstrap_external>", line 991, in exec_module
  File "<frozen importlib._bootstrap_external>", line 1129, in get_code
  File "<frozen importlib._bootstrap_external>", line 1059, in source_to_code
  File "<frozen importlib._bootstrap>", line 488, in _call_with_frames_removed
  File "/opt/airflow/dags/connect.py", line 96
    def generate_report(**context):
SyntaxError: expected 'except' or 'finally' block
[2025-11-09T16:08:19.641+0000] {processor.py:842} WARNING - No viable dags retrieved from /opt/airflow/dags/connect.py
[2025-11-09T16:08:19.702+0000] {processor.py:183} INFO - Processing /opt/airflow/dags/connect.py took 0.104 seconds
[2025-11-09T16:08:50.015+0000] {processor.py:161} INFO - Started process (PID=2847) to work on /opt/airflow/dags/connect.py
[2025-11-09T16:08:50.018+0000] {processor.py:830} INFO - Processing file /opt/airflow/dags/connect.py for tasks to queue
[2025-11-09T16:08:50.022+0000] {logging_mixin.py:188} INFO - [2025-11-09T16:08:50.020+0000] {dagbag.py:545} INFO - Filling up the DagBag from /opt/airflow/dags/connect.py
[2025-11-09T16:08:50.038+0000] {logging_mixin.py:188} INFO - [2025-11-09T16:08:50.034+0000] {dagbag.py:355} ERROR - Failed to import: /opt/airflow/dags/connect.py
Traceback (most recent call last):
  File "/home/airflow/.local/lib/python3.12/site-packages/airflow/models/dagbag.py", line 351, in parse
    loader.exec_module(new_module)
  File "<frozen importlib._bootstrap_external>", line 991, in exec_module
  File "<frozen importlib._bootstrap_external>", line 1129, in get_code
  File "<frozen importlib._bootstrap_external>", line 1059, in source_to_code
  File "<frozen importlib._bootstrap>", line 488, in _call_with_frames_removed
  File "/opt/airflow/dags/connect.py", line 96
    def generate_report(**context):
SyntaxError: expected 'except' or 'finally' block
[2025-11-09T16:08:50.040+0000] {processor.py:842} WARNING - No viable dags retrieved from /opt/airflow/dags/connect.py
[2025-11-09T16:08:50.082+0000] {processor.py:183} INFO - Processing /opt/airflow/dags/connect.py took 0.085 seconds
[2025-11-09T16:09:20.327+0000] {processor.py:161} INFO - Started process (PID=2857) to work on /opt/airflow/dags/connect.py
[2025-11-09T16:09:20.329+0000] {processor.py:830} INFO - Processing file /opt/airflow/dags/connect.py for tasks to queue
[2025-11-09T16:09:20.330+0000] {logging_mixin.py:188} INFO - [2025-11-09T16:09:20.330+0000] {dagbag.py:545} INFO - Filling up the DagBag from /opt/airflow/dags/connect.py
[2025-11-09T16:09:20.337+0000] {logging_mixin.py:188} INFO - [2025-11-09T16:09:20.336+0000] {dagbag.py:355} ERROR - Failed to import: /opt/airflow/dags/connect.py
Traceback (most recent call last):
  File "/home/airflow/.local/lib/python3.12/site-packages/airflow/models/dagbag.py", line 351, in parse
    loader.exec_module(new_module)
  File "<frozen importlib._bootstrap_external>", line 991, in exec_module
  File "<frozen importlib._bootstrap_external>", line 1129, in get_code
  File "<frozen importlib._bootstrap_external>", line 1059, in source_to_code
  File "<frozen importlib._bootstrap>", line 488, in _call_with_frames_removed
  File "/opt/airflow/dags/connect.py", line 96
    def generate_report(**context):
SyntaxError: expected 'except' or 'finally' block
[2025-11-09T16:09:20.338+0000] {processor.py:842} WARNING - No viable dags retrieved from /opt/airflow/dags/connect.py
[2025-11-09T16:09:20.360+0000] {processor.py:183} INFO - Processing /opt/airflow/dags/connect.py took 0.042 seconds
[2025-11-09T16:09:50.591+0000] {processor.py:161} INFO - Started process (PID=2867) to work on /opt/airflow/dags/connect.py
[2025-11-09T16:09:50.594+0000] {processor.py:830} INFO - Processing file /opt/airflow/dags/connect.py for tasks to queue
[2025-11-09T16:09:50.597+0000] {logging_mixin.py:188} INFO - [2025-11-09T16:09:50.596+0000] {dagbag.py:545} INFO - Filling up the DagBag from /opt/airflow/dags/connect.py
[2025-11-09T16:09:50.613+0000] {logging_mixin.py:188} INFO - [2025-11-09T16:09:50.609+0000] {dagbag.py:355} ERROR - Failed to import: /opt/airflow/dags/connect.py
Traceback (most recent call last):
  File "/home/airflow/.local/lib/python3.12/site-packages/airflow/models/dagbag.py", line 351, in parse
    loader.exec_module(new_module)
  File "<frozen importlib._bootstrap_external>", line 991, in exec_module
  File "<frozen importlib._bootstrap_external>", line 1129, in get_code
  File "<frozen importlib._bootstrap_external>", line 1059, in source_to_code
  File "<frozen importlib._bootstrap>", line 488, in _call_with_frames_removed
  File "/opt/airflow/dags/connect.py", line 96
    def generate_report(**context):
SyntaxError: expected 'except' or 'finally' block
[2025-11-09T16:09:50.615+0000] {processor.py:842} WARNING - No viable dags retrieved from /opt/airflow/dags/connect.py
[2025-11-09T16:09:50.663+0000] {processor.py:183} INFO - Processing /opt/airflow/dags/connect.py took 0.089 seconds
[2025-11-09T16:10:20.930+0000] {processor.py:161} INFO - Started process (PID=2877) to work on /opt/airflow/dags/connect.py
[2025-11-09T16:10:20.932+0000] {processor.py:830} INFO - Processing file /opt/airflow/dags/connect.py for tasks to queue
[2025-11-09T16:10:20.935+0000] {logging_mixin.py:188} INFO - [2025-11-09T16:10:20.934+0000] {dagbag.py:545} INFO - Filling up the DagBag from /opt/airflow/dags/connect.py
[2025-11-09T16:10:20.984+0000] {logging_mixin.py:188} INFO - [2025-11-09T16:10:20.981+0000] {dagbag.py:355} ERROR - Failed to import: /opt/airflow/dags/connect.py
Traceback (most recent call last):
  File "/home/airflow/.local/lib/python3.12/site-packages/airflow/models/dagbag.py", line 351, in parse
    loader.exec_module(new_module)
  File "<frozen importlib._bootstrap_external>", line 991, in exec_module
  File "<frozen importlib._bootstrap_external>", line 1129, in get_code
  File "<frozen importlib._bootstrap_external>", line 1059, in source_to_code
  File "<frozen importlib._bootstrap>", line 488, in _call_with_frames_removed
  File "/opt/airflow/dags/connect.py", line 96
    def generate_report(**context):
SyntaxError: expected 'except' or 'finally' block
[2025-11-09T16:10:20.987+0000] {processor.py:842} WARNING - No viable dags retrieved from /opt/airflow/dags/connect.py
[2025-11-09T16:10:21.034+0000] {processor.py:183} INFO - Processing /opt/airflow/dags/connect.py took 0.123 seconds
[2025-11-09T16:10:51.262+0000] {processor.py:161} INFO - Started process (PID=2887) to work on /opt/airflow/dags/connect.py
[2025-11-09T16:10:51.263+0000] {processor.py:830} INFO - Processing file /opt/airflow/dags/connect.py for tasks to queue
[2025-11-09T16:10:51.266+0000] {logging_mixin.py:188} INFO - [2025-11-09T16:10:51.265+0000] {dagbag.py:545} INFO - Filling up the DagBag from /opt/airflow/dags/connect.py
[2025-11-09T16:10:51.274+0000] {logging_mixin.py:188} INFO - [2025-11-09T16:10:51.272+0000] {dagbag.py:355} ERROR - Failed to import: /opt/airflow/dags/connect.py
Traceback (most recent call last):
  File "/home/airflow/.local/lib/python3.12/site-packages/airflow/models/dagbag.py", line 351, in parse
    loader.exec_module(new_module)
  File "<frozen importlib._bootstrap_external>", line 991, in exec_module
  File "<frozen importlib._bootstrap_external>", line 1129, in get_code
  File "<frozen importlib._bootstrap_external>", line 1059, in source_to_code
  File "<frozen importlib._bootstrap>", line 488, in _call_with_frames_removed
  File "/opt/airflow/dags/connect.py", line 96
    def generate_report(**context):
SyntaxError: expected 'except' or 'finally' block
[2025-11-09T16:10:51.274+0000] {processor.py:842} WARNING - No viable dags retrieved from /opt/airflow/dags/connect.py
[2025-11-09T16:10:51.300+0000] {processor.py:183} INFO - Processing /opt/airflow/dags/connect.py took 0.047 seconds
[2025-11-09T16:11:21.541+0000] {processor.py:161} INFO - Started process (PID=2897) to work on /opt/airflow/dags/connect.py
[2025-11-09T16:11:21.543+0000] {processor.py:830} INFO - Processing file /opt/airflow/dags/connect.py for tasks to queue
[2025-11-09T16:11:21.545+0000] {logging_mixin.py:188} INFO - [2025-11-09T16:11:21.544+0000] {dagbag.py:545} INFO - Filling up the DagBag from /opt/airflow/dags/connect.py
[2025-11-09T16:11:21.559+0000] {logging_mixin.py:188} INFO - [2025-11-09T16:11:21.555+0000] {dagbag.py:355} ERROR - Failed to import: /opt/airflow/dags/connect.py
Traceback (most recent call last):
  File "/home/airflow/.local/lib/python3.12/site-packages/airflow/models/dagbag.py", line 351, in parse
    loader.exec_module(new_module)
  File "<frozen importlib._bootstrap_external>", line 991, in exec_module
  File "<frozen importlib._bootstrap_external>", line 1129, in get_code
  File "<frozen importlib._bootstrap_external>", line 1059, in source_to_code
  File "<frozen importlib._bootstrap>", line 488, in _call_with_frames_removed
  File "/opt/airflow/dags/connect.py", line 96
    def generate_report(**context):
SyntaxError: expected 'except' or 'finally' block
[2025-11-09T16:11:21.560+0000] {processor.py:842} WARNING - No viable dags retrieved from /opt/airflow/dags/connect.py
[2025-11-09T16:11:21.599+0000] {processor.py:183} INFO - Processing /opt/airflow/dags/connect.py took 0.075 seconds
[2025-11-09T16:11:51.888+0000] {processor.py:161} INFO - Started process (PID=2907) to work on /opt/airflow/dags/connect.py
[2025-11-09T16:11:51.890+0000] {processor.py:830} INFO - Processing file /opt/airflow/dags/connect.py for tasks to queue
[2025-11-09T16:11:51.894+0000] {logging_mixin.py:188} INFO - [2025-11-09T16:11:51.893+0000] {dagbag.py:545} INFO - Filling up the DagBag from /opt/airflow/dags/connect.py
[2025-11-09T16:11:51.924+0000] {logging_mixin.py:188} INFO - [2025-11-09T16:11:51.922+0000] {dagbag.py:355} ERROR - Failed to import: /opt/airflow/dags/connect.py
Traceback (most recent call last):
  File "/home/airflow/.local/lib/python3.12/site-packages/airflow/models/dagbag.py", line 351, in parse
    loader.exec_module(new_module)
  File "<frozen importlib._bootstrap_external>", line 991, in exec_module
  File "<frozen importlib._bootstrap_external>", line 1129, in get_code
  File "<frozen importlib._bootstrap_external>", line 1059, in source_to_code
  File "<frozen importlib._bootstrap>", line 488, in _call_with_frames_removed
  File "/opt/airflow/dags/connect.py", line 96
    def generate_report(**context):
SyntaxError: expected 'except' or 'finally' block
[2025-11-09T16:11:51.926+0000] {processor.py:842} WARNING - No viable dags retrieved from /opt/airflow/dags/connect.py
[2025-11-09T16:11:51.971+0000] {processor.py:183} INFO - Processing /opt/airflow/dags/connect.py took 0.101 seconds
[2025-11-09T16:12:22.212+0000] {processor.py:161} INFO - Started process (PID=2917) to work on /opt/airflow/dags/connect.py
[2025-11-09T16:12:22.213+0000] {processor.py:830} INFO - Processing file /opt/airflow/dags/connect.py for tasks to queue
[2025-11-09T16:12:22.214+0000] {logging_mixin.py:188} INFO - [2025-11-09T16:12:22.214+0000] {dagbag.py:545} INFO - Filling up the DagBag from /opt/airflow/dags/connect.py
[2025-11-09T16:12:22.221+0000] {logging_mixin.py:188} INFO - [2025-11-09T16:12:22.220+0000] {dagbag.py:355} ERROR - Failed to import: /opt/airflow/dags/connect.py
Traceback (most recent call last):
  File "/home/airflow/.local/lib/python3.12/site-packages/airflow/models/dagbag.py", line 351, in parse
    loader.exec_module(new_module)
  File "<frozen importlib._bootstrap_external>", line 991, in exec_module
  File "<frozen importlib._bootstrap_external>", line 1129, in get_code
  File "<frozen importlib._bootstrap_external>", line 1059, in source_to_code
  File "<frozen importlib._bootstrap>", line 488, in _call_with_frames_removed
  File "/opt/airflow/dags/connect.py", line 96
    def generate_report(**context):
SyntaxError: expected 'except' or 'finally' block
[2025-11-09T16:12:22.222+0000] {processor.py:842} WARNING - No viable dags retrieved from /opt/airflow/dags/connect.py
[2025-11-09T16:12:22.251+0000] {processor.py:183} INFO - Processing /opt/airflow/dags/connect.py took 0.049 seconds
[2025-11-09T16:12:52.466+0000] {processor.py:161} INFO - Started process (PID=2927) to work on /opt/airflow/dags/connect.py
[2025-11-09T16:12:52.468+0000] {processor.py:830} INFO - Processing file /opt/airflow/dags/connect.py for tasks to queue
[2025-11-09T16:12:52.470+0000] {logging_mixin.py:188} INFO - [2025-11-09T16:12:52.470+0000] {dagbag.py:545} INFO - Filling up the DagBag from /opt/airflow/dags/connect.py
[2025-11-09T16:12:52.478+0000] {logging_mixin.py:188} INFO - [2025-11-09T16:12:52.477+0000] {dagbag.py:355} ERROR - Failed to import: /opt/airflow/dags/connect.py
Traceback (most recent call last):
  File "/home/airflow/.local/lib/python3.12/site-packages/airflow/models/dagbag.py", line 351, in parse
    loader.exec_module(new_module)
  File "<frozen importlib._bootstrap_external>", line 991, in exec_module
  File "<frozen importlib._bootstrap_external>", line 1129, in get_code
  File "<frozen importlib._bootstrap_external>", line 1059, in source_to_code
  File "<frozen importlib._bootstrap>", line 488, in _call_with_frames_removed
  File "/opt/airflow/dags/connect.py", line 96
    def generate_report(**context):
SyntaxError: expected 'except' or 'finally' block
[2025-11-09T16:12:52.479+0000] {processor.py:842} WARNING - No viable dags retrieved from /opt/airflow/dags/connect.py
[2025-11-09T16:12:52.507+0000] {processor.py:183} INFO - Processing /opt/airflow/dags/connect.py took 0.050 seconds
[2025-11-09T16:13:22.777+0000] {processor.py:161} INFO - Started process (PID=2937) to work on /opt/airflow/dags/connect.py
[2025-11-09T16:13:22.779+0000] {processor.py:830} INFO - Processing file /opt/airflow/dags/connect.py for tasks to queue
[2025-11-09T16:13:22.782+0000] {logging_mixin.py:188} INFO - [2025-11-09T16:13:22.781+0000] {dagbag.py:545} INFO - Filling up the DagBag from /opt/airflow/dags/connect.py
[2025-11-09T16:13:22.795+0000] {logging_mixin.py:188} INFO - [2025-11-09T16:13:22.792+0000] {dagbag.py:355} ERROR - Failed to import: /opt/airflow/dags/connect.py
Traceback (most recent call last):
  File "/home/airflow/.local/lib/python3.12/site-packages/airflow/models/dagbag.py", line 351, in parse
    loader.exec_module(new_module)
  File "<frozen importlib._bootstrap_external>", line 991, in exec_module
  File "<frozen importlib._bootstrap_external>", line 1129, in get_code
  File "<frozen importlib._bootstrap_external>", line 1059, in source_to_code
  File "<frozen importlib._bootstrap>", line 488, in _call_with_frames_removed
  File "/opt/airflow/dags/connect.py", line 96
    def generate_report(**context):
SyntaxError: expected 'except' or 'finally' block
[2025-11-09T16:13:22.797+0000] {processor.py:842} WARNING - No viable dags retrieved from /opt/airflow/dags/connect.py
[2025-11-09T16:13:22.842+0000] {processor.py:183} INFO - Processing /opt/airflow/dags/connect.py took 0.080 seconds
[2025-11-09T16:13:53.078+0000] {processor.py:161} INFO - Started process (PID=2947) to work on /opt/airflow/dags/connect.py
[2025-11-09T16:13:53.081+0000] {processor.py:830} INFO - Processing file /opt/airflow/dags/connect.py for tasks to queue
[2025-11-09T16:13:53.084+0000] {logging_mixin.py:188} INFO - [2025-11-09T16:13:53.083+0000] {dagbag.py:545} INFO - Filling up the DagBag from /opt/airflow/dags/connect.py
[2025-11-09T16:13:53.108+0000] {logging_mixin.py:188} INFO - [2025-11-09T16:13:53.105+0000] {dagbag.py:355} ERROR - Failed to import: /opt/airflow/dags/connect.py
Traceback (most recent call last):
  File "/home/airflow/.local/lib/python3.12/site-packages/airflow/models/dagbag.py", line 351, in parse
    loader.exec_module(new_module)
  File "<frozen importlib._bootstrap_external>", line 991, in exec_module
  File "<frozen importlib._bootstrap_external>", line 1129, in get_code
  File "<frozen importlib._bootstrap_external>", line 1059, in source_to_code
  File "<frozen importlib._bootstrap>", line 488, in _call_with_frames_removed
  File "/opt/airflow/dags/connect.py", line 96
    def generate_report(**context):
SyntaxError: expected 'except' or 'finally' block
[2025-11-09T16:13:53.111+0000] {processor.py:842} WARNING - No viable dags retrieved from /opt/airflow/dags/connect.py
[2025-11-09T16:13:53.149+0000] {processor.py:183} INFO - Processing /opt/airflow/dags/connect.py took 0.092 seconds
[2025-11-09T16:14:23.399+0000] {processor.py:161} INFO - Started process (PID=2957) to work on /opt/airflow/dags/connect.py
[2025-11-09T16:14:23.400+0000] {processor.py:830} INFO - Processing file /opt/airflow/dags/connect.py for tasks to queue
[2025-11-09T16:14:23.403+0000] {logging_mixin.py:188} INFO - [2025-11-09T16:14:23.401+0000] {dagbag.py:545} INFO - Filling up the DagBag from /opt/airflow/dags/connect.py
[2025-11-09T16:14:23.415+0000] {logging_mixin.py:188} INFO - [2025-11-09T16:14:23.413+0000] {dagbag.py:355} ERROR - Failed to import: /opt/airflow/dags/connect.py
Traceback (most recent call last):
  File "/home/airflow/.local/lib/python3.12/site-packages/airflow/models/dagbag.py", line 351, in parse
    loader.exec_module(new_module)
  File "<frozen importlib._bootstrap_external>", line 991, in exec_module
  File "<frozen importlib._bootstrap_external>", line 1129, in get_code
  File "<frozen importlib._bootstrap_external>", line 1059, in source_to_code
  File "<frozen importlib._bootstrap>", line 488, in _call_with_frames_removed
  File "/opt/airflow/dags/connect.py", line 96
    def generate_report(**context):
SyntaxError: expected 'except' or 'finally' block
[2025-11-09T16:14:23.416+0000] {processor.py:842} WARNING - No viable dags retrieved from /opt/airflow/dags/connect.py
[2025-11-09T16:14:23.439+0000] {processor.py:183} INFO - Processing /opt/airflow/dags/connect.py took 0.050 seconds
[2025-11-09T16:14:53.694+0000] {processor.py:161} INFO - Started process (PID=2967) to work on /opt/airflow/dags/connect.py
[2025-11-09T16:14:53.696+0000] {processor.py:830} INFO - Processing file /opt/airflow/dags/connect.py for tasks to queue
[2025-11-09T16:14:53.697+0000] {logging_mixin.py:188} INFO - [2025-11-09T16:14:53.696+0000] {dagbag.py:545} INFO - Filling up the DagBag from /opt/airflow/dags/connect.py
[2025-11-09T16:14:53.706+0000] {logging_mixin.py:188} INFO - [2025-11-09T16:14:53.704+0000] {dagbag.py:355} ERROR - Failed to import: /opt/airflow/dags/connect.py
Traceback (most recent call last):
  File "/home/airflow/.local/lib/python3.12/site-packages/airflow/models/dagbag.py", line 351, in parse
    loader.exec_module(new_module)
  File "<frozen importlib._bootstrap_external>", line 991, in exec_module
  File "<frozen importlib._bootstrap_external>", line 1129, in get_code
  File "<frozen importlib._bootstrap_external>", line 1059, in source_to_code
  File "<frozen importlib._bootstrap>", line 488, in _call_with_frames_removed
  File "/opt/airflow/dags/connect.py", line 96
    def generate_report(**context):
SyntaxError: expected 'except' or 'finally' block
[2025-11-09T16:14:53.707+0000] {processor.py:842} WARNING - No viable dags retrieved from /opt/airflow/dags/connect.py
[2025-11-09T16:14:53.736+0000] {processor.py:183} INFO - Processing /opt/airflow/dags/connect.py took 0.051 seconds
[2025-11-09T16:15:24.030+0000] {processor.py:161} INFO - Started process (PID=2977) to work on /opt/airflow/dags/connect.py
[2025-11-09T16:15:24.033+0000] {processor.py:830} INFO - Processing file /opt/airflow/dags/connect.py for tasks to queue
[2025-11-09T16:15:24.038+0000] {logging_mixin.py:188} INFO - [2025-11-09T16:15:24.037+0000] {dagbag.py:545} INFO - Filling up the DagBag from /opt/airflow/dags/connect.py
[2025-11-09T16:15:24.055+0000] {logging_mixin.py:188} INFO - [2025-11-09T16:15:24.051+0000] {dagbag.py:355} ERROR - Failed to import: /opt/airflow/dags/connect.py
Traceback (most recent call last):
  File "/home/airflow/.local/lib/python3.12/site-packages/airflow/models/dagbag.py", line 351, in parse
    loader.exec_module(new_module)
  File "<frozen importlib._bootstrap_external>", line 991, in exec_module
  File "<frozen importlib._bootstrap_external>", line 1129, in get_code
  File "<frozen importlib._bootstrap_external>", line 1059, in source_to_code
  File "<frozen importlib._bootstrap>", line 488, in _call_with_frames_removed
  File "/opt/airflow/dags/connect.py", line 96
    def generate_report(**context):
SyntaxError: expected 'except' or 'finally' block
[2025-11-09T16:15:24.056+0000] {processor.py:842} WARNING - No viable dags retrieved from /opt/airflow/dags/connect.py
[2025-11-09T16:15:24.110+0000] {processor.py:183} INFO - Processing /opt/airflow/dags/connect.py took 0.097 seconds
[2025-11-09T16:15:54.356+0000] {processor.py:161} INFO - Started process (PID=2987) to work on /opt/airflow/dags/connect.py
[2025-11-09T16:15:54.358+0000] {processor.py:830} INFO - Processing file /opt/airflow/dags/connect.py for tasks to queue
[2025-11-09T16:15:54.360+0000] {logging_mixin.py:188} INFO - [2025-11-09T16:15:54.359+0000] {dagbag.py:545} INFO - Filling up the DagBag from /opt/airflow/dags/connect.py
[2025-11-09T16:15:54.373+0000] {logging_mixin.py:188} INFO - [2025-11-09T16:15:54.371+0000] {dagbag.py:355} ERROR - Failed to import: /opt/airflow/dags/connect.py
Traceback (most recent call last):
  File "/home/airflow/.local/lib/python3.12/site-packages/airflow/models/dagbag.py", line 351, in parse
    loader.exec_module(new_module)
  File "<frozen importlib._bootstrap_external>", line 991, in exec_module
  File "<frozen importlib._bootstrap_external>", line 1129, in get_code
  File "<frozen importlib._bootstrap_external>", line 1059, in source_to_code
  File "<frozen importlib._bootstrap>", line 488, in _call_with_frames_removed
  File "/opt/airflow/dags/connect.py", line 96
    def generate_report(**context):
SyntaxError: expected 'except' or 'finally' block
[2025-11-09T16:15:54.374+0000] {processor.py:842} WARNING - No viable dags retrieved from /opt/airflow/dags/connect.py
[2025-11-09T16:15:54.405+0000] {processor.py:183} INFO - Processing /opt/airflow/dags/connect.py took 0.055 seconds
[2025-11-09T16:16:24.654+0000] {processor.py:161} INFO - Started process (PID=2997) to work on /opt/airflow/dags/connect.py
[2025-11-09T16:16:24.657+0000] {processor.py:830} INFO - Processing file /opt/airflow/dags/connect.py for tasks to queue
[2025-11-09T16:16:24.661+0000] {logging_mixin.py:188} INFO - [2025-11-09T16:16:24.660+0000] {dagbag.py:545} INFO - Filling up the DagBag from /opt/airflow/dags/connect.py
[2025-11-09T16:16:24.680+0000] {logging_mixin.py:188} INFO - [2025-11-09T16:16:24.677+0000] {dagbag.py:355} ERROR - Failed to import: /opt/airflow/dags/connect.py
Traceback (most recent call last):
  File "/home/airflow/.local/lib/python3.12/site-packages/airflow/models/dagbag.py", line 351, in parse
    loader.exec_module(new_module)
  File "<frozen importlib._bootstrap_external>", line 991, in exec_module
  File "<frozen importlib._bootstrap_external>", line 1129, in get_code
  File "<frozen importlib._bootstrap_external>", line 1059, in source_to_code
  File "<frozen importlib._bootstrap>", line 488, in _call_with_frames_removed
  File "/opt/airflow/dags/connect.py", line 96
    def generate_report(**context):
SyntaxError: expected 'except' or 'finally' block
[2025-11-09T16:16:24.683+0000] {processor.py:842} WARNING - No viable dags retrieved from /opt/airflow/dags/connect.py
[2025-11-09T16:16:24.733+0000] {processor.py:183} INFO - Processing /opt/airflow/dags/connect.py took 0.098 seconds
[2025-11-09T16:16:55.009+0000] {processor.py:161} INFO - Started process (PID=3007) to work on /opt/airflow/dags/connect.py
[2025-11-09T16:16:55.013+0000] {processor.py:830} INFO - Processing file /opt/airflow/dags/connect.py for tasks to queue
[2025-11-09T16:16:55.016+0000] {logging_mixin.py:188} INFO - [2025-11-09T16:16:55.015+0000] {dagbag.py:545} INFO - Filling up the DagBag from /opt/airflow/dags/connect.py
[2025-11-09T16:16:55.042+0000] {logging_mixin.py:188} INFO - [2025-11-09T16:16:55.038+0000] {dagbag.py:355} ERROR - Failed to import: /opt/airflow/dags/connect.py
Traceback (most recent call last):
  File "/home/airflow/.local/lib/python3.12/site-packages/airflow/models/dagbag.py", line 351, in parse
    loader.exec_module(new_module)
  File "<frozen importlib._bootstrap_external>", line 991, in exec_module
  File "<frozen importlib._bootstrap_external>", line 1129, in get_code
  File "<frozen importlib._bootstrap_external>", line 1059, in source_to_code
  File "<frozen importlib._bootstrap>", line 488, in _call_with_frames_removed
  File "/opt/airflow/dags/connect.py", line 96
    def generate_report(**context):
SyntaxError: expected 'except' or 'finally' block
[2025-11-09T16:16:55.046+0000] {processor.py:842} WARNING - No viable dags retrieved from /opt/airflow/dags/connect.py
[2025-11-09T16:16:55.101+0000] {processor.py:183} INFO - Processing /opt/airflow/dags/connect.py took 0.111 seconds
[2025-11-09T16:17:25.328+0000] {processor.py:161} INFO - Started process (PID=3017) to work on /opt/airflow/dags/connect.py
[2025-11-09T16:17:25.329+0000] {processor.py:830} INFO - Processing file /opt/airflow/dags/connect.py for tasks to queue
[2025-11-09T16:17:25.334+0000] {logging_mixin.py:188} INFO - [2025-11-09T16:17:25.333+0000] {dagbag.py:545} INFO - Filling up the DagBag from /opt/airflow/dags/connect.py
[2025-11-09T16:17:25.343+0000] {logging_mixin.py:188} INFO - [2025-11-09T16:17:25.342+0000] {dagbag.py:355} ERROR - Failed to import: /opt/airflow/dags/connect.py
Traceback (most recent call last):
  File "/home/airflow/.local/lib/python3.12/site-packages/airflow/models/dagbag.py", line 351, in parse
    loader.exec_module(new_module)
  File "<frozen importlib._bootstrap_external>", line 991, in exec_module
  File "<frozen importlib._bootstrap_external>", line 1129, in get_code
  File "<frozen importlib._bootstrap_external>", line 1059, in source_to_code
  File "<frozen importlib._bootstrap>", line 488, in _call_with_frames_removed
  File "/opt/airflow/dags/connect.py", line 96
    def generate_report(**context):
SyntaxError: expected 'except' or 'finally' block
[2025-11-09T16:17:25.344+0000] {processor.py:842} WARNING - No viable dags retrieved from /opt/airflow/dags/connect.py
[2025-11-09T16:17:25.374+0000] {processor.py:183} INFO - Processing /opt/airflow/dags/connect.py took 0.052 seconds
[2025-11-09T16:17:55.638+0000] {processor.py:161} INFO - Started process (PID=3027) to work on /opt/airflow/dags/connect.py
[2025-11-09T16:17:55.640+0000] {processor.py:830} INFO - Processing file /opt/airflow/dags/connect.py for tasks to queue
[2025-11-09T16:17:55.643+0000] {logging_mixin.py:188} INFO - [2025-11-09T16:17:55.642+0000] {dagbag.py:545} INFO - Filling up the DagBag from /opt/airflow/dags/connect.py
[2025-11-09T16:17:55.661+0000] {logging_mixin.py:188} INFO - [2025-11-09T16:17:55.658+0000] {dagbag.py:355} ERROR - Failed to import: /opt/airflow/dags/connect.py
Traceback (most recent call last):
  File "/home/airflow/.local/lib/python3.12/site-packages/airflow/models/dagbag.py", line 351, in parse
    loader.exec_module(new_module)
  File "<frozen importlib._bootstrap_external>", line 991, in exec_module
  File "<frozen importlib._bootstrap_external>", line 1129, in get_code
  File "<frozen importlib._bootstrap_external>", line 1059, in source_to_code
  File "<frozen importlib._bootstrap>", line 488, in _call_with_frames_removed
  File "/opt/airflow/dags/connect.py", line 96
    def generate_report(**context):
SyntaxError: expected 'except' or 'finally' block
[2025-11-09T16:17:55.667+0000] {processor.py:842} WARNING - No viable dags retrieved from /opt/airflow/dags/connect.py
[2025-11-09T16:17:55.728+0000] {processor.py:183} INFO - Processing /opt/airflow/dags/connect.py took 0.107 seconds
[2025-11-09T16:18:26.002+0000] {processor.py:161} INFO - Started process (PID=3037) to work on /opt/airflow/dags/connect.py
[2025-11-09T16:18:26.005+0000] {processor.py:830} INFO - Processing file /opt/airflow/dags/connect.py for tasks to queue
[2025-11-09T16:18:26.009+0000] {logging_mixin.py:188} INFO - [2025-11-09T16:18:26.007+0000] {dagbag.py:545} INFO - Filling up the DagBag from /opt/airflow/dags/connect.py
[2025-11-09T16:18:26.029+0000] {logging_mixin.py:188} INFO - [2025-11-09T16:18:26.022+0000] {dagbag.py:355} ERROR - Failed to import: /opt/airflow/dags/connect.py
Traceback (most recent call last):
  File "/home/airflow/.local/lib/python3.12/site-packages/airflow/models/dagbag.py", line 351, in parse
    loader.exec_module(new_module)
  File "<frozen importlib._bootstrap_external>", line 991, in exec_module
  File "<frozen importlib._bootstrap_external>", line 1129, in get_code
  File "<frozen importlib._bootstrap_external>", line 1059, in source_to_code
  File "<frozen importlib._bootstrap>", line 488, in _call_with_frames_removed
  File "/opt/airflow/dags/connect.py", line 96
    def generate_report(**context):
SyntaxError: expected 'except' or 'finally' block
[2025-11-09T16:18:26.032+0000] {processor.py:842} WARNING - No viable dags retrieved from /opt/airflow/dags/connect.py
[2025-11-09T16:18:26.096+0000] {processor.py:183} INFO - Processing /opt/airflow/dags/connect.py took 0.111 seconds
[2025-11-09T16:18:56.338+0000] {processor.py:161} INFO - Started process (PID=3047) to work on /opt/airflow/dags/connect.py
[2025-11-09T16:18:56.341+0000] {processor.py:830} INFO - Processing file /opt/airflow/dags/connect.py for tasks to queue
[2025-11-09T16:18:56.344+0000] {logging_mixin.py:188} INFO - [2025-11-09T16:18:56.343+0000] {dagbag.py:545} INFO - Filling up the DagBag from /opt/airflow/dags/connect.py
[2025-11-09T16:18:56.350+0000] {logging_mixin.py:188} INFO - [2025-11-09T16:18:56.349+0000] {dagbag.py:355} ERROR - Failed to import: /opt/airflow/dags/connect.py
Traceback (most recent call last):
  File "/home/airflow/.local/lib/python3.12/site-packages/airflow/models/dagbag.py", line 351, in parse
    loader.exec_module(new_module)
  File "<frozen importlib._bootstrap_external>", line 991, in exec_module
  File "<frozen importlib._bootstrap_external>", line 1129, in get_code
  File "<frozen importlib._bootstrap_external>", line 1059, in source_to_code
  File "<frozen importlib._bootstrap>", line 488, in _call_with_frames_removed
  File "/opt/airflow/dags/connect.py", line 96
    def generate_report(**context):
SyntaxError: expected 'except' or 'finally' block
[2025-11-09T16:18:56.351+0000] {processor.py:842} WARNING - No viable dags retrieved from /opt/airflow/dags/connect.py
[2025-11-09T16:18:56.445+0000] {processor.py:183} INFO - Processing /opt/airflow/dags/connect.py took 0.116 seconds
[2025-11-09T16:19:26.728+0000] {processor.py:161} INFO - Started process (PID=3057) to work on /opt/airflow/dags/connect.py
[2025-11-09T16:19:26.730+0000] {processor.py:830} INFO - Processing file /opt/airflow/dags/connect.py for tasks to queue
[2025-11-09T16:19:26.737+0000] {logging_mixin.py:188} INFO - [2025-11-09T16:19:26.736+0000] {dagbag.py:545} INFO - Filling up the DagBag from /opt/airflow/dags/connect.py
[2025-11-09T16:19:26.765+0000] {logging_mixin.py:188} INFO - [2025-11-09T16:19:26.759+0000] {dagbag.py:355} ERROR - Failed to import: /opt/airflow/dags/connect.py
Traceback (most recent call last):
  File "/home/airflow/.local/lib/python3.12/site-packages/airflow/models/dagbag.py", line 351, in parse
    loader.exec_module(new_module)
  File "<frozen importlib._bootstrap_external>", line 991, in exec_module
  File "<frozen importlib._bootstrap_external>", line 1129, in get_code
  File "<frozen importlib._bootstrap_external>", line 1059, in source_to_code
  File "<frozen importlib._bootstrap>", line 488, in _call_with_frames_removed
  File "/opt/airflow/dags/connect.py", line 96
    def generate_report(**context):
SyntaxError: expected 'except' or 'finally' block
[2025-11-09T16:19:26.781+0000] {processor.py:842} WARNING - No viable dags retrieved from /opt/airflow/dags/connect.py
[2025-11-09T16:19:26.888+0000] {processor.py:183} INFO - Processing /opt/airflow/dags/connect.py took 0.176 seconds
[2025-11-09T16:19:57.292+0000] {processor.py:161} INFO - Started process (PID=3067) to work on /opt/airflow/dags/connect.py
[2025-11-09T16:19:57.295+0000] {processor.py:830} INFO - Processing file /opt/airflow/dags/connect.py for tasks to queue
[2025-11-09T16:19:57.302+0000] {logging_mixin.py:188} INFO - [2025-11-09T16:19:57.300+0000] {dagbag.py:545} INFO - Filling up the DagBag from /opt/airflow/dags/connect.py
[2025-11-09T16:19:57.324+0000] {logging_mixin.py:188} INFO - [2025-11-09T16:19:57.321+0000] {dagbag.py:355} ERROR - Failed to import: /opt/airflow/dags/connect.py
Traceback (most recent call last):
  File "/home/airflow/.local/lib/python3.12/site-packages/airflow/models/dagbag.py", line 351, in parse
    loader.exec_module(new_module)
  File "<frozen importlib._bootstrap_external>", line 991, in exec_module
  File "<frozen importlib._bootstrap_external>", line 1129, in get_code
  File "<frozen importlib._bootstrap_external>", line 1059, in source_to_code
  File "<frozen importlib._bootstrap>", line 488, in _call_with_frames_removed
  File "/opt/airflow/dags/connect.py", line 96
    def generate_report(**context):
SyntaxError: expected 'except' or 'finally' block
[2025-11-09T16:19:57.326+0000] {processor.py:842} WARNING - No viable dags retrieved from /opt/airflow/dags/connect.py
[2025-11-09T16:19:57.364+0000] {processor.py:183} INFO - Processing /opt/airflow/dags/connect.py took 0.092 seconds
[2025-11-09T16:20:27.568+0000] {processor.py:161} INFO - Started process (PID=3077) to work on /opt/airflow/dags/connect.py
[2025-11-09T16:20:27.569+0000] {processor.py:830} INFO - Processing file /opt/airflow/dags/connect.py for tasks to queue
[2025-11-09T16:20:27.572+0000] {logging_mixin.py:188} INFO - [2025-11-09T16:20:27.571+0000] {dagbag.py:545} INFO - Filling up the DagBag from /opt/airflow/dags/connect.py
[2025-11-09T16:20:27.583+0000] {logging_mixin.py:188} INFO - [2025-11-09T16:20:27.582+0000] {dagbag.py:355} ERROR - Failed to import: /opt/airflow/dags/connect.py
Traceback (most recent call last):
  File "/home/airflow/.local/lib/python3.12/site-packages/airflow/models/dagbag.py", line 351, in parse
    loader.exec_module(new_module)
  File "<frozen importlib._bootstrap_external>", line 991, in exec_module
  File "<frozen importlib._bootstrap_external>", line 1129, in get_code
  File "<frozen importlib._bootstrap_external>", line 1059, in source_to_code
  File "<frozen importlib._bootstrap>", line 488, in _call_with_frames_removed
  File "/opt/airflow/dags/connect.py", line 96
    def generate_report(**context):
SyntaxError: expected 'except' or 'finally' block
[2025-11-09T16:20:27.584+0000] {processor.py:842} WARNING - No viable dags retrieved from /opt/airflow/dags/connect.py
[2025-11-09T16:20:27.617+0000] {processor.py:183} INFO - Processing /opt/airflow/dags/connect.py took 0.060 seconds
[2025-11-09T16:20:57.971+0000] {processor.py:161} INFO - Started process (PID=3087) to work on /opt/airflow/dags/connect.py
[2025-11-09T16:20:57.974+0000] {processor.py:830} INFO - Processing file /opt/airflow/dags/connect.py for tasks to queue
[2025-11-09T16:20:57.978+0000] {logging_mixin.py:188} INFO - [2025-11-09T16:20:57.977+0000] {dagbag.py:545} INFO - Filling up the DagBag from /opt/airflow/dags/connect.py
[2025-11-09T16:20:57.996+0000] {logging_mixin.py:188} INFO - [2025-11-09T16:20:57.992+0000] {dagbag.py:355} ERROR - Failed to import: /opt/airflow/dags/connect.py
Traceback (most recent call last):
  File "/home/airflow/.local/lib/python3.12/site-packages/airflow/models/dagbag.py", line 351, in parse
    loader.exec_module(new_module)
  File "<frozen importlib._bootstrap_external>", line 991, in exec_module
  File "<frozen importlib._bootstrap_external>", line 1129, in get_code
  File "<frozen importlib._bootstrap_external>", line 1059, in source_to_code
  File "<frozen importlib._bootstrap>", line 488, in _call_with_frames_removed
  File "/opt/airflow/dags/connect.py", line 96
    def generate_report(**context):
SyntaxError: expected 'except' or 'finally' block
[2025-11-09T16:20:57.998+0000] {processor.py:842} WARNING - No viable dags retrieved from /opt/airflow/dags/connect.py
[2025-11-09T16:20:58.052+0000] {processor.py:183} INFO - Processing /opt/airflow/dags/connect.py took 0.101 seconds
[2025-11-09T16:21:28.379+0000] {processor.py:161} INFO - Started process (PID=3097) to work on /opt/airflow/dags/connect.py
[2025-11-09T16:21:28.381+0000] {processor.py:830} INFO - Processing file /opt/airflow/dags/connect.py for tasks to queue
[2025-11-09T16:21:28.387+0000] {logging_mixin.py:188} INFO - [2025-11-09T16:21:28.385+0000] {dagbag.py:545} INFO - Filling up the DagBag from /opt/airflow/dags/connect.py
[2025-11-09T16:21:28.411+0000] {logging_mixin.py:188} INFO - [2025-11-09T16:21:28.407+0000] {dagbag.py:355} ERROR - Failed to import: /opt/airflow/dags/connect.py
Traceback (most recent call last):
  File "/home/airflow/.local/lib/python3.12/site-packages/airflow/models/dagbag.py", line 351, in parse
    loader.exec_module(new_module)
  File "<frozen importlib._bootstrap_external>", line 991, in exec_module
  File "<frozen importlib._bootstrap_external>", line 1129, in get_code
  File "<frozen importlib._bootstrap_external>", line 1059, in source_to_code
  File "<frozen importlib._bootstrap>", line 488, in _call_with_frames_removed
  File "/opt/airflow/dags/connect.py", line 96
    def generate_report(**context):
SyntaxError: expected 'except' or 'finally' block
[2025-11-09T16:21:28.415+0000] {processor.py:842} WARNING - No viable dags retrieved from /opt/airflow/dags/connect.py
[2025-11-09T16:21:28.465+0000] {processor.py:183} INFO - Processing /opt/airflow/dags/connect.py took 0.104 seconds
[2025-11-09T16:21:58.759+0000] {processor.py:161} INFO - Started process (PID=3107) to work on /opt/airflow/dags/connect.py
[2025-11-09T16:21:58.760+0000] {processor.py:830} INFO - Processing file /opt/airflow/dags/connect.py for tasks to queue
[2025-11-09T16:21:58.762+0000] {logging_mixin.py:188} INFO - [2025-11-09T16:21:58.761+0000] {dagbag.py:545} INFO - Filling up the DagBag from /opt/airflow/dags/connect.py
[2025-11-09T16:21:58.778+0000] {logging_mixin.py:188} INFO - [2025-11-09T16:21:58.776+0000] {dagbag.py:355} ERROR - Failed to import: /opt/airflow/dags/connect.py
Traceback (most recent call last):
  File "/home/airflow/.local/lib/python3.12/site-packages/airflow/models/dagbag.py", line 351, in parse
    loader.exec_module(new_module)
  File "<frozen importlib._bootstrap_external>", line 991, in exec_module
  File "<frozen importlib._bootstrap_external>", line 1129, in get_code
  File "<frozen importlib._bootstrap_external>", line 1059, in source_to_code
  File "<frozen importlib._bootstrap>", line 488, in _call_with_frames_removed
  File "/opt/airflow/dags/connect.py", line 96
    def generate_report(**context):
SyntaxError: expected 'except' or 'finally' block
[2025-11-09T16:21:58.779+0000] {processor.py:842} WARNING - No viable dags retrieved from /opt/airflow/dags/connect.py
[2025-11-09T16:21:58.822+0000] {processor.py:183} INFO - Processing /opt/airflow/dags/connect.py took 0.076 seconds
[2025-11-09T16:22:29.144+0000] {processor.py:161} INFO - Started process (PID=3117) to work on /opt/airflow/dags/connect.py
[2025-11-09T16:22:29.147+0000] {processor.py:830} INFO - Processing file /opt/airflow/dags/connect.py for tasks to queue
[2025-11-09T16:22:29.149+0000] {logging_mixin.py:188} INFO - [2025-11-09T16:22:29.148+0000] {dagbag.py:545} INFO - Filling up the DagBag from /opt/airflow/dags/connect.py
[2025-11-09T16:22:29.154+0000] {logging_mixin.py:188} INFO - [2025-11-09T16:22:29.153+0000] {dagbag.py:355} ERROR - Failed to import: /opt/airflow/dags/connect.py
Traceback (most recent call last):
  File "/home/airflow/.local/lib/python3.12/site-packages/airflow/models/dagbag.py", line 351, in parse
    loader.exec_module(new_module)
  File "<frozen importlib._bootstrap_external>", line 991, in exec_module
  File "<frozen importlib._bootstrap_external>", line 1129, in get_code
  File "<frozen importlib._bootstrap_external>", line 1059, in source_to_code
  File "<frozen importlib._bootstrap>", line 488, in _call_with_frames_removed
  File "/opt/airflow/dags/connect.py", line 96
    def generate_report(**context):
SyntaxError: expected 'except' or 'finally' block
[2025-11-09T16:22:29.155+0000] {processor.py:842} WARNING - No viable dags retrieved from /opt/airflow/dags/connect.py
[2025-11-09T16:22:29.188+0000] {processor.py:183} INFO - Processing /opt/airflow/dags/connect.py took 0.053 seconds
[2025-11-09T16:22:59.529+0000] {processor.py:161} INFO - Started process (PID=3127) to work on /opt/airflow/dags/connect.py
[2025-11-09T16:22:59.531+0000] {processor.py:830} INFO - Processing file /opt/airflow/dags/connect.py for tasks to queue
[2025-11-09T16:22:59.534+0000] {logging_mixin.py:188} INFO - [2025-11-09T16:22:59.533+0000] {dagbag.py:545} INFO - Filling up the DagBag from /opt/airflow/dags/connect.py
[2025-11-09T16:22:59.551+0000] {logging_mixin.py:188} INFO - [2025-11-09T16:22:59.549+0000] {dagbag.py:355} ERROR - Failed to import: /opt/airflow/dags/connect.py
Traceback (most recent call last):
  File "/home/airflow/.local/lib/python3.12/site-packages/airflow/models/dagbag.py", line 351, in parse
    loader.exec_module(new_module)
  File "<frozen importlib._bootstrap_external>", line 991, in exec_module
  File "<frozen importlib._bootstrap_external>", line 1129, in get_code
  File "<frozen importlib._bootstrap_external>", line 1059, in source_to_code
  File "<frozen importlib._bootstrap>", line 488, in _call_with_frames_removed
  File "/opt/airflow/dags/connect.py", line 96
    def generate_report(**context):
SyntaxError: expected 'except' or 'finally' block
[2025-11-09T16:22:59.552+0000] {processor.py:842} WARNING - No viable dags retrieved from /opt/airflow/dags/connect.py
[2025-11-09T16:22:59.600+0000] {processor.py:183} INFO - Processing /opt/airflow/dags/connect.py took 0.096 seconds
[2025-11-09T16:23:29.983+0000] {processor.py:161} INFO - Started process (PID=3137) to work on /opt/airflow/dags/connect.py
[2025-11-09T16:23:29.985+0000] {processor.py:830} INFO - Processing file /opt/airflow/dags/connect.py for tasks to queue
[2025-11-09T16:23:29.990+0000] {logging_mixin.py:188} INFO - [2025-11-09T16:23:29.988+0000] {dagbag.py:545} INFO - Filling up the DagBag from /opt/airflow/dags/connect.py
[2025-11-09T16:23:29.998+0000] {logging_mixin.py:188} INFO - [2025-11-09T16:23:29.997+0000] {dagbag.py:355} ERROR - Failed to import: /opt/airflow/dags/connect.py
Traceback (most recent call last):
  File "/home/airflow/.local/lib/python3.12/site-packages/airflow/models/dagbag.py", line 351, in parse
    loader.exec_module(new_module)
  File "<frozen importlib._bootstrap_external>", line 991, in exec_module
  File "<frozen importlib._bootstrap_external>", line 1129, in get_code
  File "<frozen importlib._bootstrap_external>", line 1059, in source_to_code
  File "<frozen importlib._bootstrap>", line 488, in _call_with_frames_removed
  File "/opt/airflow/dags/connect.py", line 96
    def generate_report(**context):
SyntaxError: expected 'except' or 'finally' block
[2025-11-09T16:23:29.999+0000] {processor.py:842} WARNING - No viable dags retrieved from /opt/airflow/dags/connect.py
[2025-11-09T16:23:30.042+0000] {processor.py:183} INFO - Processing /opt/airflow/dags/connect.py took 0.072 seconds
[2025-11-09T16:24:00.300+0000] {processor.py:161} INFO - Started process (PID=3147) to work on /opt/airflow/dags/connect.py
[2025-11-09T16:24:00.301+0000] {processor.py:830} INFO - Processing file /opt/airflow/dags/connect.py for tasks to queue
[2025-11-09T16:24:00.303+0000] {logging_mixin.py:188} INFO - [2025-11-09T16:24:00.303+0000] {dagbag.py:545} INFO - Filling up the DagBag from /opt/airflow/dags/connect.py
[2025-11-09T16:24:00.316+0000] {logging_mixin.py:188} INFO - [2025-11-09T16:24:00.313+0000] {dagbag.py:355} ERROR - Failed to import: /opt/airflow/dags/connect.py
Traceback (most recent call last):
  File "/home/airflow/.local/lib/python3.12/site-packages/airflow/models/dagbag.py", line 351, in parse
    loader.exec_module(new_module)
  File "<frozen importlib._bootstrap_external>", line 991, in exec_module
  File "<frozen importlib._bootstrap_external>", line 1129, in get_code
  File "<frozen importlib._bootstrap_external>", line 1059, in source_to_code
  File "<frozen importlib._bootstrap>", line 488, in _call_with_frames_removed
  File "/opt/airflow/dags/connect.py", line 96
    def generate_report(**context):
SyntaxError: expected 'except' or 'finally' block
[2025-11-09T16:24:00.318+0000] {processor.py:842} WARNING - No viable dags retrieved from /opt/airflow/dags/connect.py
[2025-11-09T16:24:00.372+0000] {processor.py:183} INFO - Processing /opt/airflow/dags/connect.py took 0.084 seconds
[2025-11-09T16:24:30.668+0000] {processor.py:161} INFO - Started process (PID=3157) to work on /opt/airflow/dags/connect.py
[2025-11-09T16:24:30.669+0000] {processor.py:830} INFO - Processing file /opt/airflow/dags/connect.py for tasks to queue
[2025-11-09T16:24:30.671+0000] {logging_mixin.py:188} INFO - [2025-11-09T16:24:30.670+0000] {dagbag.py:545} INFO - Filling up the DagBag from /opt/airflow/dags/connect.py
[2025-11-09T16:24:30.680+0000] {logging_mixin.py:188} INFO - [2025-11-09T16:24:30.677+0000] {dagbag.py:355} ERROR - Failed to import: /opt/airflow/dags/connect.py
Traceback (most recent call last):
  File "/home/airflow/.local/lib/python3.12/site-packages/airflow/models/dagbag.py", line 351, in parse
    loader.exec_module(new_module)
  File "<frozen importlib._bootstrap_external>", line 991, in exec_module
  File "<frozen importlib._bootstrap_external>", line 1129, in get_code
  File "<frozen importlib._bootstrap_external>", line 1059, in source_to_code
  File "<frozen importlib._bootstrap>", line 488, in _call_with_frames_removed
  File "/opt/airflow/dags/connect.py", line 96
    def generate_report(**context):
SyntaxError: expected 'except' or 'finally' block
[2025-11-09T16:24:30.682+0000] {processor.py:842} WARNING - No viable dags retrieved from /opt/airflow/dags/connect.py
[2025-11-09T16:24:30.706+0000] {processor.py:183} INFO - Processing /opt/airflow/dags/connect.py took 0.051 seconds
[2025-11-09T16:25:00.982+0000] {processor.py:161} INFO - Started process (PID=3167) to work on /opt/airflow/dags/connect.py
[2025-11-09T16:25:00.983+0000] {processor.py:830} INFO - Processing file /opt/airflow/dags/connect.py for tasks to queue
[2025-11-09T16:25:00.984+0000] {logging_mixin.py:188} INFO - [2025-11-09T16:25:00.984+0000] {dagbag.py:545} INFO - Filling up the DagBag from /opt/airflow/dags/connect.py
[2025-11-09T16:25:01.008+0000] {logging_mixin.py:188} INFO - [2025-11-09T16:25:01.005+0000] {dagbag.py:355} ERROR - Failed to import: /opt/airflow/dags/connect.py
Traceback (most recent call last):
  File "/home/airflow/.local/lib/python3.12/site-packages/airflow/models/dagbag.py", line 351, in parse
    loader.exec_module(new_module)
  File "<frozen importlib._bootstrap_external>", line 991, in exec_module
  File "<frozen importlib._bootstrap_external>", line 1129, in get_code
  File "<frozen importlib._bootstrap_external>", line 1059, in source_to_code
  File "<frozen importlib._bootstrap>", line 488, in _call_with_frames_removed
  File "/opt/airflow/dags/connect.py", line 96
    def generate_report(**context):
SyntaxError: expected 'except' or 'finally' block
[2025-11-09T16:25:01.010+0000] {processor.py:842} WARNING - No viable dags retrieved from /opt/airflow/dags/connect.py
[2025-11-09T16:25:01.045+0000] {processor.py:183} INFO - Processing /opt/airflow/dags/connect.py took 0.081 seconds
[2025-11-09T16:25:31.338+0000] {processor.py:161} INFO - Started process (PID=3177) to work on /opt/airflow/dags/connect.py
[2025-11-09T16:25:31.341+0000] {processor.py:830} INFO - Processing file /opt/airflow/dags/connect.py for tasks to queue
[2025-11-09T16:25:31.343+0000] {logging_mixin.py:188} INFO - [2025-11-09T16:25:31.342+0000] {dagbag.py:545} INFO - Filling up the DagBag from /opt/airflow/dags/connect.py
[2025-11-09T16:25:31.353+0000] {logging_mixin.py:188} INFO - [2025-11-09T16:25:31.351+0000] {dagbag.py:355} ERROR - Failed to import: /opt/airflow/dags/connect.py
Traceback (most recent call last):
  File "/home/airflow/.local/lib/python3.12/site-packages/airflow/models/dagbag.py", line 351, in parse
    loader.exec_module(new_module)
  File "<frozen importlib._bootstrap_external>", line 991, in exec_module
  File "<frozen importlib._bootstrap_external>", line 1129, in get_code
  File "<frozen importlib._bootstrap_external>", line 1059, in source_to_code
  File "<frozen importlib._bootstrap>", line 488, in _call_with_frames_removed
  File "/opt/airflow/dags/connect.py", line 96
    def generate_report(**context):
SyntaxError: expected 'except' or 'finally' block
[2025-11-09T16:25:31.355+0000] {processor.py:842} WARNING - No viable dags retrieved from /opt/airflow/dags/connect.py
[2025-11-09T16:25:31.383+0000] {processor.py:183} INFO - Processing /opt/airflow/dags/connect.py took 0.056 seconds
[2025-11-09T16:26:01.724+0000] {processor.py:161} INFO - Started process (PID=3187) to work on /opt/airflow/dags/connect.py
[2025-11-09T16:26:01.726+0000] {processor.py:830} INFO - Processing file /opt/airflow/dags/connect.py for tasks to queue
[2025-11-09T16:26:01.729+0000] {logging_mixin.py:188} INFO - [2025-11-09T16:26:01.728+0000] {dagbag.py:545} INFO - Filling up the DagBag from /opt/airflow/dags/connect.py
[2025-11-09T16:26:01.747+0000] {logging_mixin.py:188} INFO - [2025-11-09T16:26:01.742+0000] {dagbag.py:355} ERROR - Failed to import: /opt/airflow/dags/connect.py
Traceback (most recent call last):
  File "/home/airflow/.local/lib/python3.12/site-packages/airflow/models/dagbag.py", line 351, in parse
    loader.exec_module(new_module)
  File "<frozen importlib._bootstrap_external>", line 991, in exec_module
  File "<frozen importlib._bootstrap_external>", line 1129, in get_code
  File "<frozen importlib._bootstrap_external>", line 1059, in source_to_code
  File "<frozen importlib._bootstrap>", line 488, in _call_with_frames_removed
  File "/opt/airflow/dags/connect.py", line 96
    def generate_report(**context):
SyntaxError: expected 'except' or 'finally' block
[2025-11-09T16:26:01.750+0000] {processor.py:842} WARNING - No viable dags retrieved from /opt/airflow/dags/connect.py
[2025-11-09T16:26:01.816+0000] {processor.py:183} INFO - Processing /opt/airflow/dags/connect.py took 0.113 seconds
[2025-11-09T16:26:32.094+0000] {processor.py:161} INFO - Started process (PID=3197) to work on /opt/airflow/dags/connect.py
[2025-11-09T16:26:32.098+0000] {processor.py:830} INFO - Processing file /opt/airflow/dags/connect.py for tasks to queue
[2025-11-09T16:26:32.101+0000] {logging_mixin.py:188} INFO - [2025-11-09T16:26:32.100+0000] {dagbag.py:545} INFO - Filling up the DagBag from /opt/airflow/dags/connect.py
[2025-11-09T16:26:32.110+0000] {logging_mixin.py:188} INFO - [2025-11-09T16:26:32.108+0000] {dagbag.py:355} ERROR - Failed to import: /opt/airflow/dags/connect.py
Traceback (most recent call last):
  File "/home/airflow/.local/lib/python3.12/site-packages/airflow/models/dagbag.py", line 351, in parse
    loader.exec_module(new_module)
  File "<frozen importlib._bootstrap_external>", line 991, in exec_module
  File "<frozen importlib._bootstrap_external>", line 1129, in get_code
  File "<frozen importlib._bootstrap_external>", line 1059, in source_to_code
  File "<frozen importlib._bootstrap>", line 488, in _call_with_frames_removed
  File "/opt/airflow/dags/connect.py", line 96
    def generate_report(**context):
SyntaxError: expected 'except' or 'finally' block
[2025-11-09T16:26:32.114+0000] {processor.py:842} WARNING - No viable dags retrieved from /opt/airflow/dags/connect.py
[2025-11-09T16:26:32.147+0000] {processor.py:183} INFO - Processing /opt/airflow/dags/connect.py took 0.062 seconds
[2025-11-09T16:27:02.403+0000] {processor.py:161} INFO - Started process (PID=3207) to work on /opt/airflow/dags/connect.py
[2025-11-09T16:27:02.406+0000] {processor.py:830} INFO - Processing file /opt/airflow/dags/connect.py for tasks to queue
[2025-11-09T16:27:02.408+0000] {logging_mixin.py:188} INFO - [2025-11-09T16:27:02.407+0000] {dagbag.py:545} INFO - Filling up the DagBag from /opt/airflow/dags/connect.py
[2025-11-09T16:27:02.422+0000] {logging_mixin.py:188} INFO - [2025-11-09T16:27:02.420+0000] {dagbag.py:355} ERROR - Failed to import: /opt/airflow/dags/connect.py
Traceback (most recent call last):
  File "/home/airflow/.local/lib/python3.12/site-packages/airflow/models/dagbag.py", line 351, in parse
    loader.exec_module(new_module)
  File "<frozen importlib._bootstrap_external>", line 991, in exec_module
  File "<frozen importlib._bootstrap_external>", line 1129, in get_code
  File "<frozen importlib._bootstrap_external>", line 1059, in source_to_code
  File "<frozen importlib._bootstrap>", line 488, in _call_with_frames_removed
  File "/opt/airflow/dags/connect.py", line 96
    def generate_report(**context):
SyntaxError: expected 'except' or 'finally' block
[2025-11-09T16:27:02.425+0000] {processor.py:842} WARNING - No viable dags retrieved from /opt/airflow/dags/connect.py
[2025-11-09T16:27:02.454+0000] {processor.py:183} INFO - Processing /opt/airflow/dags/connect.py took 0.060 seconds
[2025-11-09T16:27:32.781+0000] {processor.py:161} INFO - Started process (PID=3217) to work on /opt/airflow/dags/connect.py
[2025-11-09T16:27:32.783+0000] {processor.py:830} INFO - Processing file /opt/airflow/dags/connect.py for tasks to queue
[2025-11-09T16:27:32.789+0000] {logging_mixin.py:188} INFO - [2025-11-09T16:27:32.787+0000] {dagbag.py:545} INFO - Filling up the DagBag from /opt/airflow/dags/connect.py
[2025-11-09T16:27:32.803+0000] {logging_mixin.py:188} INFO - [2025-11-09T16:27:32.800+0000] {dagbag.py:355} ERROR - Failed to import: /opt/airflow/dags/connect.py
Traceback (most recent call last):
  File "/home/airflow/.local/lib/python3.12/site-packages/airflow/models/dagbag.py", line 351, in parse
    loader.exec_module(new_module)
  File "<frozen importlib._bootstrap_external>", line 991, in exec_module
  File "<frozen importlib._bootstrap_external>", line 1129, in get_code
  File "<frozen importlib._bootstrap_external>", line 1059, in source_to_code
  File "<frozen importlib._bootstrap>", line 488, in _call_with_frames_removed
  File "/opt/airflow/dags/connect.py", line 96
    def generate_report(**context):
SyntaxError: expected 'except' or 'finally' block
[2025-11-09T16:27:32.805+0000] {processor.py:842} WARNING - No viable dags retrieved from /opt/airflow/dags/connect.py
[2025-11-09T16:27:32.860+0000] {processor.py:183} INFO - Processing /opt/airflow/dags/connect.py took 0.098 seconds
[2025-11-09T16:28:03.211+0000] {processor.py:161} INFO - Started process (PID=3227) to work on /opt/airflow/dags/connect.py
[2025-11-09T16:28:03.212+0000] {processor.py:830} INFO - Processing file /opt/airflow/dags/connect.py for tasks to queue
[2025-11-09T16:28:03.213+0000] {logging_mixin.py:188} INFO - [2025-11-09T16:28:03.213+0000] {dagbag.py:545} INFO - Filling up the DagBag from /opt/airflow/dags/connect.py
[2025-11-09T16:28:03.227+0000] {logging_mixin.py:188} INFO - [2025-11-09T16:28:03.225+0000] {dagbag.py:355} ERROR - Failed to import: /opt/airflow/dags/connect.py
Traceback (most recent call last):
  File "/home/airflow/.local/lib/python3.12/site-packages/airflow/models/dagbag.py", line 351, in parse
    loader.exec_module(new_module)
  File "<frozen importlib._bootstrap_external>", line 991, in exec_module
  File "<frozen importlib._bootstrap_external>", line 1129, in get_code
  File "<frozen importlib._bootstrap_external>", line 1059, in source_to_code
  File "<frozen importlib._bootstrap>", line 488, in _call_with_frames_removed
  File "/opt/airflow/dags/connect.py", line 96
    def generate_report(**context):
SyntaxError: expected 'except' or 'finally' block
[2025-11-09T16:28:03.227+0000] {processor.py:842} WARNING - No viable dags retrieved from /opt/airflow/dags/connect.py
[2025-11-09T16:28:03.272+0000] {processor.py:183} INFO - Processing /opt/airflow/dags/connect.py took 0.071 seconds
[2025-11-09T16:28:33.532+0000] {processor.py:161} INFO - Started process (PID=3237) to work on /opt/airflow/dags/connect.py
[2025-11-09T16:28:33.535+0000] {processor.py:830} INFO - Processing file /opt/airflow/dags/connect.py for tasks to queue
[2025-11-09T16:28:33.537+0000] {logging_mixin.py:188} INFO - [2025-11-09T16:28:33.536+0000] {dagbag.py:545} INFO - Filling up the DagBag from /opt/airflow/dags/connect.py
[2025-11-09T16:28:33.544+0000] {logging_mixin.py:188} INFO - [2025-11-09T16:28:33.542+0000] {dagbag.py:355} ERROR - Failed to import: /opt/airflow/dags/connect.py
Traceback (most recent call last):
  File "/home/airflow/.local/lib/python3.12/site-packages/airflow/models/dagbag.py", line 351, in parse
    loader.exec_module(new_module)
  File "<frozen importlib._bootstrap_external>", line 991, in exec_module
  File "<frozen importlib._bootstrap_external>", line 1129, in get_code
  File "<frozen importlib._bootstrap_external>", line 1059, in source_to_code
  File "<frozen importlib._bootstrap>", line 488, in _call_with_frames_removed
  File "/opt/airflow/dags/connect.py", line 96
    def generate_report(**context):
SyntaxError: expected 'except' or 'finally' block
[2025-11-09T16:28:33.550+0000] {processor.py:842} WARNING - No viable dags retrieved from /opt/airflow/dags/connect.py
[2025-11-09T16:28:33.583+0000] {processor.py:183} INFO - Processing /opt/airflow/dags/connect.py took 0.061 seconds
[2025-11-09T16:29:03.940+0000] {processor.py:161} INFO - Started process (PID=3247) to work on /opt/airflow/dags/connect.py
[2025-11-09T16:29:03.943+0000] {processor.py:830} INFO - Processing file /opt/airflow/dags/connect.py for tasks to queue
[2025-11-09T16:29:03.949+0000] {logging_mixin.py:188} INFO - [2025-11-09T16:29:03.947+0000] {dagbag.py:545} INFO - Filling up the DagBag from /opt/airflow/dags/connect.py
[2025-11-09T16:29:03.965+0000] {logging_mixin.py:188} INFO - [2025-11-09T16:29:03.963+0000] {dagbag.py:355} ERROR - Failed to import: /opt/airflow/dags/connect.py
Traceback (most recent call last):
  File "/home/airflow/.local/lib/python3.12/site-packages/airflow/models/dagbag.py", line 351, in parse
    loader.exec_module(new_module)
  File "<frozen importlib._bootstrap_external>", line 991, in exec_module
  File "<frozen importlib._bootstrap_external>", line 1129, in get_code
  File "<frozen importlib._bootstrap_external>", line 1059, in source_to_code
  File "<frozen importlib._bootstrap>", line 488, in _call_with_frames_removed
  File "/opt/airflow/dags/connect.py", line 96
    def generate_report(**context):
SyntaxError: expected 'except' or 'finally' block
[2025-11-09T16:29:03.966+0000] {processor.py:842} WARNING - No viable dags retrieved from /opt/airflow/dags/connect.py
[2025-11-09T16:29:04.031+0000] {processor.py:183} INFO - Processing /opt/airflow/dags/connect.py took 0.107 seconds
[2025-11-09T16:29:34.426+0000] {processor.py:161} INFO - Started process (PID=3257) to work on /opt/airflow/dags/connect.py
[2025-11-09T16:29:34.427+0000] {processor.py:830} INFO - Processing file /opt/airflow/dags/connect.py for tasks to queue
[2025-11-09T16:29:34.429+0000] {logging_mixin.py:188} INFO - [2025-11-09T16:29:34.428+0000] {dagbag.py:545} INFO - Filling up the DagBag from /opt/airflow/dags/connect.py
[2025-11-09T16:29:34.441+0000] {logging_mixin.py:188} INFO - [2025-11-09T16:29:34.437+0000] {dagbag.py:355} ERROR - Failed to import: /opt/airflow/dags/connect.py
Traceback (most recent call last):
  File "/home/airflow/.local/lib/python3.12/site-packages/airflow/models/dagbag.py", line 351, in parse
    loader.exec_module(new_module)
  File "<frozen importlib._bootstrap_external>", line 991, in exec_module
  File "<frozen importlib._bootstrap_external>", line 1129, in get_code
  File "<frozen importlib._bootstrap_external>", line 1059, in source_to_code
  File "<frozen importlib._bootstrap>", line 488, in _call_with_frames_removed
  File "/opt/airflow/dags/connect.py", line 96
    def generate_report(**context):
SyntaxError: expected 'except' or 'finally' block
[2025-11-09T16:29:34.441+0000] {processor.py:842} WARNING - No viable dags retrieved from /opt/airflow/dags/connect.py
[2025-11-09T16:29:34.474+0000] {processor.py:183} INFO - Processing /opt/airflow/dags/connect.py took 0.062 seconds
[2025-11-09T16:30:04.706+0000] {processor.py:161} INFO - Started process (PID=3267) to work on /opt/airflow/dags/connect.py
[2025-11-09T16:30:04.708+0000] {processor.py:830} INFO - Processing file /opt/airflow/dags/connect.py for tasks to queue
[2025-11-09T16:30:04.709+0000] {logging_mixin.py:188} INFO - [2025-11-09T16:30:04.708+0000] {dagbag.py:545} INFO - Filling up the DagBag from /opt/airflow/dags/connect.py
[2025-11-09T16:30:04.720+0000] {logging_mixin.py:188} INFO - [2025-11-09T16:30:04.718+0000] {dagbag.py:355} ERROR - Failed to import: /opt/airflow/dags/connect.py
Traceback (most recent call last):
  File "/home/airflow/.local/lib/python3.12/site-packages/airflow/models/dagbag.py", line 351, in parse
    loader.exec_module(new_module)
  File "<frozen importlib._bootstrap_external>", line 991, in exec_module
  File "<frozen importlib._bootstrap_external>", line 1129, in get_code
  File "<frozen importlib._bootstrap_external>", line 1059, in source_to_code
  File "<frozen importlib._bootstrap>", line 488, in _call_with_frames_removed
  File "/opt/airflow/dags/connect.py", line 96
    def generate_report(**context):
SyntaxError: expected 'except' or 'finally' block
[2025-11-09T16:30:04.721+0000] {processor.py:842} WARNING - No viable dags retrieved from /opt/airflow/dags/connect.py
[2025-11-09T16:30:04.757+0000] {processor.py:183} INFO - Processing /opt/airflow/dags/connect.py took 0.059 seconds
[2025-11-09T16:30:35.090+0000] {processor.py:161} INFO - Started process (PID=3277) to work on /opt/airflow/dags/connect.py
[2025-11-09T16:30:35.095+0000] {processor.py:830} INFO - Processing file /opt/airflow/dags/connect.py for tasks to queue
[2025-11-09T16:30:35.100+0000] {logging_mixin.py:188} INFO - [2025-11-09T16:30:35.099+0000] {dagbag.py:545} INFO - Filling up the DagBag from /opt/airflow/dags/connect.py
[2025-11-09T16:30:35.121+0000] {logging_mixin.py:188} INFO - [2025-11-09T16:30:35.118+0000] {dagbag.py:355} ERROR - Failed to import: /opt/airflow/dags/connect.py
Traceback (most recent call last):
  File "/home/airflow/.local/lib/python3.12/site-packages/airflow/models/dagbag.py", line 351, in parse
    loader.exec_module(new_module)
  File "<frozen importlib._bootstrap_external>", line 991, in exec_module
  File "<frozen importlib._bootstrap_external>", line 1129, in get_code
  File "<frozen importlib._bootstrap_external>", line 1059, in source_to_code
  File "<frozen importlib._bootstrap>", line 488, in _call_with_frames_removed
  File "/opt/airflow/dags/connect.py", line 96
    def generate_report(**context):
SyntaxError: expected 'except' or 'finally' block
[2025-11-09T16:30:35.122+0000] {processor.py:842} WARNING - No viable dags retrieved from /opt/airflow/dags/connect.py
[2025-11-09T16:30:35.166+0000] {processor.py:183} INFO - Processing /opt/airflow/dags/connect.py took 0.098 seconds
[2025-11-09T16:31:05.471+0000] {processor.py:161} INFO - Started process (PID=3287) to work on /opt/airflow/dags/connect.py
[2025-11-09T16:31:05.474+0000] {processor.py:830} INFO - Processing file /opt/airflow/dags/connect.py for tasks to queue
[2025-11-09T16:31:05.477+0000] {logging_mixin.py:188} INFO - [2025-11-09T16:31:05.476+0000] {dagbag.py:545} INFO - Filling up the DagBag from /opt/airflow/dags/connect.py
[2025-11-09T16:31:05.501+0000] {logging_mixin.py:188} INFO - [2025-11-09T16:31:05.498+0000] {dagbag.py:355} ERROR - Failed to import: /opt/airflow/dags/connect.py
Traceback (most recent call last):
  File "/home/airflow/.local/lib/python3.12/site-packages/airflow/models/dagbag.py", line 351, in parse
    loader.exec_module(new_module)
  File "<frozen importlib._bootstrap_external>", line 991, in exec_module
  File "<frozen importlib._bootstrap_external>", line 1129, in get_code
  File "<frozen importlib._bootstrap_external>", line 1059, in source_to_code
  File "<frozen importlib._bootstrap>", line 488, in _call_with_frames_removed
  File "/opt/airflow/dags/connect.py", line 96
    def generate_report(**context):
SyntaxError: expected 'except' or 'finally' block
[2025-11-09T16:31:05.503+0000] {processor.py:842} WARNING - No viable dags retrieved from /opt/airflow/dags/connect.py
[2025-11-09T16:31:05.550+0000] {processor.py:183} INFO - Processing /opt/airflow/dags/connect.py took 0.101 seconds
[2025-11-09T16:31:35.946+0000] {processor.py:161} INFO - Started process (PID=3297) to work on /opt/airflow/dags/connect.py
[2025-11-09T16:31:35.947+0000] {processor.py:830} INFO - Processing file /opt/airflow/dags/connect.py for tasks to queue
[2025-11-09T16:31:35.951+0000] {logging_mixin.py:188} INFO - [2025-11-09T16:31:35.950+0000] {dagbag.py:545} INFO - Filling up the DagBag from /opt/airflow/dags/connect.py
[2025-11-09T16:31:35.966+0000] {logging_mixin.py:188} INFO - [2025-11-09T16:31:35.964+0000] {dagbag.py:355} ERROR - Failed to import: /opt/airflow/dags/connect.py
Traceback (most recent call last):
  File "/home/airflow/.local/lib/python3.12/site-packages/airflow/models/dagbag.py", line 351, in parse
    loader.exec_module(new_module)
  File "<frozen importlib._bootstrap_external>", line 991, in exec_module
  File "<frozen importlib._bootstrap_external>", line 1129, in get_code
  File "<frozen importlib._bootstrap_external>", line 1059, in source_to_code
  File "<frozen importlib._bootstrap>", line 488, in _call_with_frames_removed
  File "/opt/airflow/dags/connect.py", line 96
    def generate_report(**context):
SyntaxError: expected 'except' or 'finally' block
[2025-11-09T16:31:35.968+0000] {processor.py:842} WARNING - No viable dags retrieved from /opt/airflow/dags/connect.py
[2025-11-09T16:31:36.003+0000] {processor.py:183} INFO - Processing /opt/airflow/dags/connect.py took 0.070 seconds
[2025-11-09T16:32:06.289+0000] {processor.py:161} INFO - Started process (PID=3307) to work on /opt/airflow/dags/connect.py
[2025-11-09T16:32:06.292+0000] {processor.py:830} INFO - Processing file /opt/airflow/dags/connect.py for tasks to queue
[2025-11-09T16:32:06.296+0000] {logging_mixin.py:188} INFO - [2025-11-09T16:32:06.294+0000] {dagbag.py:545} INFO - Filling up the DagBag from /opt/airflow/dags/connect.py
[2025-11-09T16:32:06.309+0000] {logging_mixin.py:188} INFO - [2025-11-09T16:32:06.306+0000] {dagbag.py:355} ERROR - Failed to import: /opt/airflow/dags/connect.py
Traceback (most recent call last):
  File "/home/airflow/.local/lib/python3.12/site-packages/airflow/models/dagbag.py", line 351, in parse
    loader.exec_module(new_module)
  File "<frozen importlib._bootstrap_external>", line 991, in exec_module
  File "<frozen importlib._bootstrap_external>", line 1129, in get_code
  File "<frozen importlib._bootstrap_external>", line 1059, in source_to_code
  File "<frozen importlib._bootstrap>", line 488, in _call_with_frames_removed
  File "/opt/airflow/dags/connect.py", line 96
    def generate_report(**context):
SyntaxError: expected 'except' or 'finally' block
[2025-11-09T16:32:06.314+0000] {processor.py:842} WARNING - No viable dags retrieved from /opt/airflow/dags/connect.py
[2025-11-09T16:32:06.345+0000] {processor.py:183} INFO - Processing /opt/airflow/dags/connect.py took 0.074 seconds
[2025-11-09T16:32:36.626+0000] {processor.py:161} INFO - Started process (PID=3317) to work on /opt/airflow/dags/connect.py
[2025-11-09T16:32:36.630+0000] {processor.py:830} INFO - Processing file /opt/airflow/dags/connect.py for tasks to queue
[2025-11-09T16:32:36.634+0000] {logging_mixin.py:188} INFO - [2025-11-09T16:32:36.632+0000] {dagbag.py:545} INFO - Filling up the DagBag from /opt/airflow/dags/connect.py
[2025-11-09T16:32:36.655+0000] {logging_mixin.py:188} INFO - [2025-11-09T16:32:36.652+0000] {dagbag.py:355} ERROR - Failed to import: /opt/airflow/dags/connect.py
Traceback (most recent call last):
  File "/home/airflow/.local/lib/python3.12/site-packages/airflow/models/dagbag.py", line 351, in parse
    loader.exec_module(new_module)
  File "<frozen importlib._bootstrap_external>", line 991, in exec_module
  File "<frozen importlib._bootstrap_external>", line 1129, in get_code
  File "<frozen importlib._bootstrap_external>", line 1059, in source_to_code
  File "<frozen importlib._bootstrap>", line 488, in _call_with_frames_removed
  File "/opt/airflow/dags/connect.py", line 96
    def generate_report(**context):
SyntaxError: expected 'except' or 'finally' block
[2025-11-09T16:32:36.660+0000] {processor.py:842} WARNING - No viable dags retrieved from /opt/airflow/dags/connect.py
[2025-11-09T16:32:36.714+0000] {processor.py:183} INFO - Processing /opt/airflow/dags/connect.py took 0.111 seconds
[2025-11-09T16:33:07.056+0000] {processor.py:161} INFO - Started process (PID=3327) to work on /opt/airflow/dags/connect.py
[2025-11-09T16:33:07.057+0000] {processor.py:830} INFO - Processing file /opt/airflow/dags/connect.py for tasks to queue
[2025-11-09T16:33:07.059+0000] {logging_mixin.py:188} INFO - [2025-11-09T16:33:07.059+0000] {dagbag.py:545} INFO - Filling up the DagBag from /opt/airflow/dags/connect.py
[2025-11-09T16:33:07.071+0000] {logging_mixin.py:188} INFO - [2025-11-09T16:33:07.069+0000] {dagbag.py:355} ERROR - Failed to import: /opt/airflow/dags/connect.py
Traceback (most recent call last):
  File "/home/airflow/.local/lib/python3.12/site-packages/airflow/models/dagbag.py", line 351, in parse
    loader.exec_module(new_module)
  File "<frozen importlib._bootstrap_external>", line 991, in exec_module
  File "<frozen importlib._bootstrap_external>", line 1129, in get_code
  File "<frozen importlib._bootstrap_external>", line 1059, in source_to_code
  File "<frozen importlib._bootstrap>", line 488, in _call_with_frames_removed
  File "/opt/airflow/dags/connect.py", line 96
    def generate_report(**context):
SyntaxError: expected 'except' or 'finally' block
[2025-11-09T16:33:07.073+0000] {processor.py:842} WARNING - No viable dags retrieved from /opt/airflow/dags/connect.py
[2025-11-09T16:33:07.108+0000] {processor.py:183} INFO - Processing /opt/airflow/dags/connect.py took 0.065 seconds
[2025-11-09T16:33:37.450+0000] {processor.py:161} INFO - Started process (PID=3337) to work on /opt/airflow/dags/connect.py
[2025-11-09T16:33:37.452+0000] {processor.py:830} INFO - Processing file /opt/airflow/dags/connect.py for tasks to queue
[2025-11-09T16:33:37.456+0000] {logging_mixin.py:188} INFO - [2025-11-09T16:33:37.454+0000] {dagbag.py:545} INFO - Filling up the DagBag from /opt/airflow/dags/connect.py
[2025-11-09T16:33:37.469+0000] {logging_mixin.py:188} INFO - [2025-11-09T16:33:37.467+0000] {dagbag.py:355} ERROR - Failed to import: /opt/airflow/dags/connect.py
Traceback (most recent call last):
  File "/home/airflow/.local/lib/python3.12/site-packages/airflow/models/dagbag.py", line 351, in parse
    loader.exec_module(new_module)
  File "<frozen importlib._bootstrap_external>", line 991, in exec_module
  File "<frozen importlib._bootstrap_external>", line 1129, in get_code
  File "<frozen importlib._bootstrap_external>", line 1059, in source_to_code
  File "<frozen importlib._bootstrap>", line 488, in _call_with_frames_removed
  File "/opt/airflow/dags/connect.py", line 96
    def generate_report(**context):
SyntaxError: expected 'except' or 'finally' block
[2025-11-09T16:33:37.471+0000] {processor.py:842} WARNING - No viable dags retrieved from /opt/airflow/dags/connect.py
[2025-11-09T16:33:37.518+0000] {processor.py:183} INFO - Processing /opt/airflow/dags/connect.py took 0.093 seconds
[2025-11-09T16:34:07.881+0000] {processor.py:161} INFO - Started process (PID=3347) to work on /opt/airflow/dags/connect.py
[2025-11-09T16:34:07.883+0000] {processor.py:830} INFO - Processing file /opt/airflow/dags/connect.py for tasks to queue
[2025-11-09T16:34:07.884+0000] {logging_mixin.py:188} INFO - [2025-11-09T16:34:07.884+0000] {dagbag.py:545} INFO - Filling up the DagBag from /opt/airflow/dags/connect.py
[2025-11-09T16:34:07.895+0000] {logging_mixin.py:188} INFO - [2025-11-09T16:34:07.894+0000] {dagbag.py:355} ERROR - Failed to import: /opt/airflow/dags/connect.py
Traceback (most recent call last):
  File "/home/airflow/.local/lib/python3.12/site-packages/airflow/models/dagbag.py", line 351, in parse
    loader.exec_module(new_module)
  File "<frozen importlib._bootstrap_external>", line 991, in exec_module
  File "<frozen importlib._bootstrap_external>", line 1129, in get_code
  File "<frozen importlib._bootstrap_external>", line 1059, in source_to_code
  File "<frozen importlib._bootstrap>", line 488, in _call_with_frames_removed
  File "/opt/airflow/dags/connect.py", line 96
    def generate_report(**context):
SyntaxError: expected 'except' or 'finally' block
[2025-11-09T16:34:07.896+0000] {processor.py:842} WARNING - No viable dags retrieved from /opt/airflow/dags/connect.py
[2025-11-09T16:34:07.926+0000] {processor.py:183} INFO - Processing /opt/airflow/dags/connect.py took 0.066 seconds
[2025-11-09T16:34:38.210+0000] {processor.py:161} INFO - Started process (PID=3357) to work on /opt/airflow/dags/connect.py
[2025-11-09T16:34:38.212+0000] {processor.py:830} INFO - Processing file /opt/airflow/dags/connect.py for tasks to queue
[2025-11-09T16:34:38.218+0000] {logging_mixin.py:188} INFO - [2025-11-09T16:34:38.215+0000] {dagbag.py:545} INFO - Filling up the DagBag from /opt/airflow/dags/connect.py
[2025-11-09T16:34:38.231+0000] {logging_mixin.py:188} INFO - [2025-11-09T16:34:38.230+0000] {dagbag.py:355} ERROR - Failed to import: /opt/airflow/dags/connect.py
Traceback (most recent call last):
  File "/home/airflow/.local/lib/python3.12/site-packages/airflow/models/dagbag.py", line 351, in parse
    loader.exec_module(new_module)
  File "<frozen importlib._bootstrap_external>", line 991, in exec_module
  File "<frozen importlib._bootstrap_external>", line 1129, in get_code
  File "<frozen importlib._bootstrap_external>", line 1059, in source_to_code
  File "<frozen importlib._bootstrap>", line 488, in _call_with_frames_removed
  File "/opt/airflow/dags/connect.py", line 96
    def generate_report(**context):
SyntaxError: expected 'except' or 'finally' block
[2025-11-09T16:34:38.233+0000] {processor.py:842} WARNING - No viable dags retrieved from /opt/airflow/dags/connect.py
[2025-11-09T16:34:38.277+0000] {processor.py:183} INFO - Processing /opt/airflow/dags/connect.py took 0.081 seconds
[2025-11-09T16:35:08.600+0000] {processor.py:161} INFO - Started process (PID=3367) to work on /opt/airflow/dags/connect.py
[2025-11-09T16:35:08.602+0000] {processor.py:830} INFO - Processing file /opt/airflow/dags/connect.py for tasks to queue
[2025-11-09T16:35:08.603+0000] {logging_mixin.py:188} INFO - [2025-11-09T16:35:08.603+0000] {dagbag.py:545} INFO - Filling up the DagBag from /opt/airflow/dags/connect.py
[2025-11-09T16:35:08.613+0000] {logging_mixin.py:188} INFO - [2025-11-09T16:35:08.609+0000] {dagbag.py:355} ERROR - Failed to import: /opt/airflow/dags/connect.py
Traceback (most recent call last):
  File "/home/airflow/.local/lib/python3.12/site-packages/airflow/models/dagbag.py", line 351, in parse
    loader.exec_module(new_module)
  File "<frozen importlib._bootstrap_external>", line 991, in exec_module
  File "<frozen importlib._bootstrap_external>", line 1129, in get_code
  File "<frozen importlib._bootstrap_external>", line 1059, in source_to_code
  File "<frozen importlib._bootstrap>", line 488, in _call_with_frames_removed
  File "/opt/airflow/dags/connect.py", line 96
    def generate_report(**context):
SyntaxError: expected 'except' or 'finally' block
[2025-11-09T16:35:08.628+0000] {processor.py:842} WARNING - No viable dags retrieved from /opt/airflow/dags/connect.py
[2025-11-09T16:35:08.678+0000] {processor.py:183} INFO - Processing /opt/airflow/dags/connect.py took 0.089 seconds
[2025-11-09T16:35:38.965+0000] {processor.py:161} INFO - Started process (PID=3377) to work on /opt/airflow/dags/connect.py
[2025-11-09T16:35:38.967+0000] {processor.py:830} INFO - Processing file /opt/airflow/dags/connect.py for tasks to queue
[2025-11-09T16:35:38.970+0000] {logging_mixin.py:188} INFO - [2025-11-09T16:35:38.969+0000] {dagbag.py:545} INFO - Filling up the DagBag from /opt/airflow/dags/connect.py
[2025-11-09T16:35:39.007+0000] {logging_mixin.py:188} INFO - [2025-11-09T16:35:39.004+0000] {dagbag.py:355} ERROR - Failed to import: /opt/airflow/dags/connect.py
Traceback (most recent call last):
  File "/home/airflow/.local/lib/python3.12/site-packages/airflow/models/dagbag.py", line 351, in parse
    loader.exec_module(new_module)
  File "<frozen importlib._bootstrap_external>", line 991, in exec_module
  File "<frozen importlib._bootstrap_external>", line 1129, in get_code
  File "<frozen importlib._bootstrap_external>", line 1059, in source_to_code
  File "<frozen importlib._bootstrap>", line 488, in _call_with_frames_removed
  File "/opt/airflow/dags/connect.py", line 96
    def generate_report(**context):
SyntaxError: expected 'except' or 'finally' block
[2025-11-09T16:35:39.009+0000] {processor.py:842} WARNING - No viable dags retrieved from /opt/airflow/dags/connect.py
[2025-11-09T16:35:39.065+0000] {processor.py:183} INFO - Processing /opt/airflow/dags/connect.py took 0.118 seconds
[2025-11-09T16:36:09.400+0000] {processor.py:161} INFO - Started process (PID=3387) to work on /opt/airflow/dags/connect.py
[2025-11-09T16:36:09.401+0000] {processor.py:830} INFO - Processing file /opt/airflow/dags/connect.py for tasks to queue
[2025-11-09T16:36:09.404+0000] {logging_mixin.py:188} INFO - [2025-11-09T16:36:09.403+0000] {dagbag.py:545} INFO - Filling up the DagBag from /opt/airflow/dags/connect.py
[2025-11-09T16:36:09.414+0000] {logging_mixin.py:188} INFO - [2025-11-09T16:36:09.413+0000] {dagbag.py:355} ERROR - Failed to import: /opt/airflow/dags/connect.py
Traceback (most recent call last):
  File "/home/airflow/.local/lib/python3.12/site-packages/airflow/models/dagbag.py", line 351, in parse
    loader.exec_module(new_module)
  File "<frozen importlib._bootstrap_external>", line 991, in exec_module
  File "<frozen importlib._bootstrap_external>", line 1129, in get_code
  File "<frozen importlib._bootstrap_external>", line 1059, in source_to_code
  File "<frozen importlib._bootstrap>", line 488, in _call_with_frames_removed
  File "/opt/airflow/dags/connect.py", line 96
    def generate_report(**context):
SyntaxError: expected 'except' or 'finally' block
[2025-11-09T16:36:09.415+0000] {processor.py:842} WARNING - No viable dags retrieved from /opt/airflow/dags/connect.py
[2025-11-09T16:36:09.444+0000] {processor.py:183} INFO - Processing /opt/airflow/dags/connect.py took 0.052 seconds
[2025-11-09T16:36:39.704+0000] {processor.py:161} INFO - Started process (PID=3397) to work on /opt/airflow/dags/connect.py
[2025-11-09T16:36:39.706+0000] {processor.py:830} INFO - Processing file /opt/airflow/dags/connect.py for tasks to queue
[2025-11-09T16:36:39.708+0000] {logging_mixin.py:188} INFO - [2025-11-09T16:36:39.707+0000] {dagbag.py:545} INFO - Filling up the DagBag from /opt/airflow/dags/connect.py
[2025-11-09T16:36:39.723+0000] {logging_mixin.py:188} INFO - [2025-11-09T16:36:39.722+0000] {dagbag.py:355} ERROR - Failed to import: /opt/airflow/dags/connect.py
Traceback (most recent call last):
  File "/home/airflow/.local/lib/python3.12/site-packages/airflow/models/dagbag.py", line 351, in parse
    loader.exec_module(new_module)
  File "<frozen importlib._bootstrap_external>", line 991, in exec_module
  File "<frozen importlib._bootstrap_external>", line 1129, in get_code
  File "<frozen importlib._bootstrap_external>", line 1059, in source_to_code
  File "<frozen importlib._bootstrap>", line 488, in _call_with_frames_removed
  File "/opt/airflow/dags/connect.py", line 96
    def generate_report(**context):
SyntaxError: expected 'except' or 'finally' block
[2025-11-09T16:36:39.724+0000] {processor.py:842} WARNING - No viable dags retrieved from /opt/airflow/dags/connect.py
[2025-11-09T16:36:39.758+0000] {processor.py:183} INFO - Processing /opt/airflow/dags/connect.py took 0.066 seconds
[2025-11-09T16:37:10.063+0000] {processor.py:161} INFO - Started process (PID=3407) to work on /opt/airflow/dags/connect.py
[2025-11-09T16:37:10.067+0000] {processor.py:830} INFO - Processing file /opt/airflow/dags/connect.py for tasks to queue
[2025-11-09T16:37:10.076+0000] {logging_mixin.py:188} INFO - [2025-11-09T16:37:10.073+0000] {dagbag.py:545} INFO - Filling up the DagBag from /opt/airflow/dags/connect.py
[2025-11-09T16:37:10.099+0000] {logging_mixin.py:188} INFO - [2025-11-09T16:37:10.096+0000] {dagbag.py:355} ERROR - Failed to import: /opt/airflow/dags/connect.py
Traceback (most recent call last):
  File "/home/airflow/.local/lib/python3.12/site-packages/airflow/models/dagbag.py", line 351, in parse
    loader.exec_module(new_module)
  File "<frozen importlib._bootstrap_external>", line 991, in exec_module
  File "<frozen importlib._bootstrap_external>", line 1129, in get_code
  File "<frozen importlib._bootstrap_external>", line 1059, in source_to_code
  File "<frozen importlib._bootstrap>", line 488, in _call_with_frames_removed
  File "/opt/airflow/dags/connect.py", line 96
    def generate_report(**context):
SyntaxError: expected 'except' or 'finally' block
[2025-11-09T16:37:10.100+0000] {processor.py:842} WARNING - No viable dags retrieved from /opt/airflow/dags/connect.py
[2025-11-09T16:37:10.136+0000] {processor.py:183} INFO - Processing /opt/airflow/dags/connect.py took 0.100 seconds
[2025-11-09T16:37:40.414+0000] {processor.py:161} INFO - Started process (PID=3417) to work on /opt/airflow/dags/connect.py
[2025-11-09T16:37:40.415+0000] {processor.py:830} INFO - Processing file /opt/airflow/dags/connect.py for tasks to queue
[2025-11-09T16:37:40.417+0000] {logging_mixin.py:188} INFO - [2025-11-09T16:37:40.416+0000] {dagbag.py:545} INFO - Filling up the DagBag from /opt/airflow/dags/connect.py
[2025-11-09T16:37:40.425+0000] {logging_mixin.py:188} INFO - [2025-11-09T16:37:40.423+0000] {dagbag.py:355} ERROR - Failed to import: /opt/airflow/dags/connect.py
Traceback (most recent call last):
  File "/home/airflow/.local/lib/python3.12/site-packages/airflow/models/dagbag.py", line 351, in parse
    loader.exec_module(new_module)
  File "<frozen importlib._bootstrap_external>", line 991, in exec_module
  File "<frozen importlib._bootstrap_external>", line 1129, in get_code
  File "<frozen importlib._bootstrap_external>", line 1059, in source_to_code
  File "<frozen importlib._bootstrap>", line 488, in _call_with_frames_removed
  File "/opt/airflow/dags/connect.py", line 96
    def generate_report(**context):
SyntaxError: expected 'except' or 'finally' block
[2025-11-09T16:37:40.428+0000] {processor.py:842} WARNING - No viable dags retrieved from /opt/airflow/dags/connect.py
[2025-11-09T16:37:40.455+0000] {processor.py:183} INFO - Processing /opt/airflow/dags/connect.py took 0.051 seconds
[2025-11-09T16:38:10.733+0000] {processor.py:161} INFO - Started process (PID=3427) to work on /opt/airflow/dags/connect.py
[2025-11-09T16:38:10.736+0000] {processor.py:830} INFO - Processing file /opt/airflow/dags/connect.py for tasks to queue
[2025-11-09T16:38:10.742+0000] {logging_mixin.py:188} INFO - [2025-11-09T16:38:10.739+0000] {dagbag.py:545} INFO - Filling up the DagBag from /opt/airflow/dags/connect.py
[2025-11-09T16:38:10.763+0000] {logging_mixin.py:188} INFO - [2025-11-09T16:38:10.760+0000] {dagbag.py:355} ERROR - Failed to import: /opt/airflow/dags/connect.py
Traceback (most recent call last):
  File "/home/airflow/.local/lib/python3.12/site-packages/airflow/models/dagbag.py", line 351, in parse
    loader.exec_module(new_module)
  File "<frozen importlib._bootstrap_external>", line 991, in exec_module
  File "<frozen importlib._bootstrap_external>", line 1129, in get_code
  File "<frozen importlib._bootstrap_external>", line 1059, in source_to_code
  File "<frozen importlib._bootstrap>", line 488, in _call_with_frames_removed
  File "/opt/airflow/dags/connect.py", line 96
    def generate_report(**context):
SyntaxError: expected 'except' or 'finally' block
[2025-11-09T16:38:10.765+0000] {processor.py:842} WARNING - No viable dags retrieved from /opt/airflow/dags/connect.py
[2025-11-09T16:38:10.828+0000] {processor.py:183} INFO - Processing /opt/airflow/dags/connect.py took 0.114 seconds
[2025-11-09T16:38:41.110+0000] {processor.py:161} INFO - Started process (PID=3437) to work on /opt/airflow/dags/connect.py
[2025-11-09T16:38:41.113+0000] {processor.py:830} INFO - Processing file /opt/airflow/dags/connect.py for tasks to queue
[2025-11-09T16:38:41.121+0000] {logging_mixin.py:188} INFO - [2025-11-09T16:38:41.120+0000] {dagbag.py:545} INFO - Filling up the DagBag from /opt/airflow/dags/connect.py
[2025-11-09T16:38:41.143+0000] {logging_mixin.py:188} INFO - [2025-11-09T16:38:41.140+0000] {dagbag.py:355} ERROR - Failed to import: /opt/airflow/dags/connect.py
Traceback (most recent call last):
  File "/home/airflow/.local/lib/python3.12/site-packages/airflow/models/dagbag.py", line 351, in parse
    loader.exec_module(new_module)
  File "<frozen importlib._bootstrap_external>", line 991, in exec_module
  File "<frozen importlib._bootstrap_external>", line 1129, in get_code
  File "<frozen importlib._bootstrap_external>", line 1059, in source_to_code
  File "<frozen importlib._bootstrap>", line 488, in _call_with_frames_removed
  File "/opt/airflow/dags/connect.py", line 96
    def generate_report(**context):
SyntaxError: expected 'except' or 'finally' block
[2025-11-09T16:38:41.145+0000] {processor.py:842} WARNING - No viable dags retrieved from /opt/airflow/dags/connect.py
[2025-11-09T16:38:41.206+0000] {processor.py:183} INFO - Processing /opt/airflow/dags/connect.py took 0.115 seconds
[2025-11-09T16:39:11.544+0000] {processor.py:161} INFO - Started process (PID=3447) to work on /opt/airflow/dags/connect.py
[2025-11-09T16:39:11.547+0000] {processor.py:830} INFO - Processing file /opt/airflow/dags/connect.py for tasks to queue
[2025-11-09T16:39:11.550+0000] {logging_mixin.py:188} INFO - [2025-11-09T16:39:11.549+0000] {dagbag.py:545} INFO - Filling up the DagBag from /opt/airflow/dags/connect.py
[2025-11-09T16:39:11.558+0000] {logging_mixin.py:188} INFO - [2025-11-09T16:39:11.557+0000] {dagbag.py:355} ERROR - Failed to import: /opt/airflow/dags/connect.py
Traceback (most recent call last):
  File "/home/airflow/.local/lib/python3.12/site-packages/airflow/models/dagbag.py", line 351, in parse
    loader.exec_module(new_module)
  File "<frozen importlib._bootstrap_external>", line 991, in exec_module
  File "<frozen importlib._bootstrap_external>", line 1129, in get_code
  File "<frozen importlib._bootstrap_external>", line 1059, in source_to_code
  File "<frozen importlib._bootstrap>", line 488, in _call_with_frames_removed
  File "/opt/airflow/dags/connect.py", line 96
    def generate_report(**context):
SyntaxError: expected 'except' or 'finally' block
[2025-11-09T16:39:11.560+0000] {processor.py:842} WARNING - No viable dags retrieved from /opt/airflow/dags/connect.py
[2025-11-09T16:39:11.594+0000] {processor.py:183} INFO - Processing /opt/airflow/dags/connect.py took 0.059 seconds
[2025-11-09T16:39:41.872+0000] {processor.py:161} INFO - Started process (PID=3457) to work on /opt/airflow/dags/connect.py
[2025-11-09T16:39:41.877+0000] {processor.py:830} INFO - Processing file /opt/airflow/dags/connect.py for tasks to queue
[2025-11-09T16:39:41.882+0000] {logging_mixin.py:188} INFO - [2025-11-09T16:39:41.881+0000] {dagbag.py:545} INFO - Filling up the DagBag from /opt/airflow/dags/connect.py
[2025-11-09T16:39:41.914+0000] {logging_mixin.py:188} INFO - [2025-11-09T16:39:41.912+0000] {dagbag.py:355} ERROR - Failed to import: /opt/airflow/dags/connect.py
Traceback (most recent call last):
  File "/home/airflow/.local/lib/python3.12/site-packages/airflow/models/dagbag.py", line 351, in parse
    loader.exec_module(new_module)
  File "<frozen importlib._bootstrap_external>", line 991, in exec_module
  File "<frozen importlib._bootstrap_external>", line 1129, in get_code
  File "<frozen importlib._bootstrap_external>", line 1059, in source_to_code
  File "<frozen importlib._bootstrap>", line 488, in _call_with_frames_removed
  File "/opt/airflow/dags/connect.py", line 96
    def generate_report(**context):
SyntaxError: expected 'except' or 'finally' block
[2025-11-09T16:39:41.916+0000] {processor.py:842} WARNING - No viable dags retrieved from /opt/airflow/dags/connect.py
[2025-11-09T16:39:41.975+0000] {processor.py:183} INFO - Processing /opt/airflow/dags/connect.py took 0.113 seconds
[2025-11-09T16:40:12.283+0000] {processor.py:161} INFO - Started process (PID=3467) to work on /opt/airflow/dags/connect.py
[2025-11-09T16:40:12.287+0000] {processor.py:830} INFO - Processing file /opt/airflow/dags/connect.py for tasks to queue
[2025-11-09T16:40:12.299+0000] {logging_mixin.py:188} INFO - [2025-11-09T16:40:12.294+0000] {dagbag.py:545} INFO - Filling up the DagBag from /opt/airflow/dags/connect.py
[2025-11-09T16:40:12.327+0000] {logging_mixin.py:188} INFO - [2025-11-09T16:40:12.325+0000] {dagbag.py:355} ERROR - Failed to import: /opt/airflow/dags/connect.py
Traceback (most recent call last):
  File "/home/airflow/.local/lib/python3.12/site-packages/airflow/models/dagbag.py", line 351, in parse
    loader.exec_module(new_module)
  File "<frozen importlib._bootstrap_external>", line 991, in exec_module
  File "<frozen importlib._bootstrap_external>", line 1129, in get_code
  File "<frozen importlib._bootstrap_external>", line 1059, in source_to_code
  File "<frozen importlib._bootstrap>", line 488, in _call_with_frames_removed
  File "/opt/airflow/dags/connect.py", line 96
    def generate_report(**context):
SyntaxError: expected 'except' or 'finally' block
[2025-11-09T16:40:12.329+0000] {processor.py:842} WARNING - No viable dags retrieved from /opt/airflow/dags/connect.py
[2025-11-09T16:40:12.364+0000] {processor.py:183} INFO - Processing /opt/airflow/dags/connect.py took 0.104 seconds
[2025-11-09T16:40:42.636+0000] {processor.py:161} INFO - Started process (PID=3477) to work on /opt/airflow/dags/connect.py
[2025-11-09T16:40:42.637+0000] {processor.py:830} INFO - Processing file /opt/airflow/dags/connect.py for tasks to queue
[2025-11-09T16:40:42.640+0000] {logging_mixin.py:188} INFO - [2025-11-09T16:40:42.639+0000] {dagbag.py:545} INFO - Filling up the DagBag from /opt/airflow/dags/connect.py
[2025-11-09T16:40:42.653+0000] {logging_mixin.py:188} INFO - [2025-11-09T16:40:42.651+0000] {dagbag.py:355} ERROR - Failed to import: /opt/airflow/dags/connect.py
Traceback (most recent call last):
  File "/home/airflow/.local/lib/python3.12/site-packages/airflow/models/dagbag.py", line 351, in parse
    loader.exec_module(new_module)
  File "<frozen importlib._bootstrap_external>", line 991, in exec_module
  File "<frozen importlib._bootstrap_external>", line 1129, in get_code
  File "<frozen importlib._bootstrap_external>", line 1059, in source_to_code
  File "<frozen importlib._bootstrap>", line 488, in _call_with_frames_removed
  File "/opt/airflow/dags/connect.py", line 96
    def generate_report(**context):
SyntaxError: expected 'except' or 'finally' block
[2025-11-09T16:40:42.654+0000] {processor.py:842} WARNING - No viable dags retrieved from /opt/airflow/dags/connect.py
[2025-11-09T16:40:42.683+0000] {processor.py:183} INFO - Processing /opt/airflow/dags/connect.py took 0.058 seconds
[2025-11-09T16:41:12.949+0000] {processor.py:161} INFO - Started process (PID=3487) to work on /opt/airflow/dags/connect.py
[2025-11-09T16:41:12.950+0000] {processor.py:830} INFO - Processing file /opt/airflow/dags/connect.py for tasks to queue
[2025-11-09T16:41:12.953+0000] {logging_mixin.py:188} INFO - [2025-11-09T16:41:12.951+0000] {dagbag.py:545} INFO - Filling up the DagBag from /opt/airflow/dags/connect.py
[2025-11-09T16:41:12.977+0000] {logging_mixin.py:188} INFO - [2025-11-09T16:41:12.974+0000] {dagbag.py:355} ERROR - Failed to import: /opt/airflow/dags/connect.py
Traceback (most recent call last):
  File "/home/airflow/.local/lib/python3.12/site-packages/airflow/models/dagbag.py", line 351, in parse
    loader.exec_module(new_module)
  File "<frozen importlib._bootstrap_external>", line 991, in exec_module
  File "<frozen importlib._bootstrap_external>", line 1129, in get_code
  File "<frozen importlib._bootstrap_external>", line 1059, in source_to_code
  File "<frozen importlib._bootstrap>", line 488, in _call_with_frames_removed
  File "/opt/airflow/dags/connect.py", line 96
    def generate_report(**context):
SyntaxError: expected 'except' or 'finally' block
[2025-11-09T16:41:12.979+0000] {processor.py:842} WARNING - No viable dags retrieved from /opt/airflow/dags/connect.py
[2025-11-09T16:41:13.029+0000] {processor.py:183} INFO - Processing /opt/airflow/dags/connect.py took 0.096 seconds
[2025-11-09T16:41:43.391+0000] {processor.py:161} INFO - Started process (PID=3497) to work on /opt/airflow/dags/connect.py
[2025-11-09T16:41:43.394+0000] {processor.py:830} INFO - Processing file /opt/airflow/dags/connect.py for tasks to queue
[2025-11-09T16:41:43.398+0000] {logging_mixin.py:188} INFO - [2025-11-09T16:41:43.397+0000] {dagbag.py:545} INFO - Filling up the DagBag from /opt/airflow/dags/connect.py
[2025-11-09T16:41:43.422+0000] {logging_mixin.py:188} INFO - [2025-11-09T16:41:43.418+0000] {dagbag.py:355} ERROR - Failed to import: /opt/airflow/dags/connect.py
Traceback (most recent call last):
  File "/home/airflow/.local/lib/python3.12/site-packages/airflow/models/dagbag.py", line 351, in parse
    loader.exec_module(new_module)
  File "<frozen importlib._bootstrap_external>", line 991, in exec_module
  File "<frozen importlib._bootstrap_external>", line 1129, in get_code
  File "<frozen importlib._bootstrap_external>", line 1059, in source_to_code
  File "<frozen importlib._bootstrap>", line 488, in _call_with_frames_removed
  File "/opt/airflow/dags/connect.py", line 96
    def generate_report(**context):
SyntaxError: expected 'except' or 'finally' block
[2025-11-09T16:41:43.424+0000] {processor.py:842} WARNING - No viable dags retrieved from /opt/airflow/dags/connect.py
[2025-11-09T16:41:43.461+0000] {processor.py:183} INFO - Processing /opt/airflow/dags/connect.py took 0.096 seconds
[2025-11-09T16:42:13.681+0000] {processor.py:161} INFO - Started process (PID=3507) to work on /opt/airflow/dags/connect.py
[2025-11-09T16:42:13.682+0000] {processor.py:830} INFO - Processing file /opt/airflow/dags/connect.py for tasks to queue
[2025-11-09T16:42:13.684+0000] {logging_mixin.py:188} INFO - [2025-11-09T16:42:13.683+0000] {dagbag.py:545} INFO - Filling up the DagBag from /opt/airflow/dags/connect.py
[2025-11-09T16:42:13.690+0000] {logging_mixin.py:188} INFO - [2025-11-09T16:42:13.689+0000] {dagbag.py:355} ERROR - Failed to import: /opt/airflow/dags/connect.py
Traceback (most recent call last):
  File "/home/airflow/.local/lib/python3.12/site-packages/airflow/models/dagbag.py", line 351, in parse
    loader.exec_module(new_module)
  File "<frozen importlib._bootstrap_external>", line 991, in exec_module
  File "<frozen importlib._bootstrap_external>", line 1129, in get_code
  File "<frozen importlib._bootstrap_external>", line 1059, in source_to_code
  File "<frozen importlib._bootstrap>", line 488, in _call_with_frames_removed
  File "/opt/airflow/dags/connect.py", line 96
    def generate_report(**context):
SyntaxError: expected 'except' or 'finally' block
[2025-11-09T16:42:13.691+0000] {processor.py:842} WARNING - No viable dags retrieved from /opt/airflow/dags/connect.py
[2025-11-09T16:42:13.712+0000] {processor.py:183} INFO - Processing /opt/airflow/dags/connect.py took 0.038 seconds
[2025-11-09T16:42:43.909+0000] {processor.py:161} INFO - Started process (PID=3517) to work on /opt/airflow/dags/connect.py
[2025-11-09T16:42:43.911+0000] {processor.py:830} INFO - Processing file /opt/airflow/dags/connect.py for tasks to queue
[2025-11-09T16:42:43.915+0000] {logging_mixin.py:188} INFO - [2025-11-09T16:42:43.914+0000] {dagbag.py:545} INFO - Filling up the DagBag from /opt/airflow/dags/connect.py
[2025-11-09T16:42:43.926+0000] {logging_mixin.py:188} INFO - [2025-11-09T16:42:43.924+0000] {dagbag.py:355} ERROR - Failed to import: /opt/airflow/dags/connect.py
Traceback (most recent call last):
  File "/home/airflow/.local/lib/python3.12/site-packages/airflow/models/dagbag.py", line 351, in parse
    loader.exec_module(new_module)
  File "<frozen importlib._bootstrap_external>", line 991, in exec_module
  File "<frozen importlib._bootstrap_external>", line 1129, in get_code
  File "<frozen importlib._bootstrap_external>", line 1059, in source_to_code
  File "<frozen importlib._bootstrap>", line 488, in _call_with_frames_removed
  File "/opt/airflow/dags/connect.py", line 96
    def generate_report(**context):
SyntaxError: expected 'except' or 'finally' block
[2025-11-09T16:42:43.928+0000] {processor.py:842} WARNING - No viable dags retrieved from /opt/airflow/dags/connect.py
[2025-11-09T16:42:43.964+0000] {processor.py:183} INFO - Processing /opt/airflow/dags/connect.py took 0.070 seconds
[2025-11-09T16:43:14.197+0000] {processor.py:161} INFO - Started process (PID=3527) to work on /opt/airflow/dags/connect.py
[2025-11-09T16:43:14.199+0000] {processor.py:830} INFO - Processing file /opt/airflow/dags/connect.py for tasks to queue
[2025-11-09T16:43:14.202+0000] {logging_mixin.py:188} INFO - [2025-11-09T16:43:14.201+0000] {dagbag.py:545} INFO - Filling up the DagBag from /opt/airflow/dags/connect.py
[2025-11-09T16:43:14.215+0000] {logging_mixin.py:188} INFO - [2025-11-09T16:43:14.212+0000] {dagbag.py:355} ERROR - Failed to import: /opt/airflow/dags/connect.py
Traceback (most recent call last):
  File "/home/airflow/.local/lib/python3.12/site-packages/airflow/models/dagbag.py", line 351, in parse
    loader.exec_module(new_module)
  File "<frozen importlib._bootstrap_external>", line 991, in exec_module
  File "<frozen importlib._bootstrap_external>", line 1129, in get_code
  File "<frozen importlib._bootstrap_external>", line 1059, in source_to_code
  File "<frozen importlib._bootstrap>", line 488, in _call_with_frames_removed
  File "/opt/airflow/dags/connect.py", line 96
    def generate_report(**context):
SyntaxError: expected 'except' or 'finally' block
[2025-11-09T16:43:14.217+0000] {processor.py:842} WARNING - No viable dags retrieved from /opt/airflow/dags/connect.py
[2025-11-09T16:43:14.258+0000] {processor.py:183} INFO - Processing /opt/airflow/dags/connect.py took 0.076 seconds
[2025-11-09T16:43:44.435+0000] {processor.py:161} INFO - Started process (PID=3537) to work on /opt/airflow/dags/connect.py
[2025-11-09T16:43:44.437+0000] {processor.py:830} INFO - Processing file /opt/airflow/dags/connect.py for tasks to queue
[2025-11-09T16:43:44.438+0000] {logging_mixin.py:188} INFO - [2025-11-09T16:43:44.437+0000] {dagbag.py:545} INFO - Filling up the DagBag from /opt/airflow/dags/connect.py
[2025-11-09T16:43:44.444+0000] {logging_mixin.py:188} INFO - [2025-11-09T16:43:44.443+0000] {dagbag.py:355} ERROR - Failed to import: /opt/airflow/dags/connect.py
Traceback (most recent call last):
  File "/home/airflow/.local/lib/python3.12/site-packages/airflow/models/dagbag.py", line 351, in parse
    loader.exec_module(new_module)
  File "<frozen importlib._bootstrap_external>", line 991, in exec_module
  File "<frozen importlib._bootstrap_external>", line 1129, in get_code
  File "<frozen importlib._bootstrap_external>", line 1059, in source_to_code
  File "<frozen importlib._bootstrap>", line 488, in _call_with_frames_removed
  File "/opt/airflow/dags/connect.py", line 96
    def generate_report(**context):
SyntaxError: expected 'except' or 'finally' block
[2025-11-09T16:43:44.445+0000] {processor.py:842} WARNING - No viable dags retrieved from /opt/airflow/dags/connect.py
[2025-11-09T16:43:44.468+0000] {processor.py:183} INFO - Processing /opt/airflow/dags/connect.py took 0.039 seconds
[2025-11-09T16:44:14.681+0000] {processor.py:161} INFO - Started process (PID=3547) to work on /opt/airflow/dags/connect.py
[2025-11-09T16:44:14.682+0000] {processor.py:830} INFO - Processing file /opt/airflow/dags/connect.py for tasks to queue
[2025-11-09T16:44:14.683+0000] {logging_mixin.py:188} INFO - [2025-11-09T16:44:14.683+0000] {dagbag.py:545} INFO - Filling up the DagBag from /opt/airflow/dags/connect.py
[2025-11-09T16:44:14.689+0000] {logging_mixin.py:188} INFO - [2025-11-09T16:44:14.688+0000] {dagbag.py:355} ERROR - Failed to import: /opt/airflow/dags/connect.py
Traceback (most recent call last):
  File "/home/airflow/.local/lib/python3.12/site-packages/airflow/models/dagbag.py", line 351, in parse
    loader.exec_module(new_module)
  File "<frozen importlib._bootstrap_external>", line 991, in exec_module
  File "<frozen importlib._bootstrap_external>", line 1129, in get_code
  File "<frozen importlib._bootstrap_external>", line 1059, in source_to_code
  File "<frozen importlib._bootstrap>", line 488, in _call_with_frames_removed
  File "/opt/airflow/dags/connect.py", line 96
    def generate_report(**context):
SyntaxError: expected 'except' or 'finally' block
[2025-11-09T16:44:14.690+0000] {processor.py:842} WARNING - No viable dags retrieved from /opt/airflow/dags/connect.py
[2025-11-09T16:44:14.709+0000] {processor.py:183} INFO - Processing /opt/airflow/dags/connect.py took 0.034 seconds
[2025-11-09T16:44:44.902+0000] {processor.py:161} INFO - Started process (PID=3557) to work on /opt/airflow/dags/connect.py
[2025-11-09T16:44:44.904+0000] {processor.py:830} INFO - Processing file /opt/airflow/dags/connect.py for tasks to queue
[2025-11-09T16:44:44.907+0000] {logging_mixin.py:188} INFO - [2025-11-09T16:44:44.906+0000] {dagbag.py:545} INFO - Filling up the DagBag from /opt/airflow/dags/connect.py
[2025-11-09T16:44:44.920+0000] {logging_mixin.py:188} INFO - [2025-11-09T16:44:44.917+0000] {dagbag.py:355} ERROR - Failed to import: /opt/airflow/dags/connect.py
Traceback (most recent call last):
  File "/home/airflow/.local/lib/python3.12/site-packages/airflow/models/dagbag.py", line 351, in parse
    loader.exec_module(new_module)
  File "<frozen importlib._bootstrap_external>", line 991, in exec_module
  File "<frozen importlib._bootstrap_external>", line 1129, in get_code
  File "<frozen importlib._bootstrap_external>", line 1059, in source_to_code
  File "<frozen importlib._bootstrap>", line 488, in _call_with_frames_removed
  File "/opt/airflow/dags/connect.py", line 96
    def generate_report(**context):
SyntaxError: expected 'except' or 'finally' block
[2025-11-09T16:44:44.922+0000] {processor.py:842} WARNING - No viable dags retrieved from /opt/airflow/dags/connect.py
[2025-11-09T16:44:44.958+0000] {processor.py:183} INFO - Processing /opt/airflow/dags/connect.py took 0.069 seconds
[2025-11-09T16:45:15.147+0000] {processor.py:161} INFO - Started process (PID=3567) to work on /opt/airflow/dags/connect.py
[2025-11-09T16:45:15.149+0000] {processor.py:830} INFO - Processing file /opt/airflow/dags/connect.py for tasks to queue
[2025-11-09T16:45:15.152+0000] {logging_mixin.py:188} INFO - [2025-11-09T16:45:15.151+0000] {dagbag.py:545} INFO - Filling up the DagBag from /opt/airflow/dags/connect.py
[2025-11-09T16:45:15.165+0000] {logging_mixin.py:188} INFO - [2025-11-09T16:45:15.162+0000] {dagbag.py:355} ERROR - Failed to import: /opt/airflow/dags/connect.py
Traceback (most recent call last):
  File "/home/airflow/.local/lib/python3.12/site-packages/airflow/models/dagbag.py", line 351, in parse
    loader.exec_module(new_module)
  File "<frozen importlib._bootstrap_external>", line 991, in exec_module
  File "<frozen importlib._bootstrap_external>", line 1129, in get_code
  File "<frozen importlib._bootstrap_external>", line 1059, in source_to_code
  File "<frozen importlib._bootstrap>", line 488, in _call_with_frames_removed
  File "/opt/airflow/dags/connect.py", line 96
    def generate_report(**context):
SyntaxError: expected 'except' or 'finally' block
[2025-11-09T16:45:15.167+0000] {processor.py:842} WARNING - No viable dags retrieved from /opt/airflow/dags/connect.py
[2025-11-09T16:45:15.214+0000] {processor.py:183} INFO - Processing /opt/airflow/dags/connect.py took 0.081 seconds
[2025-11-09T16:45:45.447+0000] {processor.py:161} INFO - Started process (PID=3577) to work on /opt/airflow/dags/connect.py
[2025-11-09T16:45:45.448+0000] {processor.py:830} INFO - Processing file /opt/airflow/dags/connect.py for tasks to queue
[2025-11-09T16:45:45.450+0000] {logging_mixin.py:188} INFO - [2025-11-09T16:45:45.449+0000] {dagbag.py:545} INFO - Filling up the DagBag from /opt/airflow/dags/connect.py
[2025-11-09T16:45:45.457+0000] {logging_mixin.py:188} INFO - [2025-11-09T16:45:45.455+0000] {dagbag.py:355} ERROR - Failed to import: /opt/airflow/dags/connect.py
Traceback (most recent call last):
  File "/home/airflow/.local/lib/python3.12/site-packages/airflow/models/dagbag.py", line 351, in parse
    loader.exec_module(new_module)
  File "<frozen importlib._bootstrap_external>", line 991, in exec_module
  File "<frozen importlib._bootstrap_external>", line 1129, in get_code
  File "<frozen importlib._bootstrap_external>", line 1059, in source_to_code
  File "<frozen importlib._bootstrap>", line 488, in _call_with_frames_removed
  File "/opt/airflow/dags/connect.py", line 96
    def generate_report(**context):
SyntaxError: expected 'except' or 'finally' block
[2025-11-09T16:45:45.458+0000] {processor.py:842} WARNING - No viable dags retrieved from /opt/airflow/dags/connect.py
[2025-11-09T16:45:45.481+0000] {processor.py:183} INFO - Processing /opt/airflow/dags/connect.py took 0.043 seconds
[2025-11-09T16:46:15.672+0000] {processor.py:161} INFO - Started process (PID=3587) to work on /opt/airflow/dags/connect.py
[2025-11-09T16:46:15.674+0000] {processor.py:830} INFO - Processing file /opt/airflow/dags/connect.py for tasks to queue
[2025-11-09T16:46:15.676+0000] {logging_mixin.py:188} INFO - [2025-11-09T16:46:15.676+0000] {dagbag.py:545} INFO - Filling up the DagBag from /opt/airflow/dags/connect.py
[2025-11-09T16:46:15.689+0000] {logging_mixin.py:188} INFO - [2025-11-09T16:46:15.687+0000] {dagbag.py:355} ERROR - Failed to import: /opt/airflow/dags/connect.py
Traceback (most recent call last):
  File "/home/airflow/.local/lib/python3.12/site-packages/airflow/models/dagbag.py", line 351, in parse
    loader.exec_module(new_module)
  File "<frozen importlib._bootstrap_external>", line 991, in exec_module
  File "<frozen importlib._bootstrap_external>", line 1129, in get_code
  File "<frozen importlib._bootstrap_external>", line 1059, in source_to_code
  File "<frozen importlib._bootstrap>", line 488, in _call_with_frames_removed
  File "/opt/airflow/dags/connect.py", line 96
    def generate_report(**context):
SyntaxError: expected 'except' or 'finally' block
[2025-11-09T16:46:15.691+0000] {processor.py:842} WARNING - No viable dags retrieved from /opt/airflow/dags/connect.py
[2025-11-09T16:46:15.722+0000] {processor.py:183} INFO - Processing /opt/airflow/dags/connect.py took 0.064 seconds
[2025-11-09T16:46:45.907+0000] {processor.py:161} INFO - Started process (PID=3597) to work on /opt/airflow/dags/connect.py
[2025-11-09T16:46:45.909+0000] {processor.py:830} INFO - Processing file /opt/airflow/dags/connect.py for tasks to queue
[2025-11-09T16:46:45.912+0000] {logging_mixin.py:188} INFO - [2025-11-09T16:46:45.911+0000] {dagbag.py:545} INFO - Filling up the DagBag from /opt/airflow/dags/connect.py
[2025-11-09T16:46:45.925+0000] {logging_mixin.py:188} INFO - [2025-11-09T16:46:45.922+0000] {dagbag.py:355} ERROR - Failed to import: /opt/airflow/dags/connect.py
Traceback (most recent call last):
  File "/home/airflow/.local/lib/python3.12/site-packages/airflow/models/dagbag.py", line 351, in parse
    loader.exec_module(new_module)
  File "<frozen importlib._bootstrap_external>", line 991, in exec_module
  File "<frozen importlib._bootstrap_external>", line 1129, in get_code
  File "<frozen importlib._bootstrap_external>", line 1059, in source_to_code
  File "<frozen importlib._bootstrap>", line 488, in _call_with_frames_removed
  File "/opt/airflow/dags/connect.py", line 96
    def generate_report(**context):
SyntaxError: expected 'except' or 'finally' block
[2025-11-09T16:46:45.926+0000] {processor.py:842} WARNING - No viable dags retrieved from /opt/airflow/dags/connect.py
[2025-11-09T16:46:45.960+0000] {processor.py:183} INFO - Processing /opt/airflow/dags/connect.py took 0.066 seconds
[2025-11-09T16:47:16.140+0000] {processor.py:161} INFO - Started process (PID=3607) to work on /opt/airflow/dags/connect.py
[2025-11-09T16:47:16.142+0000] {processor.py:830} INFO - Processing file /opt/airflow/dags/connect.py for tasks to queue
[2025-11-09T16:47:16.143+0000] {logging_mixin.py:188} INFO - [2025-11-09T16:47:16.142+0000] {dagbag.py:545} INFO - Filling up the DagBag from /opt/airflow/dags/connect.py
[2025-11-09T16:47:16.152+0000] {logging_mixin.py:188} INFO - [2025-11-09T16:47:16.150+0000] {dagbag.py:355} ERROR - Failed to import: /opt/airflow/dags/connect.py
Traceback (most recent call last):
  File "/home/airflow/.local/lib/python3.12/site-packages/airflow/models/dagbag.py", line 351, in parse
    loader.exec_module(new_module)
  File "<frozen importlib._bootstrap_external>", line 991, in exec_module
  File "<frozen importlib._bootstrap_external>", line 1129, in get_code
  File "<frozen importlib._bootstrap_external>", line 1059, in source_to_code
  File "<frozen importlib._bootstrap>", line 488, in _call_with_frames_removed
  File "/opt/airflow/dags/connect.py", line 96
    def generate_report(**context):
SyntaxError: expected 'except' or 'finally' block
[2025-11-09T16:47:16.154+0000] {processor.py:842} WARNING - No viable dags retrieved from /opt/airflow/dags/connect.py
[2025-11-09T16:47:16.174+0000] {processor.py:183} INFO - Processing /opt/airflow/dags/connect.py took 0.040 seconds
[2025-11-09T16:47:46.379+0000] {processor.py:161} INFO - Started process (PID=3617) to work on /opt/airflow/dags/connect.py
[2025-11-09T16:47:46.381+0000] {processor.py:830} INFO - Processing file /opt/airflow/dags/connect.py for tasks to queue
[2025-11-09T16:47:46.385+0000] {logging_mixin.py:188} INFO - [2025-11-09T16:47:46.384+0000] {dagbag.py:545} INFO - Filling up the DagBag from /opt/airflow/dags/connect.py
[2025-11-09T16:47:46.399+0000] {logging_mixin.py:188} INFO - [2025-11-09T16:47:46.396+0000] {dagbag.py:355} ERROR - Failed to import: /opt/airflow/dags/connect.py
Traceback (most recent call last):
  File "/home/airflow/.local/lib/python3.12/site-packages/airflow/models/dagbag.py", line 351, in parse
    loader.exec_module(new_module)
  File "<frozen importlib._bootstrap_external>", line 991, in exec_module
  File "<frozen importlib._bootstrap_external>", line 1129, in get_code
  File "<frozen importlib._bootstrap_external>", line 1059, in source_to_code
  File "<frozen importlib._bootstrap>", line 488, in _call_with_frames_removed
  File "/opt/airflow/dags/connect.py", line 96
    def generate_report(**context):
SyntaxError: expected 'except' or 'finally' block
[2025-11-09T16:47:46.400+0000] {processor.py:842} WARNING - No viable dags retrieved from /opt/airflow/dags/connect.py
[2025-11-09T16:47:46.426+0000] {processor.py:183} INFO - Processing /opt/airflow/dags/connect.py took 0.060 seconds
[2025-11-09T16:48:16.635+0000] {processor.py:161} INFO - Started process (PID=3627) to work on /opt/airflow/dags/connect.py
[2025-11-09T16:48:16.637+0000] {processor.py:830} INFO - Processing file /opt/airflow/dags/connect.py for tasks to queue
[2025-11-09T16:48:16.640+0000] {logging_mixin.py:188} INFO - [2025-11-09T16:48:16.639+0000] {dagbag.py:545} INFO - Filling up the DagBag from /opt/airflow/dags/connect.py
[2025-11-09T16:48:16.652+0000] {logging_mixin.py:188} INFO - [2025-11-09T16:48:16.649+0000] {dagbag.py:355} ERROR - Failed to import: /opt/airflow/dags/connect.py
Traceback (most recent call last):
  File "/home/airflow/.local/lib/python3.12/site-packages/airflow/models/dagbag.py", line 351, in parse
    loader.exec_module(new_module)
  File "<frozen importlib._bootstrap_external>", line 991, in exec_module
  File "<frozen importlib._bootstrap_external>", line 1129, in get_code
  File "<frozen importlib._bootstrap_external>", line 1059, in source_to_code
  File "<frozen importlib._bootstrap>", line 488, in _call_with_frames_removed
  File "/opt/airflow/dags/connect.py", line 96
    def generate_report(**context):
SyntaxError: expected 'except' or 'finally' block
[2025-11-09T16:48:16.653+0000] {processor.py:842} WARNING - No viable dags retrieved from /opt/airflow/dags/connect.py
[2025-11-09T16:48:16.687+0000] {processor.py:183} INFO - Processing /opt/airflow/dags/connect.py took 0.066 seconds
[2025-11-09T16:48:46.863+0000] {processor.py:161} INFO - Started process (PID=3637) to work on /opt/airflow/dags/connect.py
[2025-11-09T16:48:46.864+0000] {processor.py:830} INFO - Processing file /opt/airflow/dags/connect.py for tasks to queue
[2025-11-09T16:48:46.865+0000] {logging_mixin.py:188} INFO - [2025-11-09T16:48:46.865+0000] {dagbag.py:545} INFO - Filling up the DagBag from /opt/airflow/dags/connect.py
[2025-11-09T16:48:46.872+0000] {logging_mixin.py:188} INFO - [2025-11-09T16:48:46.870+0000] {dagbag.py:355} ERROR - Failed to import: /opt/airflow/dags/connect.py
Traceback (most recent call last):
  File "/home/airflow/.local/lib/python3.12/site-packages/airflow/models/dagbag.py", line 351, in parse
    loader.exec_module(new_module)
  File "<frozen importlib._bootstrap_external>", line 991, in exec_module
  File "<frozen importlib._bootstrap_external>", line 1129, in get_code
  File "<frozen importlib._bootstrap_external>", line 1059, in source_to_code
  File "<frozen importlib._bootstrap>", line 488, in _call_with_frames_removed
  File "/opt/airflow/dags/connect.py", line 96
    def generate_report(**context):
SyntaxError: expected 'except' or 'finally' block
[2025-11-09T16:48:46.872+0000] {processor.py:842} WARNING - No viable dags retrieved from /opt/airflow/dags/connect.py
[2025-11-09T16:48:46.893+0000] {processor.py:183} INFO - Processing /opt/airflow/dags/connect.py took 0.037 seconds
[2025-11-09T16:49:17.112+0000] {processor.py:161} INFO - Started process (PID=3647) to work on /opt/airflow/dags/connect.py
[2025-11-09T16:49:17.114+0000] {processor.py:830} INFO - Processing file /opt/airflow/dags/connect.py for tasks to queue
[2025-11-09T16:49:17.117+0000] {logging_mixin.py:188} INFO - [2025-11-09T16:49:17.116+0000] {dagbag.py:545} INFO - Filling up the DagBag from /opt/airflow/dags/connect.py
[2025-11-09T16:49:17.129+0000] {logging_mixin.py:188} INFO - [2025-11-09T16:49:17.127+0000] {dagbag.py:355} ERROR - Failed to import: /opt/airflow/dags/connect.py
Traceback (most recent call last):
  File "/home/airflow/.local/lib/python3.12/site-packages/airflow/models/dagbag.py", line 351, in parse
    loader.exec_module(new_module)
  File "<frozen importlib._bootstrap_external>", line 991, in exec_module
  File "<frozen importlib._bootstrap_external>", line 1129, in get_code
  File "<frozen importlib._bootstrap_external>", line 1059, in source_to_code
  File "<frozen importlib._bootstrap>", line 488, in _call_with_frames_removed
  File "/opt/airflow/dags/connect.py", line 96
    def generate_report(**context):
SyntaxError: expected 'except' or 'finally' block
[2025-11-09T16:49:17.131+0000] {processor.py:842} WARNING - No viable dags retrieved from /opt/airflow/dags/connect.py
[2025-11-09T16:49:17.165+0000] {processor.py:183} INFO - Processing /opt/airflow/dags/connect.py took 0.067 seconds
[2025-11-09T16:49:47.376+0000] {processor.py:161} INFO - Started process (PID=3657) to work on /opt/airflow/dags/connect.py
[2025-11-09T16:49:47.378+0000] {processor.py:830} INFO - Processing file /opt/airflow/dags/connect.py for tasks to queue
[2025-11-09T16:49:47.381+0000] {logging_mixin.py:188} INFO - [2025-11-09T16:49:47.380+0000] {dagbag.py:545} INFO - Filling up the DagBag from /opt/airflow/dags/connect.py
[2025-11-09T16:49:47.394+0000] {logging_mixin.py:188} INFO - [2025-11-09T16:49:47.392+0000] {dagbag.py:355} ERROR - Failed to import: /opt/airflow/dags/connect.py
Traceback (most recent call last):
  File "/home/airflow/.local/lib/python3.12/site-packages/airflow/models/dagbag.py", line 351, in parse
    loader.exec_module(new_module)
  File "<frozen importlib._bootstrap_external>", line 991, in exec_module
  File "<frozen importlib._bootstrap_external>", line 1129, in get_code
  File "<frozen importlib._bootstrap_external>", line 1059, in source_to_code
  File "<frozen importlib._bootstrap>", line 488, in _call_with_frames_removed
  File "/opt/airflow/dags/connect.py", line 96
    def generate_report(**context):
SyntaxError: expected 'except' or 'finally' block
[2025-11-09T16:49:47.396+0000] {processor.py:842} WARNING - No viable dags retrieved from /opt/airflow/dags/connect.py
[2025-11-09T16:49:47.434+0000] {processor.py:183} INFO - Processing /opt/airflow/dags/connect.py took 0.072 seconds
[2025-11-09T16:50:17.607+0000] {processor.py:161} INFO - Started process (PID=3667) to work on /opt/airflow/dags/connect.py
[2025-11-09T16:50:17.608+0000] {processor.py:830} INFO - Processing file /opt/airflow/dags/connect.py for tasks to queue
[2025-11-09T16:50:17.609+0000] {logging_mixin.py:188} INFO - [2025-11-09T16:50:17.609+0000] {dagbag.py:545} INFO - Filling up the DagBag from /opt/airflow/dags/connect.py
[2025-11-09T16:50:17.616+0000] {logging_mixin.py:188} INFO - [2025-11-09T16:50:17.614+0000] {dagbag.py:355} ERROR - Failed to import: /opt/airflow/dags/connect.py
Traceback (most recent call last):
  File "/home/airflow/.local/lib/python3.12/site-packages/airflow/models/dagbag.py", line 351, in parse
    loader.exec_module(new_module)
  File "<frozen importlib._bootstrap_external>", line 991, in exec_module
  File "<frozen importlib._bootstrap_external>", line 1129, in get_code
  File "<frozen importlib._bootstrap_external>", line 1059, in source_to_code
  File "<frozen importlib._bootstrap>", line 488, in _call_with_frames_removed
  File "/opt/airflow/dags/connect.py", line 96
    def generate_report(**context):
SyntaxError: expected 'except' or 'finally' block
[2025-11-09T16:50:17.616+0000] {processor.py:842} WARNING - No viable dags retrieved from /opt/airflow/dags/connect.py
[2025-11-09T16:50:17.638+0000] {processor.py:183} INFO - Processing /opt/airflow/dags/connect.py took 0.037 seconds
[2025-11-09T16:50:47.825+0000] {processor.py:161} INFO - Started process (PID=3677) to work on /opt/airflow/dags/connect.py
[2025-11-09T16:50:47.826+0000] {processor.py:830} INFO - Processing file /opt/airflow/dags/connect.py for tasks to queue
[2025-11-09T16:50:47.828+0000] {logging_mixin.py:188} INFO - [2025-11-09T16:50:47.827+0000] {dagbag.py:545} INFO - Filling up the DagBag from /opt/airflow/dags/connect.py
[2025-11-09T16:50:47.833+0000] {logging_mixin.py:188} INFO - [2025-11-09T16:50:47.832+0000] {dagbag.py:355} ERROR - Failed to import: /opt/airflow/dags/connect.py
Traceback (most recent call last):
  File "/home/airflow/.local/lib/python3.12/site-packages/airflow/models/dagbag.py", line 351, in parse
    loader.exec_module(new_module)
  File "<frozen importlib._bootstrap_external>", line 991, in exec_module
  File "<frozen importlib._bootstrap_external>", line 1129, in get_code
  File "<frozen importlib._bootstrap_external>", line 1059, in source_to_code
  File "<frozen importlib._bootstrap>", line 488, in _call_with_frames_removed
  File "/opt/airflow/dags/connect.py", line 96
    def generate_report(**context):
SyntaxError: expected 'except' or 'finally' block
[2025-11-09T16:50:47.834+0000] {processor.py:842} WARNING - No viable dags retrieved from /opt/airflow/dags/connect.py
[2025-11-09T16:50:47.854+0000] {processor.py:183} INFO - Processing /opt/airflow/dags/connect.py took 0.036 seconds
[2025-11-09T16:51:18.042+0000] {processor.py:161} INFO - Started process (PID=3687) to work on /opt/airflow/dags/connect.py
[2025-11-09T16:51:18.044+0000] {processor.py:830} INFO - Processing file /opt/airflow/dags/connect.py for tasks to queue
[2025-11-09T16:51:18.047+0000] {logging_mixin.py:188} INFO - [2025-11-09T16:51:18.046+0000] {dagbag.py:545} INFO - Filling up the DagBag from /opt/airflow/dags/connect.py
[2025-11-09T16:51:18.060+0000] {logging_mixin.py:188} INFO - [2025-11-09T16:51:18.057+0000] {dagbag.py:355} ERROR - Failed to import: /opt/airflow/dags/connect.py
Traceback (most recent call last):
  File "/home/airflow/.local/lib/python3.12/site-packages/airflow/models/dagbag.py", line 351, in parse
    loader.exec_module(new_module)
  File "<frozen importlib._bootstrap_external>", line 991, in exec_module
  File "<frozen importlib._bootstrap_external>", line 1129, in get_code
  File "<frozen importlib._bootstrap_external>", line 1059, in source_to_code
  File "<frozen importlib._bootstrap>", line 488, in _call_with_frames_removed
  File "/opt/airflow/dags/connect.py", line 96
    def generate_report(**context):
SyntaxError: expected 'except' or 'finally' block
[2025-11-09T16:51:18.062+0000] {processor.py:842} WARNING - No viable dags retrieved from /opt/airflow/dags/connect.py
[2025-11-09T16:51:18.099+0000] {processor.py:183} INFO - Processing /opt/airflow/dags/connect.py took 0.070 seconds
[2025-11-09T16:51:48.287+0000] {processor.py:161} INFO - Started process (PID=3697) to work on /opt/airflow/dags/connect.py
[2025-11-09T16:51:48.288+0000] {processor.py:830} INFO - Processing file /opt/airflow/dags/connect.py for tasks to queue
[2025-11-09T16:51:48.290+0000] {logging_mixin.py:188} INFO - [2025-11-09T16:51:48.290+0000] {dagbag.py:545} INFO - Filling up the DagBag from /opt/airflow/dags/connect.py
[2025-11-09T16:51:48.298+0000] {logging_mixin.py:188} INFO - [2025-11-09T16:51:48.296+0000] {dagbag.py:355} ERROR - Failed to import: /opt/airflow/dags/connect.py
Traceback (most recent call last):
  File "/home/airflow/.local/lib/python3.12/site-packages/airflow/models/dagbag.py", line 351, in parse
    loader.exec_module(new_module)
  File "<frozen importlib._bootstrap_external>", line 991, in exec_module
  File "<frozen importlib._bootstrap_external>", line 1129, in get_code
  File "<frozen importlib._bootstrap_external>", line 1059, in source_to_code
  File "<frozen importlib._bootstrap>", line 488, in _call_with_frames_removed
  File "/opt/airflow/dags/connect.py", line 96
    def generate_report(**context):
SyntaxError: expected 'except' or 'finally' block
[2025-11-09T16:51:48.299+0000] {processor.py:842} WARNING - No viable dags retrieved from /opt/airflow/dags/connect.py
[2025-11-09T16:51:48.319+0000] {processor.py:183} INFO - Processing /opt/airflow/dags/connect.py took 0.038 seconds
[2025-11-09T16:52:18.511+0000] {processor.py:161} INFO - Started process (PID=3707) to work on /opt/airflow/dags/connect.py
[2025-11-09T16:52:18.512+0000] {processor.py:830} INFO - Processing file /opt/airflow/dags/connect.py for tasks to queue
[2025-11-09T16:52:18.514+0000] {logging_mixin.py:188} INFO - [2025-11-09T16:52:18.513+0000] {dagbag.py:545} INFO - Filling up the DagBag from /opt/airflow/dags/connect.py
[2025-11-09T16:52:18.520+0000] {logging_mixin.py:188} INFO - [2025-11-09T16:52:18.519+0000] {dagbag.py:355} ERROR - Failed to import: /opt/airflow/dags/connect.py
Traceback (most recent call last):
  File "/home/airflow/.local/lib/python3.12/site-packages/airflow/models/dagbag.py", line 351, in parse
    loader.exec_module(new_module)
  File "<frozen importlib._bootstrap_external>", line 991, in exec_module
  File "<frozen importlib._bootstrap_external>", line 1129, in get_code
  File "<frozen importlib._bootstrap_external>", line 1059, in source_to_code
  File "<frozen importlib._bootstrap>", line 488, in _call_with_frames_removed
  File "/opt/airflow/dags/connect.py", line 96
    def generate_report(**context):
SyntaxError: expected 'except' or 'finally' block
[2025-11-09T16:52:18.521+0000] {processor.py:842} WARNING - No viable dags retrieved from /opt/airflow/dags/connect.py
[2025-11-09T16:52:18.540+0000] {processor.py:183} INFO - Processing /opt/airflow/dags/connect.py took 0.037 seconds
[2025-11-09T16:52:48.725+0000] {processor.py:161} INFO - Started process (PID=3717) to work on /opt/airflow/dags/connect.py
[2025-11-09T16:52:48.728+0000] {processor.py:830} INFO - Processing file /opt/airflow/dags/connect.py for tasks to queue
[2025-11-09T16:52:48.731+0000] {logging_mixin.py:188} INFO - [2025-11-09T16:52:48.729+0000] {dagbag.py:545} INFO - Filling up the DagBag from /opt/airflow/dags/connect.py
[2025-11-09T16:52:48.744+0000] {logging_mixin.py:188} INFO - [2025-11-09T16:52:48.740+0000] {dagbag.py:355} ERROR - Failed to import: /opt/airflow/dags/connect.py
Traceback (most recent call last):
  File "/home/airflow/.local/lib/python3.12/site-packages/airflow/models/dagbag.py", line 351, in parse
    loader.exec_module(new_module)
  File "<frozen importlib._bootstrap_external>", line 991, in exec_module
  File "<frozen importlib._bootstrap_external>", line 1129, in get_code
  File "<frozen importlib._bootstrap_external>", line 1059, in source_to_code
  File "<frozen importlib._bootstrap>", line 488, in _call_with_frames_removed
  File "/opt/airflow/dags/connect.py", line 96
    def generate_report(**context):
SyntaxError: expected 'except' or 'finally' block
[2025-11-09T16:52:48.746+0000] {processor.py:842} WARNING - No viable dags retrieved from /opt/airflow/dags/connect.py
[2025-11-09T16:52:48.782+0000] {processor.py:183} INFO - Processing /opt/airflow/dags/connect.py took 0.071 seconds
[2025-11-09T16:53:18.967+0000] {processor.py:161} INFO - Started process (PID=3727) to work on /opt/airflow/dags/connect.py
[2025-11-09T16:53:18.969+0000] {processor.py:830} INFO - Processing file /opt/airflow/dags/connect.py for tasks to queue
[2025-11-09T16:53:18.972+0000] {logging_mixin.py:188} INFO - [2025-11-09T16:53:18.971+0000] {dagbag.py:545} INFO - Filling up the DagBag from /opt/airflow/dags/connect.py
[2025-11-09T16:53:18.987+0000] {logging_mixin.py:188} INFO - [2025-11-09T16:53:18.982+0000] {dagbag.py:355} ERROR - Failed to import: /opt/airflow/dags/connect.py
Traceback (most recent call last):
  File "/home/airflow/.local/lib/python3.12/site-packages/airflow/models/dagbag.py", line 351, in parse
    loader.exec_module(new_module)
  File "<frozen importlib._bootstrap_external>", line 991, in exec_module
  File "<frozen importlib._bootstrap_external>", line 1129, in get_code
  File "<frozen importlib._bootstrap_external>", line 1059, in source_to_code
  File "<frozen importlib._bootstrap>", line 488, in _call_with_frames_removed
  File "/opt/airflow/dags/connect.py", line 96
    def generate_report(**context):
SyntaxError: expected 'except' or 'finally' block
[2025-11-09T16:53:18.990+0000] {processor.py:842} WARNING - No viable dags retrieved from /opt/airflow/dags/connect.py
[2025-11-09T16:53:19.025+0000] {processor.py:183} INFO - Processing /opt/airflow/dags/connect.py took 0.072 seconds
[2025-11-09T16:53:49.197+0000] {processor.py:161} INFO - Started process (PID=3737) to work on /opt/airflow/dags/connect.py
[2025-11-09T16:53:49.198+0000] {processor.py:830} INFO - Processing file /opt/airflow/dags/connect.py for tasks to queue
[2025-11-09T16:53:49.200+0000] {logging_mixin.py:188} INFO - [2025-11-09T16:53:49.199+0000] {dagbag.py:545} INFO - Filling up the DagBag from /opt/airflow/dags/connect.py
[2025-11-09T16:53:49.205+0000] {logging_mixin.py:188} INFO - [2025-11-09T16:53:49.204+0000] {dagbag.py:355} ERROR - Failed to import: /opt/airflow/dags/connect.py
Traceback (most recent call last):
  File "/home/airflow/.local/lib/python3.12/site-packages/airflow/models/dagbag.py", line 351, in parse
    loader.exec_module(new_module)
  File "<frozen importlib._bootstrap_external>", line 991, in exec_module
  File "<frozen importlib._bootstrap_external>", line 1129, in get_code
  File "<frozen importlib._bootstrap_external>", line 1059, in source_to_code
  File "<frozen importlib._bootstrap>", line 488, in _call_with_frames_removed
  File "/opt/airflow/dags/connect.py", line 96
    def generate_report(**context):
SyntaxError: expected 'except' or 'finally' block
[2025-11-09T16:53:49.206+0000] {processor.py:842} WARNING - No viable dags retrieved from /opt/airflow/dags/connect.py
[2025-11-09T16:53:49.226+0000] {processor.py:183} INFO - Processing /opt/airflow/dags/connect.py took 0.036 seconds
[2025-11-09T16:54:19.439+0000] {processor.py:161} INFO - Started process (PID=3747) to work on /opt/airflow/dags/connect.py
[2025-11-09T16:54:19.441+0000] {processor.py:830} INFO - Processing file /opt/airflow/dags/connect.py for tasks to queue
[2025-11-09T16:54:19.443+0000] {logging_mixin.py:188} INFO - [2025-11-09T16:54:19.442+0000] {dagbag.py:545} INFO - Filling up the DagBag from /opt/airflow/dags/connect.py
[2025-11-09T16:54:19.454+0000] {logging_mixin.py:188} INFO - [2025-11-09T16:54:19.451+0000] {dagbag.py:355} ERROR - Failed to import: /opt/airflow/dags/connect.py
Traceback (most recent call last):
  File "/home/airflow/.local/lib/python3.12/site-packages/airflow/models/dagbag.py", line 351, in parse
    loader.exec_module(new_module)
  File "<frozen importlib._bootstrap_external>", line 991, in exec_module
  File "<frozen importlib._bootstrap_external>", line 1129, in get_code
  File "<frozen importlib._bootstrap_external>", line 1059, in source_to_code
  File "<frozen importlib._bootstrap>", line 488, in _call_with_frames_removed
  File "/opt/airflow/dags/connect.py", line 96
    def generate_report(**context):
SyntaxError: expected 'except' or 'finally' block
[2025-11-09T16:54:19.455+0000] {processor.py:842} WARNING - No viable dags retrieved from /opt/airflow/dags/connect.py
[2025-11-09T16:54:19.491+0000] {processor.py:183} INFO - Processing /opt/airflow/dags/connect.py took 0.064 seconds
[2025-11-09T16:54:49.679+0000] {processor.py:161} INFO - Started process (PID=3757) to work on /opt/airflow/dags/connect.py
[2025-11-09T16:54:49.681+0000] {processor.py:830} INFO - Processing file /opt/airflow/dags/connect.py for tasks to queue
[2025-11-09T16:54:49.684+0000] {logging_mixin.py:188} INFO - [2025-11-09T16:54:49.683+0000] {dagbag.py:545} INFO - Filling up the DagBag from /opt/airflow/dags/connect.py
[2025-11-09T16:54:49.696+0000] {logging_mixin.py:188} INFO - [2025-11-09T16:54:49.694+0000] {dagbag.py:355} ERROR - Failed to import: /opt/airflow/dags/connect.py
Traceback (most recent call last):
  File "/home/airflow/.local/lib/python3.12/site-packages/airflow/models/dagbag.py", line 351, in parse
    loader.exec_module(new_module)
  File "<frozen importlib._bootstrap_external>", line 991, in exec_module
  File "<frozen importlib._bootstrap_external>", line 1129, in get_code
  File "<frozen importlib._bootstrap_external>", line 1059, in source_to_code
  File "<frozen importlib._bootstrap>", line 488, in _call_with_frames_removed
  File "/opt/airflow/dags/connect.py", line 96
    def generate_report(**context):
SyntaxError: expected 'except' or 'finally' block
[2025-11-09T16:54:49.698+0000] {processor.py:842} WARNING - No viable dags retrieved from /opt/airflow/dags/connect.py
[2025-11-09T16:54:49.737+0000] {processor.py:183} INFO - Processing /opt/airflow/dags/connect.py took 0.073 seconds
[2025-11-09T16:55:19.915+0000] {processor.py:161} INFO - Started process (PID=3767) to work on /opt/airflow/dags/connect.py
[2025-11-09T16:55:19.917+0000] {processor.py:830} INFO - Processing file /opt/airflow/dags/connect.py for tasks to queue
[2025-11-09T16:55:19.918+0000] {logging_mixin.py:188} INFO - [2025-11-09T16:55:19.917+0000] {dagbag.py:545} INFO - Filling up the DagBag from /opt/airflow/dags/connect.py
[2025-11-09T16:55:19.926+0000] {logging_mixin.py:188} INFO - [2025-11-09T16:55:19.924+0000] {dagbag.py:355} ERROR - Failed to import: /opt/airflow/dags/connect.py
Traceback (most recent call last):
  File "/home/airflow/.local/lib/python3.12/site-packages/airflow/models/dagbag.py", line 351, in parse
    loader.exec_module(new_module)
  File "<frozen importlib._bootstrap_external>", line 991, in exec_module
  File "<frozen importlib._bootstrap_external>", line 1129, in get_code
  File "<frozen importlib._bootstrap_external>", line 1059, in source_to_code
  File "<frozen importlib._bootstrap>", line 488, in _call_with_frames_removed
  File "/opt/airflow/dags/connect.py", line 96
    def generate_report(**context):
SyntaxError: expected 'except' or 'finally' block
[2025-11-09T16:55:19.927+0000] {processor.py:842} WARNING - No viable dags retrieved from /opt/airflow/dags/connect.py
[2025-11-09T16:55:19.947+0000] {processor.py:183} INFO - Processing /opt/airflow/dags/connect.py took 0.041 seconds
[2025-11-09T16:55:50.127+0000] {processor.py:161} INFO - Started process (PID=3777) to work on /opt/airflow/dags/connect.py
[2025-11-09T16:55:50.129+0000] {processor.py:830} INFO - Processing file /opt/airflow/dags/connect.py for tasks to queue
[2025-11-09T16:55:50.132+0000] {logging_mixin.py:188} INFO - [2025-11-09T16:55:50.131+0000] {dagbag.py:545} INFO - Filling up the DagBag from /opt/airflow/dags/connect.py
[2025-11-09T16:55:50.143+0000] {logging_mixin.py:188} INFO - [2025-11-09T16:55:50.141+0000] {dagbag.py:355} ERROR - Failed to import: /opt/airflow/dags/connect.py
Traceback (most recent call last):
  File "/home/airflow/.local/lib/python3.12/site-packages/airflow/models/dagbag.py", line 351, in parse
    loader.exec_module(new_module)
  File "<frozen importlib._bootstrap_external>", line 991, in exec_module
  File "<frozen importlib._bootstrap_external>", line 1129, in get_code
  File "<frozen importlib._bootstrap_external>", line 1059, in source_to_code
  File "<frozen importlib._bootstrap>", line 488, in _call_with_frames_removed
  File "/opt/airflow/dags/connect.py", line 96
    def generate_report(**context):
SyntaxError: expected 'except' or 'finally' block
[2025-11-09T16:55:50.145+0000] {processor.py:842} WARNING - No viable dags retrieved from /opt/airflow/dags/connect.py
[2025-11-09T16:55:50.177+0000] {processor.py:183} INFO - Processing /opt/airflow/dags/connect.py took 0.064 seconds
[2025-11-09T16:56:20.356+0000] {processor.py:161} INFO - Started process (PID=3787) to work on /opt/airflow/dags/connect.py
[2025-11-09T16:56:20.357+0000] {processor.py:830} INFO - Processing file /opt/airflow/dags/connect.py for tasks to queue
[2025-11-09T16:56:20.358+0000] {logging_mixin.py:188} INFO - [2025-11-09T16:56:20.358+0000] {dagbag.py:545} INFO - Filling up the DagBag from /opt/airflow/dags/connect.py
[2025-11-09T16:56:20.365+0000] {logging_mixin.py:188} INFO - [2025-11-09T16:56:20.364+0000] {dagbag.py:355} ERROR - Failed to import: /opt/airflow/dags/connect.py
Traceback (most recent call last):
  File "/home/airflow/.local/lib/python3.12/site-packages/airflow/models/dagbag.py", line 351, in parse
    loader.exec_module(new_module)
  File "<frozen importlib._bootstrap_external>", line 991, in exec_module
  File "<frozen importlib._bootstrap_external>", line 1129, in get_code
  File "<frozen importlib._bootstrap_external>", line 1059, in source_to_code
  File "<frozen importlib._bootstrap>", line 488, in _call_with_frames_removed
  File "/opt/airflow/dags/connect.py", line 96
    def generate_report(**context):
SyntaxError: expected 'except' or 'finally' block
[2025-11-09T16:56:20.366+0000] {processor.py:842} WARNING - No viable dags retrieved from /opt/airflow/dags/connect.py
[2025-11-09T16:56:20.390+0000] {processor.py:183} INFO - Processing /opt/airflow/dags/connect.py took 0.041 seconds
