[2025-11-09T13:19:06.838+0000] {processor.py:161} INFO - Started process (PID=162) to work on /opt/airflow/dags/first_dag.py
[2025-11-09T13:19:06.841+0000] {processor.py:830} INFO - Processing file /opt/airflow/dags/first_dag.py for tasks to queue
[2025-11-09T13:19:06.849+0000] {logging_mixin.py:188} INFO - [2025-11-09T13:19:06.848+0000] {dagbag.py:545} INFO - Filling up the DagBag from /opt/airflow/dags/first_dag.py
[2025-11-09T13:19:06.872+0000] {processor.py:840} INFO - DAG(s) 'first_dag' retrieved from /opt/airflow/dags/first_dag.py
[2025-11-09T13:19:06.918+0000] {logging_mixin.py:188} INFO - [2025-11-09T13:19:06.917+0000] {dag.py:3089} INFO - Sync 1 DAGs
[2025-11-09T13:19:06.958+0000] {logging_mixin.py:188} INFO - [2025-11-09T13:19:06.958+0000] {dag.py:3947} INFO - Setting next_dagrun for first_dag to 2025-11-09 00:00:00+00:00, run_after=2025-11-10 00:00:00+00:00
[2025-11-09T13:19:06.978+0000] {processor.py:183} INFO - Processing /opt/airflow/dags/first_dag.py took 0.161 seconds
[2025-11-09T13:19:37.143+0000] {processor.py:161} INFO - Started process (PID=185) to work on /opt/airflow/dags/first_dag.py
[2025-11-09T13:19:37.144+0000] {processor.py:830} INFO - Processing file /opt/airflow/dags/first_dag.py for tasks to queue
[2025-11-09T13:19:37.148+0000] {logging_mixin.py:188} INFO - [2025-11-09T13:19:37.148+0000] {dagbag.py:545} INFO - Filling up the DagBag from /opt/airflow/dags/first_dag.py
[2025-11-09T13:19:37.177+0000] {processor.py:840} INFO - DAG(s) 'first_dag' retrieved from /opt/airflow/dags/first_dag.py
[2025-11-09T13:19:37.461+0000] {logging_mixin.py:188} INFO - [2025-11-09T13:19:37.460+0000] {dag.py:3089} INFO - Sync 1 DAGs
[2025-11-09T13:19:37.488+0000] {logging_mixin.py:188} INFO - [2025-11-09T13:19:37.488+0000] {dag.py:3947} INFO - Setting next_dagrun for first_dag to 2025-11-09 00:00:00+00:00, run_after=2025-11-10 00:00:00+00:00
[2025-11-09T13:19:37.510+0000] {processor.py:183} INFO - Processing /opt/airflow/dags/first_dag.py took 0.374 seconds
[2025-11-09T13:20:07.676+0000] {processor.py:161} INFO - Started process (PID=199) to work on /opt/airflow/dags/first_dag.py
[2025-11-09T13:20:07.676+0000] {processor.py:830} INFO - Processing file /opt/airflow/dags/first_dag.py for tasks to queue
[2025-11-09T13:20:07.678+0000] {logging_mixin.py:188} INFO - [2025-11-09T13:20:07.678+0000] {dagbag.py:545} INFO - Filling up the DagBag from /opt/airflow/dags/first_dag.py
[2025-11-09T13:20:07.688+0000] {processor.py:840} INFO - DAG(s) 'first_dag' retrieved from /opt/airflow/dags/first_dag.py
[2025-11-09T13:20:07.715+0000] {logging_mixin.py:188} INFO - [2025-11-09T13:20:07.715+0000] {dag.py:3089} INFO - Sync 1 DAGs
[2025-11-09T13:20:07.737+0000] {logging_mixin.py:188} INFO - [2025-11-09T13:20:07.737+0000] {dag.py:3947} INFO - Setting next_dagrun for first_dag to 2025-11-09 00:00:00+00:00, run_after=2025-11-10 00:00:00+00:00
[2025-11-09T13:20:07.757+0000] {processor.py:183} INFO - Processing /opt/airflow/dags/first_dag.py took 0.087 seconds
[2025-11-09T13:20:37.956+0000] {processor.py:161} INFO - Started process (PID=209) to work on /opt/airflow/dags/first_dag.py
[2025-11-09T13:20:37.957+0000] {processor.py:830} INFO - Processing file /opt/airflow/dags/first_dag.py for tasks to queue
[2025-11-09T13:20:37.958+0000] {logging_mixin.py:188} INFO - [2025-11-09T13:20:37.958+0000] {dagbag.py:545} INFO - Filling up the DagBag from /opt/airflow/dags/first_dag.py
[2025-11-09T13:20:37.969+0000] {processor.py:840} INFO - DAG(s) 'first_dag' retrieved from /opt/airflow/dags/first_dag.py
[2025-11-09T13:20:37.992+0000] {logging_mixin.py:188} INFO - [2025-11-09T13:20:37.992+0000] {dag.py:3089} INFO - Sync 1 DAGs
[2025-11-09T13:20:38.011+0000] {logging_mixin.py:188} INFO - [2025-11-09T13:20:38.011+0000] {dag.py:3947} INFO - Setting next_dagrun for first_dag to 2025-11-09 00:00:00+00:00, run_after=2025-11-10 00:00:00+00:00
[2025-11-09T13:20:38.030+0000] {processor.py:183} INFO - Processing /opt/airflow/dags/first_dag.py took 0.079 seconds
[2025-11-09T13:21:08.209+0000] {processor.py:161} INFO - Started process (PID=219) to work on /opt/airflow/dags/first_dag.py
[2025-11-09T13:21:08.213+0000] {processor.py:830} INFO - Processing file /opt/airflow/dags/first_dag.py for tasks to queue
[2025-11-09T13:21:08.216+0000] {logging_mixin.py:188} INFO - [2025-11-09T13:21:08.215+0000] {dagbag.py:545} INFO - Filling up the DagBag from /opt/airflow/dags/first_dag.py
[2025-11-09T13:21:08.227+0000] {processor.py:840} INFO - DAG(s) 'first_dag' retrieved from /opt/airflow/dags/first_dag.py
[2025-11-09T13:21:08.259+0000] {logging_mixin.py:188} INFO - [2025-11-09T13:21:08.259+0000] {dag.py:3089} INFO - Sync 1 DAGs
[2025-11-09T13:21:08.284+0000] {logging_mixin.py:188} INFO - [2025-11-09T13:21:08.284+0000] {dag.py:3947} INFO - Setting next_dagrun for first_dag to 2025-11-09 00:00:00+00:00, run_after=2025-11-10 00:00:00+00:00
[2025-11-09T13:21:08.306+0000] {processor.py:183} INFO - Processing /opt/airflow/dags/first_dag.py took 0.106 seconds
[2025-11-09T13:21:38.475+0000] {processor.py:161} INFO - Started process (PID=229) to work on /opt/airflow/dags/first_dag.py
[2025-11-09T13:21:38.475+0000] {processor.py:830} INFO - Processing file /opt/airflow/dags/first_dag.py for tasks to queue
[2025-11-09T13:21:38.477+0000] {logging_mixin.py:188} INFO - [2025-11-09T13:21:38.477+0000] {dagbag.py:545} INFO - Filling up the DagBag from /opt/airflow/dags/first_dag.py
[2025-11-09T13:21:38.490+0000] {processor.py:840} INFO - DAG(s) 'first_dag' retrieved from /opt/airflow/dags/first_dag.py
[2025-11-09T13:21:38.516+0000] {logging_mixin.py:188} INFO - [2025-11-09T13:21:38.516+0000] {dag.py:3089} INFO - Sync 1 DAGs
[2025-11-09T13:21:38.535+0000] {logging_mixin.py:188} INFO - [2025-11-09T13:21:38.535+0000] {dag.py:3947} INFO - Setting next_dagrun for first_dag to 2025-11-09 00:00:00+00:00, run_after=2025-11-10 00:00:00+00:00
[2025-11-09T13:21:38.550+0000] {processor.py:183} INFO - Processing /opt/airflow/dags/first_dag.py took 0.081 seconds
[2025-11-09T13:22:08.730+0000] {processor.py:161} INFO - Started process (PID=239) to work on /opt/airflow/dags/first_dag.py
[2025-11-09T13:22:08.731+0000] {processor.py:830} INFO - Processing file /opt/airflow/dags/first_dag.py for tasks to queue
[2025-11-09T13:22:08.733+0000] {logging_mixin.py:188} INFO - [2025-11-09T13:22:08.732+0000] {dagbag.py:545} INFO - Filling up the DagBag from /opt/airflow/dags/first_dag.py
[2025-11-09T13:22:08.741+0000] {processor.py:840} INFO - DAG(s) 'first_dag' retrieved from /opt/airflow/dags/first_dag.py
[2025-11-09T13:22:08.765+0000] {logging_mixin.py:188} INFO - [2025-11-09T13:22:08.765+0000] {dag.py:3089} INFO - Sync 1 DAGs
[2025-11-09T13:22:08.786+0000] {logging_mixin.py:188} INFO - [2025-11-09T13:22:08.785+0000] {dag.py:3947} INFO - Setting next_dagrun for first_dag to 2025-11-09 00:00:00+00:00, run_after=2025-11-10 00:00:00+00:00
[2025-11-09T13:22:08.801+0000] {processor.py:183} INFO - Processing /opt/airflow/dags/first_dag.py took 0.078 seconds
[2025-11-09T13:22:39.010+0000] {processor.py:161} INFO - Started process (PID=249) to work on /opt/airflow/dags/first_dag.py
[2025-11-09T13:22:39.011+0000] {processor.py:830} INFO - Processing file /opt/airflow/dags/first_dag.py for tasks to queue
[2025-11-09T13:22:39.013+0000] {logging_mixin.py:188} INFO - [2025-11-09T13:22:39.012+0000] {dagbag.py:545} INFO - Filling up the DagBag from /opt/airflow/dags/first_dag.py
[2025-11-09T13:22:39.022+0000] {processor.py:840} INFO - DAG(s) 'first_dag' retrieved from /opt/airflow/dags/first_dag.py
[2025-11-09T13:22:39.059+0000] {logging_mixin.py:188} INFO - [2025-11-09T13:22:39.058+0000] {dag.py:3089} INFO - Sync 1 DAGs
[2025-11-09T13:22:39.086+0000] {logging_mixin.py:188} INFO - [2025-11-09T13:22:39.085+0000] {dag.py:3947} INFO - Setting next_dagrun for first_dag to 2025-11-09 00:00:00+00:00, run_after=2025-11-10 00:00:00+00:00
[2025-11-09T13:22:39.103+0000] {processor.py:183} INFO - Processing /opt/airflow/dags/first_dag.py took 0.106 seconds
[2025-11-09T13:23:09.204+0000] {processor.py:161} INFO - Started process (PID=259) to work on /opt/airflow/dags/first_dag.py
[2025-11-09T13:23:09.205+0000] {processor.py:830} INFO - Processing file /opt/airflow/dags/first_dag.py for tasks to queue
[2025-11-09T13:23:09.207+0000] {logging_mixin.py:188} INFO - [2025-11-09T13:23:09.206+0000] {dagbag.py:545} INFO - Filling up the DagBag from /opt/airflow/dags/first_dag.py
[2025-11-09T13:23:09.216+0000] {processor.py:840} INFO - DAG(s) 'first_dag' retrieved from /opt/airflow/dags/first_dag.py
[2025-11-09T13:23:09.245+0000] {logging_mixin.py:188} INFO - [2025-11-09T13:23:09.245+0000] {dag.py:3089} INFO - Sync 1 DAGs
[2025-11-09T13:23:09.263+0000] {logging_mixin.py:188} INFO - [2025-11-09T13:23:09.263+0000] {dag.py:3947} INFO - Setting next_dagrun for first_dag to 2025-11-09 00:00:00+00:00, run_after=2025-11-10 00:00:00+00:00
[2025-11-09T13:23:09.278+0000] {processor.py:183} INFO - Processing /opt/airflow/dags/first_dag.py took 0.080 seconds
[2025-11-09T13:23:39.452+0000] {processor.py:161} INFO - Started process (PID=269) to work on /opt/airflow/dags/first_dag.py
[2025-11-09T13:23:39.453+0000] {processor.py:830} INFO - Processing file /opt/airflow/dags/first_dag.py for tasks to queue
[2025-11-09T13:23:39.456+0000] {logging_mixin.py:188} INFO - [2025-11-09T13:23:39.455+0000] {dagbag.py:545} INFO - Filling up the DagBag from /opt/airflow/dags/first_dag.py
[2025-11-09T13:23:39.468+0000] {processor.py:840} INFO - DAG(s) 'first_dag' retrieved from /opt/airflow/dags/first_dag.py
[2025-11-09T13:23:39.495+0000] {logging_mixin.py:188} INFO - [2025-11-09T13:23:39.495+0000] {dag.py:3089} INFO - Sync 1 DAGs
[2025-11-09T13:23:39.516+0000] {logging_mixin.py:188} INFO - [2025-11-09T13:23:39.516+0000] {dag.py:3947} INFO - Setting next_dagrun for first_dag to 2025-11-09 00:00:00+00:00, run_after=2025-11-10 00:00:00+00:00
[2025-11-09T13:23:39.534+0000] {processor.py:183} INFO - Processing /opt/airflow/dags/first_dag.py took 0.094 seconds
[2025-11-09T13:24:09.685+0000] {processor.py:161} INFO - Started process (PID=279) to work on /opt/airflow/dags/first_dag.py
[2025-11-09T13:24:09.686+0000] {processor.py:830} INFO - Processing file /opt/airflow/dags/first_dag.py for tasks to queue
[2025-11-09T13:24:09.689+0000] {logging_mixin.py:188} INFO - [2025-11-09T13:24:09.689+0000] {dagbag.py:545} INFO - Filling up the DagBag from /opt/airflow/dags/first_dag.py
[2025-11-09T13:24:09.703+0000] {processor.py:840} INFO - DAG(s) 'first_dag' retrieved from /opt/airflow/dags/first_dag.py
[2025-11-09T13:24:09.735+0000] {logging_mixin.py:188} INFO - [2025-11-09T13:24:09.735+0000] {dag.py:3089} INFO - Sync 1 DAGs
[2025-11-09T13:24:09.758+0000] {logging_mixin.py:188} INFO - [2025-11-09T13:24:09.758+0000] {dag.py:3947} INFO - Setting next_dagrun for first_dag to 2025-11-09 00:00:00+00:00, run_after=2025-11-10 00:00:00+00:00
[2025-11-09T13:24:09.780+0000] {processor.py:183} INFO - Processing /opt/airflow/dags/first_dag.py took 0.107 seconds
[2025-11-09T13:24:39.853+0000] {processor.py:161} INFO - Started process (PID=289) to work on /opt/airflow/dags/first_dag.py
[2025-11-09T13:24:39.855+0000] {processor.py:830} INFO - Processing file /opt/airflow/dags/first_dag.py for tasks to queue
[2025-11-09T13:24:39.856+0000] {logging_mixin.py:188} INFO - [2025-11-09T13:24:39.856+0000] {dagbag.py:545} INFO - Filling up the DagBag from /opt/airflow/dags/first_dag.py
[2025-11-09T13:24:39.866+0000] {processor.py:840} INFO - DAG(s) 'first_dag' retrieved from /opt/airflow/dags/first_dag.py
[2025-11-09T13:24:39.889+0000] {logging_mixin.py:188} INFO - [2025-11-09T13:24:39.889+0000] {dag.py:3089} INFO - Sync 1 DAGs
[2025-11-09T13:24:39.909+0000] {logging_mixin.py:188} INFO - [2025-11-09T13:24:39.908+0000] {dag.py:3947} INFO - Setting next_dagrun for first_dag to 2025-11-09 00:00:00+00:00, run_after=2025-11-10 00:00:00+00:00
[2025-11-09T13:24:39.925+0000] {processor.py:183} INFO - Processing /opt/airflow/dags/first_dag.py took 0.078 seconds
[2025-11-09T13:25:10.127+0000] {processor.py:161} INFO - Started process (PID=299) to work on /opt/airflow/dags/first_dag.py
[2025-11-09T13:25:10.127+0000] {processor.py:830} INFO - Processing file /opt/airflow/dags/first_dag.py for tasks to queue
[2025-11-09T13:25:10.129+0000] {logging_mixin.py:188} INFO - [2025-11-09T13:25:10.129+0000] {dagbag.py:545} INFO - Filling up the DagBag from /opt/airflow/dags/first_dag.py
[2025-11-09T13:25:10.143+0000] {processor.py:840} INFO - DAG(s) 'first_dag' retrieved from /opt/airflow/dags/first_dag.py
[2025-11-09T13:25:10.172+0000] {logging_mixin.py:188} INFO - [2025-11-09T13:25:10.171+0000] {dag.py:3089} INFO - Sync 1 DAGs
[2025-11-09T13:25:10.193+0000] {logging_mixin.py:188} INFO - [2025-11-09T13:25:10.192+0000] {dag.py:3947} INFO - Setting next_dagrun for first_dag to 2025-11-09 00:00:00+00:00, run_after=2025-11-10 00:00:00+00:00
[2025-11-09T13:25:10.209+0000] {processor.py:183} INFO - Processing /opt/airflow/dags/first_dag.py took 0.090 seconds
[2025-11-09T13:25:40.348+0000] {processor.py:161} INFO - Started process (PID=309) to work on /opt/airflow/dags/first_dag.py
[2025-11-09T13:25:40.350+0000] {processor.py:830} INFO - Processing file /opt/airflow/dags/first_dag.py for tasks to queue
[2025-11-09T13:25:40.353+0000] {logging_mixin.py:188} INFO - [2025-11-09T13:25:40.352+0000] {dagbag.py:545} INFO - Filling up the DagBag from /opt/airflow/dags/first_dag.py
[2025-11-09T13:25:40.366+0000] {processor.py:840} INFO - DAG(s) 'first_dag' retrieved from /opt/airflow/dags/first_dag.py
[2025-11-09T13:25:40.395+0000] {logging_mixin.py:188} INFO - [2025-11-09T13:25:40.394+0000] {dag.py:3089} INFO - Sync 1 DAGs
[2025-11-09T13:25:40.418+0000] {logging_mixin.py:188} INFO - [2025-11-09T13:25:40.418+0000] {dag.py:3947} INFO - Setting next_dagrun for first_dag to 2025-11-09 00:00:00+00:00, run_after=2025-11-10 00:00:00+00:00
[2025-11-09T13:25:40.439+0000] {processor.py:183} INFO - Processing /opt/airflow/dags/first_dag.py took 0.103 seconds
[2025-11-09T13:26:10.640+0000] {processor.py:161} INFO - Started process (PID=319) to work on /opt/airflow/dags/first_dag.py
[2025-11-09T13:26:10.641+0000] {processor.py:830} INFO - Processing file /opt/airflow/dags/first_dag.py for tasks to queue
[2025-11-09T13:26:10.642+0000] {logging_mixin.py:188} INFO - [2025-11-09T13:26:10.642+0000] {dagbag.py:545} INFO - Filling up the DagBag from /opt/airflow/dags/first_dag.py
[2025-11-09T13:26:10.651+0000] {processor.py:840} INFO - DAG(s) 'first_dag' retrieved from /opt/airflow/dags/first_dag.py
[2025-11-09T13:26:10.681+0000] {logging_mixin.py:188} INFO - [2025-11-09T13:26:10.680+0000] {dag.py:3089} INFO - Sync 1 DAGs
[2025-11-09T13:26:10.704+0000] {logging_mixin.py:188} INFO - [2025-11-09T13:26:10.704+0000] {dag.py:3947} INFO - Setting next_dagrun for first_dag to 2025-11-09 00:00:00+00:00, run_after=2025-11-10 00:00:00+00:00
[2025-11-09T13:26:10.725+0000] {processor.py:183} INFO - Processing /opt/airflow/dags/first_dag.py took 0.091 seconds
[2025-11-09T13:26:40.889+0000] {processor.py:161} INFO - Started process (PID=333) to work on /opt/airflow/dags/first_dag.py
[2025-11-09T13:26:40.891+0000] {processor.py:830} INFO - Processing file /opt/airflow/dags/first_dag.py for tasks to queue
[2025-11-09T13:26:40.893+0000] {logging_mixin.py:188} INFO - [2025-11-09T13:26:40.893+0000] {dagbag.py:545} INFO - Filling up the DagBag from /opt/airflow/dags/first_dag.py
[2025-11-09T13:26:40.906+0000] {processor.py:840} INFO - DAG(s) 'first_dag' retrieved from /opt/airflow/dags/first_dag.py
[2025-11-09T13:26:40.934+0000] {logging_mixin.py:188} INFO - [2025-11-09T13:26:40.934+0000] {dag.py:3089} INFO - Sync 1 DAGs
[2025-11-09T13:26:40.956+0000] {logging_mixin.py:188} INFO - [2025-11-09T13:26:40.956+0000] {dag.py:3947} INFO - Setting next_dagrun for first_dag to 2025-11-09 00:00:00+00:00, run_after=2025-11-10 00:00:00+00:00
[2025-11-09T13:26:40.976+0000] {processor.py:183} INFO - Processing /opt/airflow/dags/first_dag.py took 0.100 seconds
[2025-11-09T13:27:11.177+0000] {processor.py:161} INFO - Started process (PID=343) to work on /opt/airflow/dags/first_dag.py
[2025-11-09T13:27:11.178+0000] {processor.py:830} INFO - Processing file /opt/airflow/dags/first_dag.py for tasks to queue
[2025-11-09T13:27:11.180+0000] {logging_mixin.py:188} INFO - [2025-11-09T13:27:11.180+0000] {dagbag.py:545} INFO - Filling up the DagBag from /opt/airflow/dags/first_dag.py
[2025-11-09T13:27:11.189+0000] {processor.py:840} INFO - DAG(s) 'first_dag' retrieved from /opt/airflow/dags/first_dag.py
[2025-11-09T13:27:11.218+0000] {logging_mixin.py:188} INFO - [2025-11-09T13:27:11.218+0000] {dag.py:3089} INFO - Sync 1 DAGs
[2025-11-09T13:27:11.246+0000] {logging_mixin.py:188} INFO - [2025-11-09T13:27:11.245+0000] {dag.py:3947} INFO - Setting next_dagrun for first_dag to 2025-11-09 00:00:00+00:00, run_after=2025-11-10 00:00:00+00:00
[2025-11-09T13:27:11.266+0000] {processor.py:183} INFO - Processing /opt/airflow/dags/first_dag.py took 0.097 seconds
[2025-11-09T13:27:41.337+0000] {processor.py:161} INFO - Started process (PID=357) to work on /opt/airflow/dags/first_dag.py
[2025-11-09T13:27:41.337+0000] {processor.py:830} INFO - Processing file /opt/airflow/dags/first_dag.py for tasks to queue
[2025-11-09T13:27:41.339+0000] {logging_mixin.py:188} INFO - [2025-11-09T13:27:41.339+0000] {dagbag.py:545} INFO - Filling up the DagBag from /opt/airflow/dags/first_dag.py
[2025-11-09T13:27:41.350+0000] {processor.py:840} INFO - DAG(s) 'first_dag' retrieved from /opt/airflow/dags/first_dag.py
[2025-11-09T13:27:41.380+0000] {logging_mixin.py:188} INFO - [2025-11-09T13:27:41.379+0000] {dag.py:3089} INFO - Sync 1 DAGs
[2025-11-09T13:27:41.410+0000] {logging_mixin.py:188} INFO - [2025-11-09T13:27:41.409+0000] {dag.py:3947} INFO - Setting next_dagrun for first_dag to 2025-11-09 00:00:00+00:00, run_after=2025-11-10 00:00:00+00:00
[2025-11-09T13:27:41.430+0000] {processor.py:183} INFO - Processing /opt/airflow/dags/first_dag.py took 0.100 seconds
[2025-11-09T13:28:11.620+0000] {processor.py:161} INFO - Started process (PID=367) to work on /opt/airflow/dags/first_dag.py
[2025-11-09T13:28:11.621+0000] {processor.py:830} INFO - Processing file /opt/airflow/dags/first_dag.py for tasks to queue
[2025-11-09T13:28:11.623+0000] {logging_mixin.py:188} INFO - [2025-11-09T13:28:11.623+0000] {dagbag.py:545} INFO - Filling up the DagBag from /opt/airflow/dags/first_dag.py
[2025-11-09T13:28:11.631+0000] {processor.py:840} INFO - DAG(s) 'first_dag' retrieved from /opt/airflow/dags/first_dag.py
[2025-11-09T13:28:11.655+0000] {logging_mixin.py:188} INFO - [2025-11-09T13:28:11.654+0000] {dag.py:3089} INFO - Sync 1 DAGs
[2025-11-09T13:28:11.673+0000] {logging_mixin.py:188} INFO - [2025-11-09T13:28:11.672+0000] {dag.py:3947} INFO - Setting next_dagrun for first_dag to 2025-11-09 00:00:00+00:00, run_after=2025-11-10 00:00:00+00:00
[2025-11-09T13:28:11.714+0000] {processor.py:183} INFO - Processing /opt/airflow/dags/first_dag.py took 0.100 seconds
[2025-11-09T13:28:41.814+0000] {processor.py:161} INFO - Started process (PID=377) to work on /opt/airflow/dags/first_dag.py
[2025-11-09T13:28:41.815+0000] {processor.py:830} INFO - Processing file /opt/airflow/dags/first_dag.py for tasks to queue
[2025-11-09T13:28:41.817+0000] {logging_mixin.py:188} INFO - [2025-11-09T13:28:41.816+0000] {dagbag.py:545} INFO - Filling up the DagBag from /opt/airflow/dags/first_dag.py
[2025-11-09T13:28:41.827+0000] {processor.py:840} INFO - DAG(s) 'first_dag' retrieved from /opt/airflow/dags/first_dag.py
[2025-11-09T13:28:41.850+0000] {logging_mixin.py:188} INFO - [2025-11-09T13:28:41.849+0000] {dag.py:3089} INFO - Sync 1 DAGs
[2025-11-09T13:28:41.869+0000] {logging_mixin.py:188} INFO - [2025-11-09T13:28:41.869+0000] {dag.py:3947} INFO - Setting next_dagrun for first_dag to 2025-11-09 00:00:00+00:00, run_after=2025-11-10 00:00:00+00:00
[2025-11-09T13:28:41.885+0000] {processor.py:183} INFO - Processing /opt/airflow/dags/first_dag.py took 0.077 seconds
[2025-11-09T13:29:12.101+0000] {processor.py:161} INFO - Started process (PID=387) to work on /opt/airflow/dags/first_dag.py
[2025-11-09T13:29:12.102+0000] {processor.py:830} INFO - Processing file /opt/airflow/dags/first_dag.py for tasks to queue
[2025-11-09T13:29:12.104+0000] {logging_mixin.py:188} INFO - [2025-11-09T13:29:12.104+0000] {dagbag.py:545} INFO - Filling up the DagBag from /opt/airflow/dags/first_dag.py
[2025-11-09T13:29:12.115+0000] {processor.py:840} INFO - DAG(s) 'first_dag' retrieved from /opt/airflow/dags/first_dag.py
[2025-11-09T13:29:12.147+0000] {logging_mixin.py:188} INFO - [2025-11-09T13:29:12.146+0000] {dag.py:3089} INFO - Sync 1 DAGs
[2025-11-09T13:29:12.174+0000] {logging_mixin.py:188} INFO - [2025-11-09T13:29:12.174+0000] {dag.py:3947} INFO - Setting next_dagrun for first_dag to 2025-11-09 00:00:00+00:00, run_after=2025-11-10 00:00:00+00:00
[2025-11-09T13:29:12.193+0000] {processor.py:183} INFO - Processing /opt/airflow/dags/first_dag.py took 0.100 seconds
[2025-11-09T13:29:42.407+0000] {processor.py:161} INFO - Started process (PID=397) to work on /opt/airflow/dags/first_dag.py
[2025-11-09T13:29:42.408+0000] {processor.py:830} INFO - Processing file /opt/airflow/dags/first_dag.py for tasks to queue
[2025-11-09T13:29:42.410+0000] {logging_mixin.py:188} INFO - [2025-11-09T13:29:42.410+0000] {dagbag.py:545} INFO - Filling up the DagBag from /opt/airflow/dags/first_dag.py
[2025-11-09T13:29:42.422+0000] {processor.py:840} INFO - DAG(s) 'first_dag' retrieved from /opt/airflow/dags/first_dag.py
[2025-11-09T13:29:42.450+0000] {logging_mixin.py:188} INFO - [2025-11-09T13:29:42.449+0000] {dag.py:3089} INFO - Sync 1 DAGs
[2025-11-09T13:29:42.473+0000] {logging_mixin.py:188} INFO - [2025-11-09T13:29:42.473+0000] {dag.py:3947} INFO - Setting next_dagrun for first_dag to 2025-11-09 00:00:00+00:00, run_after=2025-11-10 00:00:00+00:00
[2025-11-09T13:29:42.490+0000] {processor.py:183} INFO - Processing /opt/airflow/dags/first_dag.py took 0.094 seconds
[2025-11-09T13:30:12.606+0000] {processor.py:161} INFO - Started process (PID=407) to work on /opt/airflow/dags/first_dag.py
[2025-11-09T13:30:12.608+0000] {processor.py:830} INFO - Processing file /opt/airflow/dags/first_dag.py for tasks to queue
[2025-11-09T13:30:12.612+0000] {logging_mixin.py:188} INFO - [2025-11-09T13:30:12.612+0000] {dagbag.py:545} INFO - Filling up the DagBag from /opt/airflow/dags/first_dag.py
[2025-11-09T13:30:12.631+0000] {processor.py:840} INFO - DAG(s) 'first_dag' retrieved from /opt/airflow/dags/first_dag.py
[2025-11-09T13:30:12.654+0000] {logging_mixin.py:188} INFO - [2025-11-09T13:30:12.654+0000] {dag.py:3089} INFO - Sync 1 DAGs
[2025-11-09T13:30:12.676+0000] {logging_mixin.py:188} INFO - [2025-11-09T13:30:12.676+0000] {dag.py:3947} INFO - Setting next_dagrun for first_dag to 2025-11-09 00:00:00+00:00, run_after=2025-11-10 00:00:00+00:00
[2025-11-09T13:30:12.693+0000] {processor.py:183} INFO - Processing /opt/airflow/dags/first_dag.py took 0.106 seconds
[2025-11-09T13:30:42.887+0000] {processor.py:161} INFO - Started process (PID=417) to work on /opt/airflow/dags/first_dag.py
[2025-11-09T13:30:42.888+0000] {processor.py:830} INFO - Processing file /opt/airflow/dags/first_dag.py for tasks to queue
[2025-11-09T13:30:42.891+0000] {logging_mixin.py:188} INFO - [2025-11-09T13:30:42.891+0000] {dagbag.py:545} INFO - Filling up the DagBag from /opt/airflow/dags/first_dag.py
[2025-11-09T13:30:42.904+0000] {processor.py:840} INFO - DAG(s) 'first_dag' retrieved from /opt/airflow/dags/first_dag.py
[2025-11-09T13:30:42.926+0000] {logging_mixin.py:188} INFO - [2025-11-09T13:30:42.926+0000] {dag.py:3089} INFO - Sync 1 DAGs
[2025-11-09T13:30:42.945+0000] {logging_mixin.py:188} INFO - [2025-11-09T13:30:42.945+0000] {dag.py:3947} INFO - Setting next_dagrun for first_dag to 2025-11-09 00:00:00+00:00, run_after=2025-11-10 00:00:00+00:00
[2025-11-09T13:30:42.961+0000] {processor.py:183} INFO - Processing /opt/airflow/dags/first_dag.py took 0.086 seconds
[2025-11-09T13:31:13.079+0000] {processor.py:161} INFO - Started process (PID=427) to work on /opt/airflow/dags/first_dag.py
[2025-11-09T13:31:13.079+0000] {processor.py:830} INFO - Processing file /opt/airflow/dags/first_dag.py for tasks to queue
[2025-11-09T13:31:13.081+0000] {logging_mixin.py:188} INFO - [2025-11-09T13:31:13.081+0000] {dagbag.py:545} INFO - Filling up the DagBag from /opt/airflow/dags/first_dag.py
[2025-11-09T13:31:13.090+0000] {processor.py:840} INFO - DAG(s) 'first_dag' retrieved from /opt/airflow/dags/first_dag.py
[2025-11-09T13:31:13.113+0000] {logging_mixin.py:188} INFO - [2025-11-09T13:31:13.112+0000] {dag.py:3089} INFO - Sync 1 DAGs
[2025-11-09T13:31:13.135+0000] {logging_mixin.py:188} INFO - [2025-11-09T13:31:13.135+0000] {dag.py:3947} INFO - Setting next_dagrun for first_dag to 2025-11-09 00:00:00+00:00, run_after=2025-11-10 00:00:00+00:00
[2025-11-09T13:31:13.152+0000] {processor.py:183} INFO - Processing /opt/airflow/dags/first_dag.py took 0.079 seconds
[2025-11-09T13:31:43.386+0000] {processor.py:161} INFO - Started process (PID=437) to work on /opt/airflow/dags/first_dag.py
[2025-11-09T13:31:43.389+0000] {processor.py:830} INFO - Processing file /opt/airflow/dags/first_dag.py for tasks to queue
[2025-11-09T13:31:43.391+0000] {logging_mixin.py:188} INFO - [2025-11-09T13:31:43.391+0000] {dagbag.py:545} INFO - Filling up the DagBag from /opt/airflow/dags/first_dag.py
[2025-11-09T13:31:43.404+0000] {processor.py:840} INFO - DAG(s) 'first_dag' retrieved from /opt/airflow/dags/first_dag.py
[2025-11-09T13:31:43.429+0000] {logging_mixin.py:188} INFO - [2025-11-09T13:31:43.429+0000] {dag.py:3089} INFO - Sync 1 DAGs
[2025-11-09T13:31:43.447+0000] {logging_mixin.py:188} INFO - [2025-11-09T13:31:43.447+0000] {dag.py:3947} INFO - Setting next_dagrun for first_dag to 2025-11-09 00:00:00+00:00, run_after=2025-11-10 00:00:00+00:00
[2025-11-09T13:31:43.463+0000] {processor.py:183} INFO - Processing /opt/airflow/dags/first_dag.py took 0.090 seconds
[2025-11-09T13:32:13.547+0000] {processor.py:161} INFO - Started process (PID=447) to work on /opt/airflow/dags/first_dag.py
[2025-11-09T13:32:13.548+0000] {processor.py:830} INFO - Processing file /opt/airflow/dags/first_dag.py for tasks to queue
[2025-11-09T13:32:13.550+0000] {logging_mixin.py:188} INFO - [2025-11-09T13:32:13.549+0000] {dagbag.py:545} INFO - Filling up the DagBag from /opt/airflow/dags/first_dag.py
[2025-11-09T13:32:13.559+0000] {processor.py:840} INFO - DAG(s) 'first_dag' retrieved from /opt/airflow/dags/first_dag.py
[2025-11-09T13:32:13.582+0000] {logging_mixin.py:188} INFO - [2025-11-09T13:32:13.582+0000] {dag.py:3089} INFO - Sync 1 DAGs
[2025-11-09T13:32:13.601+0000] {logging_mixin.py:188} INFO - [2025-11-09T13:32:13.601+0000] {dag.py:3947} INFO - Setting next_dagrun for first_dag to 2025-11-09 00:00:00+00:00, run_after=2025-11-10 00:00:00+00:00
[2025-11-09T13:32:13.617+0000] {processor.py:183} INFO - Processing /opt/airflow/dags/first_dag.py took 0.076 seconds
[2025-11-09T13:32:43.777+0000] {processor.py:161} INFO - Started process (PID=457) to work on /opt/airflow/dags/first_dag.py
[2025-11-09T13:32:43.779+0000] {processor.py:830} INFO - Processing file /opt/airflow/dags/first_dag.py for tasks to queue
[2025-11-09T13:32:43.781+0000] {logging_mixin.py:188} INFO - [2025-11-09T13:32:43.781+0000] {dagbag.py:545} INFO - Filling up the DagBag from /opt/airflow/dags/first_dag.py
[2025-11-09T13:32:43.790+0000] {processor.py:840} INFO - DAG(s) 'first_dag' retrieved from /opt/airflow/dags/first_dag.py
[2025-11-09T13:32:43.817+0000] {logging_mixin.py:188} INFO - [2025-11-09T13:32:43.817+0000] {dag.py:3089} INFO - Sync 1 DAGs
[2025-11-09T13:32:43.836+0000] {logging_mixin.py:188} INFO - [2025-11-09T13:32:43.836+0000] {dag.py:3947} INFO - Setting next_dagrun for first_dag to 2025-11-09 00:00:00+00:00, run_after=2025-11-10 00:00:00+00:00
[2025-11-09T13:32:43.855+0000] {processor.py:183} INFO - Processing /opt/airflow/dags/first_dag.py took 0.084 seconds
[2025-11-09T13:33:13.949+0000] {processor.py:161} INFO - Started process (PID=467) to work on /opt/airflow/dags/first_dag.py
[2025-11-09T13:33:13.949+0000] {processor.py:830} INFO - Processing file /opt/airflow/dags/first_dag.py for tasks to queue
[2025-11-09T13:33:13.951+0000] {logging_mixin.py:188} INFO - [2025-11-09T13:33:13.951+0000] {dagbag.py:545} INFO - Filling up the DagBag from /opt/airflow/dags/first_dag.py
[2025-11-09T13:33:13.960+0000] {processor.py:840} INFO - DAG(s) 'first_dag' retrieved from /opt/airflow/dags/first_dag.py
[2025-11-09T13:33:13.984+0000] {logging_mixin.py:188} INFO - [2025-11-09T13:33:13.984+0000] {dag.py:3089} INFO - Sync 1 DAGs
[2025-11-09T13:33:14.007+0000] {logging_mixin.py:188} INFO - [2025-11-09T13:33:14.007+0000] {dag.py:3947} INFO - Setting next_dagrun for first_dag to 2025-11-09 00:00:00+00:00, run_after=2025-11-10 00:00:00+00:00
[2025-11-09T13:33:14.025+0000] {processor.py:183} INFO - Processing /opt/airflow/dags/first_dag.py took 0.082 seconds
[2025-11-09T13:33:44.166+0000] {processor.py:161} INFO - Started process (PID=477) to work on /opt/airflow/dags/first_dag.py
[2025-11-09T13:33:44.166+0000] {processor.py:830} INFO - Processing file /opt/airflow/dags/first_dag.py for tasks to queue
[2025-11-09T13:33:44.168+0000] {logging_mixin.py:188} INFO - [2025-11-09T13:33:44.168+0000] {dagbag.py:545} INFO - Filling up the DagBag from /opt/airflow/dags/first_dag.py
[2025-11-09T13:33:44.177+0000] {processor.py:840} INFO - DAG(s) 'first_dag' retrieved from /opt/airflow/dags/first_dag.py
[2025-11-09T13:33:44.199+0000] {logging_mixin.py:188} INFO - [2025-11-09T13:33:44.199+0000] {dag.py:3089} INFO - Sync 1 DAGs
[2025-11-09T13:33:44.219+0000] {logging_mixin.py:188} INFO - [2025-11-09T13:33:44.219+0000] {dag.py:3947} INFO - Setting next_dagrun for first_dag to 2025-11-09 00:00:00+00:00, run_after=2025-11-10 00:00:00+00:00
[2025-11-09T13:33:44.235+0000] {processor.py:183} INFO - Processing /opt/airflow/dags/first_dag.py took 0.075 seconds
[2025-11-09T13:34:14.347+0000] {processor.py:161} INFO - Started process (PID=487) to work on /opt/airflow/dags/first_dag.py
[2025-11-09T13:34:14.349+0000] {processor.py:830} INFO - Processing file /opt/airflow/dags/first_dag.py for tasks to queue
[2025-11-09T13:34:14.350+0000] {logging_mixin.py:188} INFO - [2025-11-09T13:34:14.350+0000] {dagbag.py:545} INFO - Filling up the DagBag from /opt/airflow/dags/first_dag.py
[2025-11-09T13:34:14.361+0000] {processor.py:840} INFO - DAG(s) 'first_dag' retrieved from /opt/airflow/dags/first_dag.py
[2025-11-09T13:34:14.389+0000] {logging_mixin.py:188} INFO - [2025-11-09T13:34:14.389+0000] {dag.py:3089} INFO - Sync 1 DAGs
[2025-11-09T13:34:14.408+0000] {logging_mixin.py:188} INFO - [2025-11-09T13:34:14.408+0000] {dag.py:3947} INFO - Setting next_dagrun for first_dag to 2025-11-09 00:00:00+00:00, run_after=2025-11-10 00:00:00+00:00
[2025-11-09T13:34:14.431+0000] {processor.py:183} INFO - Processing /opt/airflow/dags/first_dag.py took 0.090 seconds
[2025-11-09T13:34:44.652+0000] {processor.py:161} INFO - Started process (PID=497) to work on /opt/airflow/dags/first_dag.py
[2025-11-09T13:34:44.654+0000] {processor.py:830} INFO - Processing file /opt/airflow/dags/first_dag.py for tasks to queue
[2025-11-09T13:34:44.658+0000] {logging_mixin.py:188} INFO - [2025-11-09T13:34:44.657+0000] {dagbag.py:545} INFO - Filling up the DagBag from /opt/airflow/dags/first_dag.py
[2025-11-09T13:34:44.671+0000] {processor.py:840} INFO - DAG(s) 'first_dag' retrieved from /opt/airflow/dags/first_dag.py
[2025-11-09T13:34:44.699+0000] {logging_mixin.py:188} INFO - [2025-11-09T13:34:44.699+0000] {dag.py:3089} INFO - Sync 1 DAGs
[2025-11-09T13:34:44.723+0000] {logging_mixin.py:188} INFO - [2025-11-09T13:34:44.722+0000] {dag.py:3947} INFO - Setting next_dagrun for first_dag to 2025-11-09 00:00:00+00:00, run_after=2025-11-10 00:00:00+00:00
[2025-11-09T13:34:44.739+0000] {processor.py:183} INFO - Processing /opt/airflow/dags/first_dag.py took 0.102 seconds
[2025-11-09T13:35:14.848+0000] {processor.py:161} INFO - Started process (PID=507) to work on /opt/airflow/dags/first_dag.py
[2025-11-09T13:35:14.851+0000] {processor.py:830} INFO - Processing file /opt/airflow/dags/first_dag.py for tasks to queue
[2025-11-09T13:35:14.853+0000] {logging_mixin.py:188} INFO - [2025-11-09T13:35:14.852+0000] {dagbag.py:545} INFO - Filling up the DagBag from /opt/airflow/dags/first_dag.py
[2025-11-09T13:35:14.864+0000] {processor.py:840} INFO - DAG(s) 'first_dag' retrieved from /opt/airflow/dags/first_dag.py
[2025-11-09T13:35:14.890+0000] {logging_mixin.py:188} INFO - [2025-11-09T13:35:14.890+0000] {dag.py:3089} INFO - Sync 1 DAGs
[2025-11-09T13:35:14.909+0000] {logging_mixin.py:188} INFO - [2025-11-09T13:35:14.908+0000] {dag.py:3947} INFO - Setting next_dagrun for first_dag to 2025-11-09 00:00:00+00:00, run_after=2025-11-10 00:00:00+00:00
[2025-11-09T13:35:14.925+0000] {processor.py:183} INFO - Processing /opt/airflow/dags/first_dag.py took 0.085 seconds
[2025-11-09T13:35:45.034+0000] {processor.py:161} INFO - Started process (PID=517) to work on /opt/airflow/dags/first_dag.py
[2025-11-09T13:35:45.035+0000] {processor.py:830} INFO - Processing file /opt/airflow/dags/first_dag.py for tasks to queue
[2025-11-09T13:35:45.037+0000] {logging_mixin.py:188} INFO - [2025-11-09T13:35:45.037+0000] {dagbag.py:545} INFO - Filling up the DagBag from /opt/airflow/dags/first_dag.py
[2025-11-09T13:35:45.046+0000] {processor.py:840} INFO - DAG(s) 'first_dag' retrieved from /opt/airflow/dags/first_dag.py
[2025-11-09T13:35:45.072+0000] {logging_mixin.py:188} INFO - [2025-11-09T13:35:45.072+0000] {dag.py:3089} INFO - Sync 1 DAGs
[2025-11-09T13:35:45.091+0000] {logging_mixin.py:188} INFO - [2025-11-09T13:35:45.091+0000] {dag.py:3947} INFO - Setting next_dagrun for first_dag to 2025-11-09 00:00:00+00:00, run_after=2025-11-10 00:00:00+00:00
[2025-11-09T13:35:45.107+0000] {processor.py:183} INFO - Processing /opt/airflow/dags/first_dag.py took 0.078 seconds
[2025-11-09T13:36:15.296+0000] {processor.py:161} INFO - Started process (PID=527) to work on /opt/airflow/dags/first_dag.py
[2025-11-09T13:36:15.297+0000] {processor.py:830} INFO - Processing file /opt/airflow/dags/first_dag.py for tasks to queue
[2025-11-09T13:36:15.299+0000] {logging_mixin.py:188} INFO - [2025-11-09T13:36:15.299+0000] {dagbag.py:545} INFO - Filling up the DagBag from /opt/airflow/dags/first_dag.py
[2025-11-09T13:36:15.309+0000] {processor.py:840} INFO - DAG(s) 'first_dag' retrieved from /opt/airflow/dags/first_dag.py
[2025-11-09T13:36:15.338+0000] {logging_mixin.py:188} INFO - [2025-11-09T13:36:15.337+0000] {dag.py:3089} INFO - Sync 1 DAGs
[2025-11-09T13:36:15.361+0000] {logging_mixin.py:188} INFO - [2025-11-09T13:36:15.361+0000] {dag.py:3947} INFO - Setting next_dagrun for first_dag to 2025-11-09 00:00:00+00:00, run_after=2025-11-10 00:00:00+00:00
[2025-11-09T13:36:15.380+0000] {processor.py:183} INFO - Processing /opt/airflow/dags/first_dag.py took 0.089 seconds
[2025-11-09T13:36:45.484+0000] {processor.py:161} INFO - Started process (PID=537) to work on /opt/airflow/dags/first_dag.py
[2025-11-09T13:36:45.485+0000] {processor.py:830} INFO - Processing file /opt/airflow/dags/first_dag.py for tasks to queue
[2025-11-09T13:36:45.488+0000] {logging_mixin.py:188} INFO - [2025-11-09T13:36:45.488+0000] {dagbag.py:545} INFO - Filling up the DagBag from /opt/airflow/dags/first_dag.py
[2025-11-09T13:36:45.504+0000] {processor.py:840} INFO - DAG(s) 'first_dag' retrieved from /opt/airflow/dags/first_dag.py
[2025-11-09T13:36:45.526+0000] {logging_mixin.py:188} INFO - [2025-11-09T13:36:45.526+0000] {dag.py:3089} INFO - Sync 1 DAGs
[2025-11-09T13:36:45.544+0000] {logging_mixin.py:188} INFO - [2025-11-09T13:36:45.544+0000] {dag.py:3947} INFO - Setting next_dagrun for first_dag to 2025-11-09 00:00:00+00:00, run_after=2025-11-10 00:00:00+00:00
[2025-11-09T13:36:45.561+0000] {processor.py:183} INFO - Processing /opt/airflow/dags/first_dag.py took 0.091 seconds
[2025-11-09T13:37:15.695+0000] {processor.py:161} INFO - Started process (PID=547) to work on /opt/airflow/dags/first_dag.py
[2025-11-09T13:37:15.695+0000] {processor.py:830} INFO - Processing file /opt/airflow/dags/first_dag.py for tasks to queue
[2025-11-09T13:37:15.697+0000] {logging_mixin.py:188} INFO - [2025-11-09T13:37:15.697+0000] {dagbag.py:545} INFO - Filling up the DagBag from /opt/airflow/dags/first_dag.py
[2025-11-09T13:37:15.705+0000] {processor.py:840} INFO - DAG(s) 'first_dag' retrieved from /opt/airflow/dags/first_dag.py
[2025-11-09T13:37:15.733+0000] {logging_mixin.py:188} INFO - [2025-11-09T13:37:15.733+0000] {dag.py:3089} INFO - Sync 1 DAGs
[2025-11-09T13:37:15.756+0000] {logging_mixin.py:188} INFO - [2025-11-09T13:37:15.756+0000] {dag.py:3947} INFO - Setting next_dagrun for first_dag to 2025-11-09 00:00:00+00:00, run_after=2025-11-10 00:00:00+00:00
[2025-11-09T13:37:15.774+0000] {processor.py:183} INFO - Processing /opt/airflow/dags/first_dag.py took 0.085 seconds
[2025-11-09T13:37:45.894+0000] {processor.py:161} INFO - Started process (PID=557) to work on /opt/airflow/dags/first_dag.py
[2025-11-09T13:37:45.895+0000] {processor.py:830} INFO - Processing file /opt/airflow/dags/first_dag.py for tasks to queue
[2025-11-09T13:37:45.897+0000] {logging_mixin.py:188} INFO - [2025-11-09T13:37:45.896+0000] {dagbag.py:545} INFO - Filling up the DagBag from /opt/airflow/dags/first_dag.py
[2025-11-09T13:37:45.906+0000] {processor.py:840} INFO - DAG(s) 'first_dag' retrieved from /opt/airflow/dags/first_dag.py
[2025-11-09T13:37:45.930+0000] {logging_mixin.py:188} INFO - [2025-11-09T13:37:45.929+0000] {dag.py:3089} INFO - Sync 1 DAGs
[2025-11-09T13:37:45.947+0000] {logging_mixin.py:188} INFO - [2025-11-09T13:37:45.947+0000] {dag.py:3947} INFO - Setting next_dagrun for first_dag to 2025-11-09 00:00:00+00:00, run_after=2025-11-10 00:00:00+00:00
[2025-11-09T13:37:45.965+0000] {processor.py:183} INFO - Processing /opt/airflow/dags/first_dag.py took 0.078 seconds
[2025-11-09T13:39:17.988+0000] {processor.py:161} INFO - Started process (PID=160) to work on /opt/airflow/dags/first_dag.py
[2025-11-09T13:39:17.991+0000] {processor.py:830} INFO - Processing file /opt/airflow/dags/first_dag.py for tasks to queue
[2025-11-09T13:39:17.998+0000] {logging_mixin.py:188} INFO - [2025-11-09T13:39:17.997+0000] {dagbag.py:545} INFO - Filling up the DagBag from /opt/airflow/dags/first_dag.py
[2025-11-09T13:39:18.024+0000] {processor.py:840} INFO - DAG(s) 'first_dag' retrieved from /opt/airflow/dags/first_dag.py
[2025-11-09T13:39:18.074+0000] {logging_mixin.py:188} INFO - [2025-11-09T13:39:18.074+0000] {dag.py:3089} INFO - Sync 1 DAGs
[2025-11-09T13:39:18.117+0000] {logging_mixin.py:188} INFO - [2025-11-09T13:39:18.116+0000] {dag.py:3947} INFO - Setting next_dagrun for first_dag to 2025-11-09 00:00:00+00:00, run_after=2025-11-10 00:00:00+00:00
[2025-11-09T13:39:18.156+0000] {processor.py:183} INFO - Processing /opt/airflow/dags/first_dag.py took 0.182 seconds
[2025-11-09T13:39:48.382+0000] {processor.py:161} INFO - Started process (PID=171) to work on /opt/airflow/dags/first_dag.py
[2025-11-09T13:39:48.384+0000] {processor.py:830} INFO - Processing file /opt/airflow/dags/first_dag.py for tasks to queue
[2025-11-09T13:39:48.388+0000] {logging_mixin.py:188} INFO - [2025-11-09T13:39:48.387+0000] {dagbag.py:545} INFO - Filling up the DagBag from /opt/airflow/dags/first_dag.py
[2025-11-09T13:39:48.402+0000] {processor.py:840} INFO - DAG(s) 'first_dag' retrieved from /opt/airflow/dags/first_dag.py
[2025-11-09T13:39:48.972+0000] {logging_mixin.py:188} INFO - [2025-11-09T13:39:48.971+0000] {dag.py:3089} INFO - Sync 1 DAGs
[2025-11-09T13:39:49.004+0000] {logging_mixin.py:188} INFO - [2025-11-09T13:39:49.003+0000] {dag.py:3947} INFO - Setting next_dagrun for first_dag to 2025-11-09 00:00:00+00:00, run_after=2025-11-10 00:00:00+00:00
[2025-11-09T13:39:49.288+0000] {processor.py:183} INFO - Processing /opt/airflow/dags/first_dag.py took 0.914 seconds
[2025-11-09T13:40:19.558+0000] {processor.py:161} INFO - Started process (PID=182) to work on /opt/airflow/dags/first_dag.py
[2025-11-09T13:40:19.595+0000] {processor.py:830} INFO - Processing file /opt/airflow/dags/first_dag.py for tasks to queue
[2025-11-09T13:40:19.598+0000] {logging_mixin.py:188} INFO - [2025-11-09T13:40:19.597+0000] {dagbag.py:545} INFO - Filling up the DagBag from /opt/airflow/dags/first_dag.py
[2025-11-09T13:40:19.619+0000] {processor.py:840} INFO - DAG(s) 'first_dag' retrieved from /opt/airflow/dags/first_dag.py
[2025-11-09T13:40:19.663+0000] {logging_mixin.py:188} INFO - [2025-11-09T13:40:19.663+0000] {dag.py:3089} INFO - Sync 1 DAGs
[2025-11-09T13:40:19.691+0000] {logging_mixin.py:188} INFO - [2025-11-09T13:40:19.690+0000] {dag.py:3947} INFO - Setting next_dagrun for first_dag to 2025-11-09 00:00:00+00:00, run_after=2025-11-10 00:00:00+00:00
[2025-11-09T13:40:20.331+0000] {processor.py:183} INFO - Processing /opt/airflow/dags/first_dag.py took 0.785 seconds
[2025-11-09T13:40:50.528+0000] {processor.py:161} INFO - Started process (PID=192) to work on /opt/airflow/dags/first_dag.py
[2025-11-09T13:40:50.531+0000] {processor.py:830} INFO - Processing file /opt/airflow/dags/first_dag.py for tasks to queue
[2025-11-09T13:40:50.536+0000] {logging_mixin.py:188} INFO - [2025-11-09T13:40:50.535+0000] {dagbag.py:545} INFO - Filling up the DagBag from /opt/airflow/dags/first_dag.py
[2025-11-09T13:40:50.557+0000] {processor.py:840} INFO - DAG(s) 'first_dag' retrieved from /opt/airflow/dags/first_dag.py
[2025-11-09T13:40:50.596+0000] {logging_mixin.py:188} INFO - [2025-11-09T13:40:50.596+0000] {dag.py:3089} INFO - Sync 1 DAGs
[2025-11-09T13:40:50.628+0000] {logging_mixin.py:188} INFO - [2025-11-09T13:40:50.627+0000] {dag.py:3947} INFO - Setting next_dagrun for first_dag to 2025-11-09 00:00:00+00:00, run_after=2025-11-10 00:00:00+00:00
[2025-11-09T13:40:52.773+0000] {processor.py:183} INFO - Processing /opt/airflow/dags/first_dag.py took 2.257 seconds
[2025-11-09T13:41:23.041+0000] {processor.py:161} INFO - Started process (PID=207) to work on /opt/airflow/dags/first_dag.py
[2025-11-09T13:41:23.042+0000] {processor.py:830} INFO - Processing file /opt/airflow/dags/first_dag.py for tasks to queue
[2025-11-09T13:41:23.046+0000] {logging_mixin.py:188} INFO - [2025-11-09T13:41:23.045+0000] {dagbag.py:545} INFO - Filling up the DagBag from /opt/airflow/dags/first_dag.py
[2025-11-09T13:41:23.057+0000] {processor.py:840} INFO - DAG(s) 'first_dag' retrieved from /opt/airflow/dags/first_dag.py
[2025-11-09T13:41:23.211+0000] {logging_mixin.py:188} INFO - [2025-11-09T13:41:23.211+0000] {dag.py:3089} INFO - Sync 1 DAGs
[2025-11-09T13:41:23.289+0000] {logging_mixin.py:188} INFO - [2025-11-09T13:41:23.282+0000] {dag.py:3947} INFO - Setting next_dagrun for first_dag to 2025-11-09 00:00:00+00:00, run_after=2025-11-10 00:00:00+00:00
[2025-11-09T13:41:23.387+0000] {processor.py:183} INFO - Processing /opt/airflow/dags/first_dag.py took 0.356 seconds
[2025-11-09T13:41:53.689+0000] {processor.py:161} INFO - Started process (PID=217) to work on /opt/airflow/dags/first_dag.py
[2025-11-09T13:41:53.691+0000] {processor.py:830} INFO - Processing file /opt/airflow/dags/first_dag.py for tasks to queue
[2025-11-09T13:41:53.695+0000] {logging_mixin.py:188} INFO - [2025-11-09T13:41:53.694+0000] {dagbag.py:545} INFO - Filling up the DagBag from /opt/airflow/dags/first_dag.py
[2025-11-09T13:41:53.708+0000] {processor.py:840} INFO - DAG(s) 'first_dag' retrieved from /opt/airflow/dags/first_dag.py
[2025-11-09T13:41:53.746+0000] {logging_mixin.py:188} INFO - [2025-11-09T13:41:53.746+0000] {dag.py:3089} INFO - Sync 1 DAGs
[2025-11-09T13:41:53.777+0000] {logging_mixin.py:188} INFO - [2025-11-09T13:41:53.777+0000] {dag.py:3947} INFO - Setting next_dagrun for first_dag to 2025-11-09 00:00:00+00:00, run_after=2025-11-10 00:00:00+00:00
[2025-11-09T13:41:53.814+0000] {processor.py:183} INFO - Processing /opt/airflow/dags/first_dag.py took 0.134 seconds
[2025-11-09T13:42:23.900+0000] {processor.py:161} INFO - Started process (PID=227) to work on /opt/airflow/dags/first_dag.py
[2025-11-09T13:42:23.901+0000] {processor.py:830} INFO - Processing file /opt/airflow/dags/first_dag.py for tasks to queue
[2025-11-09T13:42:23.903+0000] {logging_mixin.py:188} INFO - [2025-11-09T13:42:23.903+0000] {dagbag.py:545} INFO - Filling up the DagBag from /opt/airflow/dags/first_dag.py
[2025-11-09T13:42:23.916+0000] {processor.py:840} INFO - DAG(s) 'first_dag' retrieved from /opt/airflow/dags/first_dag.py
[2025-11-09T13:42:23.950+0000] {logging_mixin.py:188} INFO - [2025-11-09T13:42:23.949+0000] {dag.py:3089} INFO - Sync 1 DAGs
[2025-11-09T13:42:23.980+0000] {logging_mixin.py:188} INFO - [2025-11-09T13:42:23.980+0000] {dag.py:3947} INFO - Setting next_dagrun for first_dag to 2025-11-09 00:00:00+00:00, run_after=2025-11-10 00:00:00+00:00
[2025-11-09T13:42:23.999+0000] {processor.py:183} INFO - Processing /opt/airflow/dags/first_dag.py took 0.106 seconds
[2025-11-09T13:42:54.073+0000] {processor.py:161} INFO - Started process (PID=242) to work on /opt/airflow/dags/first_dag.py
[2025-11-09T13:42:54.075+0000] {processor.py:830} INFO - Processing file /opt/airflow/dags/first_dag.py for tasks to queue
[2025-11-09T13:42:54.078+0000] {logging_mixin.py:188} INFO - [2025-11-09T13:42:54.077+0000] {dagbag.py:545} INFO - Filling up the DagBag from /opt/airflow/dags/first_dag.py
[2025-11-09T13:42:54.094+0000] {processor.py:840} INFO - DAG(s) 'first_dag' retrieved from /opt/airflow/dags/first_dag.py
[2025-11-09T13:42:54.127+0000] {logging_mixin.py:188} INFO - [2025-11-09T13:42:54.127+0000] {dag.py:3089} INFO - Sync 1 DAGs
[2025-11-09T13:42:54.155+0000] {logging_mixin.py:188} INFO - [2025-11-09T13:42:54.154+0000] {dag.py:3947} INFO - Setting next_dagrun for first_dag to 2025-11-09 00:00:00+00:00, run_after=2025-11-10 00:00:00+00:00
[2025-11-09T13:42:54.180+0000] {processor.py:183} INFO - Processing /opt/airflow/dags/first_dag.py took 0.113 seconds
[2025-11-09T13:43:24.401+0000] {processor.py:161} INFO - Started process (PID=252) to work on /opt/airflow/dags/first_dag.py
[2025-11-09T13:43:24.403+0000] {processor.py:830} INFO - Processing file /opt/airflow/dags/first_dag.py for tasks to queue
[2025-11-09T13:43:24.407+0000] {logging_mixin.py:188} INFO - [2025-11-09T13:43:24.406+0000] {dagbag.py:545} INFO - Filling up the DagBag from /opt/airflow/dags/first_dag.py
[2025-11-09T13:43:24.421+0000] {processor.py:840} INFO - DAG(s) 'first_dag' retrieved from /opt/airflow/dags/first_dag.py
[2025-11-09T13:43:24.449+0000] {logging_mixin.py:188} INFO - [2025-11-09T13:43:24.449+0000] {dag.py:3089} INFO - Sync 1 DAGs
[2025-11-09T13:43:24.468+0000] {logging_mixin.py:188} INFO - [2025-11-09T13:43:24.467+0000] {dag.py:3947} INFO - Setting next_dagrun for first_dag to 2025-11-09 00:00:00+00:00, run_after=2025-11-10 00:00:00+00:00
[2025-11-09T13:43:24.482+0000] {processor.py:183} INFO - Processing /opt/airflow/dags/first_dag.py took 0.098 seconds
[2025-11-09T13:43:54.564+0000] {processor.py:161} INFO - Started process (PID=262) to work on /opt/airflow/dags/first_dag.py
[2025-11-09T13:43:54.565+0000] {processor.py:830} INFO - Processing file /opt/airflow/dags/first_dag.py for tasks to queue
[2025-11-09T13:43:54.567+0000] {logging_mixin.py:188} INFO - [2025-11-09T13:43:54.567+0000] {dagbag.py:545} INFO - Filling up the DagBag from /opt/airflow/dags/first_dag.py
[2025-11-09T13:43:54.578+0000] {processor.py:840} INFO - DAG(s) 'first_dag' retrieved from /opt/airflow/dags/first_dag.py
[2025-11-09T13:43:54.601+0000] {logging_mixin.py:188} INFO - [2025-11-09T13:43:54.601+0000] {dag.py:3089} INFO - Sync 1 DAGs
[2025-11-09T13:43:54.622+0000] {logging_mixin.py:188} INFO - [2025-11-09T13:43:54.622+0000] {dag.py:3947} INFO - Setting next_dagrun for first_dag to 2025-11-09 00:00:00+00:00, run_after=2025-11-10 00:00:00+00:00
[2025-11-09T13:43:54.640+0000] {processor.py:183} INFO - Processing /opt/airflow/dags/first_dag.py took 0.082 seconds
[2025-11-09T13:44:24.863+0000] {processor.py:161} INFO - Started process (PID=272) to work on /opt/airflow/dags/first_dag.py
[2025-11-09T13:44:24.864+0000] {processor.py:830} INFO - Processing file /opt/airflow/dags/first_dag.py for tasks to queue
[2025-11-09T13:44:24.865+0000] {logging_mixin.py:188} INFO - [2025-11-09T13:44:24.865+0000] {dagbag.py:545} INFO - Filling up the DagBag from /opt/airflow/dags/first_dag.py
[2025-11-09T13:44:24.876+0000] {processor.py:840} INFO - DAG(s) 'first_dag' retrieved from /opt/airflow/dags/first_dag.py
[2025-11-09T13:44:24.902+0000] {logging_mixin.py:188} INFO - [2025-11-09T13:44:24.901+0000] {dag.py:3089} INFO - Sync 1 DAGs
[2025-11-09T13:44:24.923+0000] {logging_mixin.py:188} INFO - [2025-11-09T13:44:24.923+0000] {dag.py:3947} INFO - Setting next_dagrun for first_dag to 2025-11-09 00:00:00+00:00, run_after=2025-11-10 00:00:00+00:00
[2025-11-09T13:44:24.943+0000] {processor.py:183} INFO - Processing /opt/airflow/dags/first_dag.py took 0.087 seconds
[2025-11-09T13:44:55.136+0000] {processor.py:161} INFO - Started process (PID=282) to work on /opt/airflow/dags/first_dag.py
[2025-11-09T13:44:55.137+0000] {processor.py:830} INFO - Processing file /opt/airflow/dags/first_dag.py for tasks to queue
[2025-11-09T13:44:55.140+0000] {logging_mixin.py:188} INFO - [2025-11-09T13:44:55.139+0000] {dagbag.py:545} INFO - Filling up the DagBag from /opt/airflow/dags/first_dag.py
[2025-11-09T13:44:55.150+0000] {processor.py:840} INFO - DAG(s) 'first_dag' retrieved from /opt/airflow/dags/first_dag.py
[2025-11-09T13:44:55.175+0000] {logging_mixin.py:188} INFO - [2025-11-09T13:44:55.175+0000] {dag.py:3089} INFO - Sync 1 DAGs
[2025-11-09T13:44:55.200+0000] {logging_mixin.py:188} INFO - [2025-11-09T13:44:55.200+0000] {dag.py:3947} INFO - Setting next_dagrun for first_dag to 2025-11-09 00:00:00+00:00, run_after=2025-11-10 00:00:00+00:00
[2025-11-09T13:44:55.223+0000] {processor.py:183} INFO - Processing /opt/airflow/dags/first_dag.py took 0.093 seconds
[2025-11-09T13:45:25.390+0000] {processor.py:161} INFO - Started process (PID=292) to work on /opt/airflow/dags/first_dag.py
[2025-11-09T13:45:25.391+0000] {processor.py:830} INFO - Processing file /opt/airflow/dags/first_dag.py for tasks to queue
[2025-11-09T13:45:25.394+0000] {logging_mixin.py:188} INFO - [2025-11-09T13:45:25.394+0000] {dagbag.py:545} INFO - Filling up the DagBag from /opt/airflow/dags/first_dag.py
[2025-11-09T13:45:25.408+0000] {processor.py:840} INFO - DAG(s) 'first_dag' retrieved from /opt/airflow/dags/first_dag.py
[2025-11-09T13:45:25.433+0000] {logging_mixin.py:188} INFO - [2025-11-09T13:45:25.432+0000] {dag.py:3089} INFO - Sync 1 DAGs
[2025-11-09T13:45:25.459+0000] {logging_mixin.py:188} INFO - [2025-11-09T13:45:25.459+0000] {dag.py:3947} INFO - Setting next_dagrun for first_dag to 2025-11-09 00:00:00+00:00, run_after=2025-11-10 00:00:00+00:00
[2025-11-09T13:45:25.482+0000] {processor.py:183} INFO - Processing /opt/airflow/dags/first_dag.py took 0.100 seconds
[2025-11-09T13:45:55.560+0000] {processor.py:161} INFO - Started process (PID=302) to work on /opt/airflow/dags/first_dag.py
[2025-11-09T13:45:55.561+0000] {processor.py:830} INFO - Processing file /opt/airflow/dags/first_dag.py for tasks to queue
[2025-11-09T13:45:55.563+0000] {logging_mixin.py:188} INFO - [2025-11-09T13:45:55.563+0000] {dagbag.py:545} INFO - Filling up the DagBag from /opt/airflow/dags/first_dag.py
[2025-11-09T13:45:55.574+0000] {processor.py:840} INFO - DAG(s) 'first_dag' retrieved from /opt/airflow/dags/first_dag.py
[2025-11-09T13:45:55.598+0000] {logging_mixin.py:188} INFO - [2025-11-09T13:45:55.598+0000] {dag.py:3089} INFO - Sync 1 DAGs
[2025-11-09T13:45:55.618+0000] {logging_mixin.py:188} INFO - [2025-11-09T13:45:55.618+0000] {dag.py:3947} INFO - Setting next_dagrun for first_dag to 2025-11-09 00:00:00+00:00, run_after=2025-11-10 00:00:00+00:00
[2025-11-09T13:45:55.637+0000] {processor.py:183} INFO - Processing /opt/airflow/dags/first_dag.py took 0.083 seconds
[2025-11-09T13:46:25.785+0000] {processor.py:161} INFO - Started process (PID=312) to work on /opt/airflow/dags/first_dag.py
[2025-11-09T13:46:25.786+0000] {processor.py:830} INFO - Processing file /opt/airflow/dags/first_dag.py for tasks to queue
[2025-11-09T13:46:25.787+0000] {logging_mixin.py:188} INFO - [2025-11-09T13:46:25.787+0000] {dagbag.py:545} INFO - Filling up the DagBag from /opt/airflow/dags/first_dag.py
[2025-11-09T13:46:25.796+0000] {processor.py:840} INFO - DAG(s) 'first_dag' retrieved from /opt/airflow/dags/first_dag.py
[2025-11-09T13:46:25.819+0000] {logging_mixin.py:188} INFO - [2025-11-09T13:46:25.819+0000] {dag.py:3089} INFO - Sync 1 DAGs
[2025-11-09T13:46:25.837+0000] {logging_mixin.py:188} INFO - [2025-11-09T13:46:25.837+0000] {dag.py:3947} INFO - Setting next_dagrun for first_dag to 2025-11-09 00:00:00+00:00, run_after=2025-11-10 00:00:00+00:00
[2025-11-09T13:46:25.854+0000] {processor.py:183} INFO - Processing /opt/airflow/dags/first_dag.py took 0.075 seconds
[2025-11-09T13:46:55.964+0000] {processor.py:161} INFO - Started process (PID=322) to work on /opt/airflow/dags/first_dag.py
[2025-11-09T13:46:55.965+0000] {processor.py:830} INFO - Processing file /opt/airflow/dags/first_dag.py for tasks to queue
[2025-11-09T13:46:55.967+0000] {logging_mixin.py:188} INFO - [2025-11-09T13:46:55.967+0000] {dagbag.py:545} INFO - Filling up the DagBag from /opt/airflow/dags/first_dag.py
[2025-11-09T13:46:55.978+0000] {processor.py:840} INFO - DAG(s) 'first_dag' retrieved from /opt/airflow/dags/first_dag.py
[2025-11-09T13:46:56.004+0000] {logging_mixin.py:188} INFO - [2025-11-09T13:46:56.003+0000] {dag.py:3089} INFO - Sync 1 DAGs
[2025-11-09T13:46:56.025+0000] {logging_mixin.py:188} INFO - [2025-11-09T13:46:56.024+0000] {dag.py:3947} INFO - Setting next_dagrun for first_dag to 2025-11-09 00:00:00+00:00, run_after=2025-11-10 00:00:00+00:00
[2025-11-09T13:46:56.042+0000] {processor.py:183} INFO - Processing /opt/airflow/dags/first_dag.py took 0.084 seconds
[2025-11-09T13:47:26.234+0000] {processor.py:161} INFO - Started process (PID=332) to work on /opt/airflow/dags/first_dag.py
[2025-11-09T13:47:26.235+0000] {processor.py:830} INFO - Processing file /opt/airflow/dags/first_dag.py for tasks to queue
[2025-11-09T13:47:26.237+0000] {logging_mixin.py:188} INFO - [2025-11-09T13:47:26.237+0000] {dagbag.py:545} INFO - Filling up the DagBag from /opt/airflow/dags/first_dag.py
[2025-11-09T13:47:26.246+0000] {processor.py:840} INFO - DAG(s) 'first_dag' retrieved from /opt/airflow/dags/first_dag.py
[2025-11-09T13:47:26.272+0000] {logging_mixin.py:188} INFO - [2025-11-09T13:47:26.272+0000] {dag.py:3089} INFO - Sync 1 DAGs
[2025-11-09T13:47:26.297+0000] {logging_mixin.py:188} INFO - [2025-11-09T13:47:26.297+0000] {dag.py:3947} INFO - Setting next_dagrun for first_dag to 2025-11-09 00:00:00+00:00, run_after=2025-11-10 00:00:00+00:00
[2025-11-09T13:47:26.315+0000] {processor.py:183} INFO - Processing /opt/airflow/dags/first_dag.py took 0.087 seconds
[2025-11-09T13:47:56.495+0000] {processor.py:161} INFO - Started process (PID=344) to work on /opt/airflow/dags/first_dag.py
[2025-11-09T13:47:56.496+0000] {processor.py:830} INFO - Processing file /opt/airflow/dags/first_dag.py for tasks to queue
[2025-11-09T13:47:56.499+0000] {logging_mixin.py:188} INFO - [2025-11-09T13:47:56.498+0000] {dagbag.py:545} INFO - Filling up the DagBag from /opt/airflow/dags/first_dag.py
[2025-11-09T13:47:56.507+0000] {processor.py:840} INFO - DAG(s) 'first_dag' retrieved from /opt/airflow/dags/first_dag.py
[2025-11-09T13:47:56.534+0000] {logging_mixin.py:188} INFO - [2025-11-09T13:47:56.534+0000] {dag.py:3089} INFO - Sync 1 DAGs
[2025-11-09T13:47:56.551+0000] {logging_mixin.py:188} INFO - [2025-11-09T13:47:56.551+0000] {dag.py:3947} INFO - Setting next_dagrun for first_dag to 2025-11-09 00:00:00+00:00, run_after=2025-11-10 00:00:00+00:00
[2025-11-09T13:47:56.564+0000] {processor.py:183} INFO - Processing /opt/airflow/dags/first_dag.py took 0.076 seconds
[2025-11-09T13:48:26.762+0000] {processor.py:161} INFO - Started process (PID=354) to work on /opt/airflow/dags/first_dag.py
[2025-11-09T13:48:26.762+0000] {processor.py:830} INFO - Processing file /opt/airflow/dags/first_dag.py for tasks to queue
[2025-11-09T13:48:26.765+0000] {logging_mixin.py:188} INFO - [2025-11-09T13:48:26.764+0000] {dagbag.py:545} INFO - Filling up the DagBag from /opt/airflow/dags/first_dag.py
[2025-11-09T13:48:26.772+0000] {processor.py:840} INFO - DAG(s) 'first_dag' retrieved from /opt/airflow/dags/first_dag.py
[2025-11-09T13:48:26.795+0000] {logging_mixin.py:188} INFO - [2025-11-09T13:48:26.794+0000] {dag.py:3089} INFO - Sync 1 DAGs
[2025-11-09T13:48:26.812+0000] {logging_mixin.py:188} INFO - [2025-11-09T13:48:26.812+0000] {dag.py:3947} INFO - Setting next_dagrun for first_dag to 2025-11-09 00:00:00+00:00, run_after=2025-11-10 00:00:00+00:00
[2025-11-09T13:48:26.826+0000] {processor.py:183} INFO - Processing /opt/airflow/dags/first_dag.py took 0.069 seconds
[2025-11-09T13:48:57.012+0000] {processor.py:161} INFO - Started process (PID=364) to work on /opt/airflow/dags/first_dag.py
[2025-11-09T13:48:57.013+0000] {processor.py:830} INFO - Processing file /opt/airflow/dags/first_dag.py for tasks to queue
[2025-11-09T13:48:57.015+0000] {logging_mixin.py:188} INFO - [2025-11-09T13:48:57.015+0000] {dagbag.py:545} INFO - Filling up the DagBag from /opt/airflow/dags/first_dag.py
[2025-11-09T13:48:57.023+0000] {processor.py:840} INFO - DAG(s) 'first_dag' retrieved from /opt/airflow/dags/first_dag.py
[2025-11-09T13:48:57.044+0000] {logging_mixin.py:188} INFO - [2025-11-09T13:48:57.044+0000] {dag.py:3089} INFO - Sync 1 DAGs
[2025-11-09T13:48:57.062+0000] {logging_mixin.py:188} INFO - [2025-11-09T13:48:57.062+0000] {dag.py:3947} INFO - Setting next_dagrun for first_dag to 2025-11-09 00:00:00+00:00, run_after=2025-11-10 00:00:00+00:00
[2025-11-09T13:48:57.076+0000] {processor.py:183} INFO - Processing /opt/airflow/dags/first_dag.py took 0.072 seconds
[2025-11-09T13:49:27.283+0000] {processor.py:161} INFO - Started process (PID=374) to work on /opt/airflow/dags/first_dag.py
[2025-11-09T13:49:27.284+0000] {processor.py:830} INFO - Processing file /opt/airflow/dags/first_dag.py for tasks to queue
[2025-11-09T13:49:27.286+0000] {logging_mixin.py:188} INFO - [2025-11-09T13:49:27.286+0000] {dagbag.py:545} INFO - Filling up the DagBag from /opt/airflow/dags/first_dag.py
[2025-11-09T13:49:27.295+0000] {processor.py:840} INFO - DAG(s) 'first_dag' retrieved from /opt/airflow/dags/first_dag.py
[2025-11-09T13:49:27.318+0000] {logging_mixin.py:188} INFO - [2025-11-09T13:49:27.318+0000] {dag.py:3089} INFO - Sync 1 DAGs
[2025-11-09T13:49:27.337+0000] {logging_mixin.py:188} INFO - [2025-11-09T13:49:27.337+0000] {dag.py:3947} INFO - Setting next_dagrun for first_dag to 2025-11-09 00:00:00+00:00, run_after=2025-11-10 00:00:00+00:00
[2025-11-09T13:49:27.354+0000] {processor.py:183} INFO - Processing /opt/airflow/dags/first_dag.py took 0.076 seconds
[2025-11-09T13:49:57.534+0000] {processor.py:161} INFO - Started process (PID=384) to work on /opt/airflow/dags/first_dag.py
[2025-11-09T13:49:57.535+0000] {processor.py:830} INFO - Processing file /opt/airflow/dags/first_dag.py for tasks to queue
[2025-11-09T13:49:57.537+0000] {logging_mixin.py:188} INFO - [2025-11-09T13:49:57.537+0000] {dagbag.py:545} INFO - Filling up the DagBag from /opt/airflow/dags/first_dag.py
[2025-11-09T13:49:57.548+0000] {processor.py:840} INFO - DAG(s) 'first_dag' retrieved from /opt/airflow/dags/first_dag.py
[2025-11-09T13:49:57.569+0000] {logging_mixin.py:188} INFO - [2025-11-09T13:49:57.569+0000] {dag.py:3089} INFO - Sync 1 DAGs
[2025-11-09T13:49:57.587+0000] {logging_mixin.py:188} INFO - [2025-11-09T13:49:57.587+0000] {dag.py:3947} INFO - Setting next_dagrun for first_dag to 2025-11-09 00:00:00+00:00, run_after=2025-11-10 00:00:00+00:00
[2025-11-09T13:49:57.601+0000] {processor.py:183} INFO - Processing /opt/airflow/dags/first_dag.py took 0.071 seconds
[2025-11-09T13:50:27.778+0000] {processor.py:161} INFO - Started process (PID=394) to work on /opt/airflow/dags/first_dag.py
[2025-11-09T13:50:27.779+0000] {processor.py:830} INFO - Processing file /opt/airflow/dags/first_dag.py for tasks to queue
[2025-11-09T13:50:27.781+0000] {logging_mixin.py:188} INFO - [2025-11-09T13:50:27.781+0000] {dagbag.py:545} INFO - Filling up the DagBag from /opt/airflow/dags/first_dag.py
[2025-11-09T13:50:27.789+0000] {processor.py:840} INFO - DAG(s) 'first_dag' retrieved from /opt/airflow/dags/first_dag.py
[2025-11-09T13:50:27.810+0000] {logging_mixin.py:188} INFO - [2025-11-09T13:50:27.809+0000] {dag.py:3089} INFO - Sync 1 DAGs
[2025-11-09T13:50:27.826+0000] {logging_mixin.py:188} INFO - [2025-11-09T13:50:27.826+0000] {dag.py:3947} INFO - Setting next_dagrun for first_dag to 2025-11-09 00:00:00+00:00, run_after=2025-11-10 00:00:00+00:00
[2025-11-09T13:50:27.839+0000] {processor.py:183} INFO - Processing /opt/airflow/dags/first_dag.py took 0.066 seconds
[2025-11-09T13:50:58.022+0000] {processor.py:161} INFO - Started process (PID=404) to work on /opt/airflow/dags/first_dag.py
[2025-11-09T13:50:58.023+0000] {processor.py:830} INFO - Processing file /opt/airflow/dags/first_dag.py for tasks to queue
[2025-11-09T13:50:58.026+0000] {logging_mixin.py:188} INFO - [2025-11-09T13:50:58.025+0000] {dagbag.py:545} INFO - Filling up the DagBag from /opt/airflow/dags/first_dag.py
[2025-11-09T13:50:58.033+0000] {processor.py:840} INFO - DAG(s) 'first_dag' retrieved from /opt/airflow/dags/first_dag.py
[2025-11-09T13:50:58.055+0000] {logging_mixin.py:188} INFO - [2025-11-09T13:50:58.055+0000] {dag.py:3089} INFO - Sync 1 DAGs
[2025-11-09T13:50:58.073+0000] {logging_mixin.py:188} INFO - [2025-11-09T13:50:58.073+0000] {dag.py:3947} INFO - Setting next_dagrun for first_dag to 2025-11-09 00:00:00+00:00, run_after=2025-11-10 00:00:00+00:00
[2025-11-09T13:50:58.088+0000] {processor.py:183} INFO - Processing /opt/airflow/dags/first_dag.py took 0.070 seconds
[2025-11-09T13:51:28.272+0000] {processor.py:161} INFO - Started process (PID=414) to work on /opt/airflow/dags/first_dag.py
[2025-11-09T13:51:28.273+0000] {processor.py:830} INFO - Processing file /opt/airflow/dags/first_dag.py for tasks to queue
[2025-11-09T13:51:28.275+0000] {logging_mixin.py:188} INFO - [2025-11-09T13:51:28.275+0000] {dagbag.py:545} INFO - Filling up the DagBag from /opt/airflow/dags/first_dag.py
[2025-11-09T13:51:28.283+0000] {processor.py:840} INFO - DAG(s) 'first_dag' retrieved from /opt/airflow/dags/first_dag.py
[2025-11-09T13:51:28.306+0000] {logging_mixin.py:188} INFO - [2025-11-09T13:51:28.305+0000] {dag.py:3089} INFO - Sync 1 DAGs
[2025-11-09T13:51:28.323+0000] {logging_mixin.py:188} INFO - [2025-11-09T13:51:28.323+0000] {dag.py:3947} INFO - Setting next_dagrun for first_dag to 2025-11-09 00:00:00+00:00, run_after=2025-11-10 00:00:00+00:00
[2025-11-09T13:51:28.337+0000] {processor.py:183} INFO - Processing /opt/airflow/dags/first_dag.py took 0.069 seconds
[2025-11-09T13:53:50.803+0000] {processor.py:161} INFO - Started process (PID=162) to work on /opt/airflow/dags/first_dag.py
[2025-11-09T13:53:50.806+0000] {processor.py:830} INFO - Processing file /opt/airflow/dags/first_dag.py for tasks to queue
[2025-11-09T13:53:50.808+0000] {logging_mixin.py:188} INFO - [2025-11-09T13:53:50.807+0000] {dagbag.py:545} INFO - Filling up the DagBag from /opt/airflow/dags/first_dag.py
[2025-11-09T13:53:50.824+0000] {processor.py:840} INFO - DAG(s) 'first_dag' retrieved from /opt/airflow/dags/first_dag.py
[2025-11-09T13:53:50.861+0000] {logging_mixin.py:188} INFO - [2025-11-09T13:53:50.861+0000] {dag.py:3089} INFO - Sync 1 DAGs
[2025-11-09T13:53:50.892+0000] {logging_mixin.py:188} INFO - [2025-11-09T13:53:50.891+0000] {dag.py:3947} INFO - Setting next_dagrun for first_dag to 2025-11-09 00:00:00+00:00, run_after=2025-11-10 00:00:00+00:00
[2025-11-09T13:53:50.929+0000] {processor.py:183} INFO - Processing /opt/airflow/dags/first_dag.py took 0.149 seconds
[2025-11-09T13:54:21.068+0000] {processor.py:161} INFO - Started process (PID=173) to work on /opt/airflow/dags/first_dag.py
[2025-11-09T13:54:21.069+0000] {processor.py:830} INFO - Processing file /opt/airflow/dags/first_dag.py for tasks to queue
[2025-11-09T13:54:21.071+0000] {logging_mixin.py:188} INFO - [2025-11-09T13:54:21.071+0000] {dagbag.py:545} INFO - Filling up the DagBag from /opt/airflow/dags/first_dag.py
[2025-11-09T13:54:21.080+0000] {processor.py:840} INFO - DAG(s) 'first_dag' retrieved from /opt/airflow/dags/first_dag.py
[2025-11-09T13:54:21.173+0000] {logging_mixin.py:188} INFO - [2025-11-09T13:54:21.172+0000] {dag.py:3089} INFO - Sync 1 DAGs
[2025-11-09T13:54:21.191+0000] {logging_mixin.py:188} INFO - [2025-11-09T13:54:21.191+0000] {dag.py:3947} INFO - Setting next_dagrun for first_dag to 2025-11-09 00:00:00+00:00, run_after=2025-11-10 00:00:00+00:00
[2025-11-09T13:54:21.208+0000] {processor.py:183} INFO - Processing /opt/airflow/dags/first_dag.py took 0.148 seconds
[2025-11-09T13:54:51.406+0000] {processor.py:161} INFO - Started process (PID=188) to work on /opt/airflow/dags/first_dag.py
[2025-11-09T13:54:51.406+0000] {processor.py:830} INFO - Processing file /opt/airflow/dags/first_dag.py for tasks to queue
[2025-11-09T13:54:51.408+0000] {logging_mixin.py:188} INFO - [2025-11-09T13:54:51.408+0000] {dagbag.py:545} INFO - Filling up the DagBag from /opt/airflow/dags/first_dag.py
[2025-11-09T13:54:51.417+0000] {processor.py:840} INFO - DAG(s) 'first_dag' retrieved from /opt/airflow/dags/first_dag.py
[2025-11-09T13:54:51.441+0000] {logging_mixin.py:188} INFO - [2025-11-09T13:54:51.441+0000] {dag.py:3089} INFO - Sync 1 DAGs
[2025-11-09T13:54:51.464+0000] {logging_mixin.py:188} INFO - [2025-11-09T13:54:51.463+0000] {dag.py:3947} INFO - Setting next_dagrun for first_dag to 2025-11-09 00:00:00+00:00, run_after=2025-11-10 00:00:00+00:00
[2025-11-09T13:54:51.482+0000] {processor.py:183} INFO - Processing /opt/airflow/dags/first_dag.py took 0.082 seconds
[2025-11-09T13:55:21.674+0000] {processor.py:161} INFO - Started process (PID=198) to work on /opt/airflow/dags/first_dag.py
[2025-11-09T13:55:21.676+0000] {processor.py:830} INFO - Processing file /opt/airflow/dags/first_dag.py for tasks to queue
[2025-11-09T13:55:21.679+0000] {logging_mixin.py:188} INFO - [2025-11-09T13:55:21.679+0000] {dagbag.py:545} INFO - Filling up the DagBag from /opt/airflow/dags/first_dag.py
[2025-11-09T13:55:21.691+0000] {processor.py:840} INFO - DAG(s) 'first_dag' retrieved from /opt/airflow/dags/first_dag.py
[2025-11-09T13:55:21.722+0000] {logging_mixin.py:188} INFO - [2025-11-09T13:55:21.721+0000] {dag.py:3089} INFO - Sync 1 DAGs
[2025-11-09T13:55:21.745+0000] {logging_mixin.py:188} INFO - [2025-11-09T13:55:21.745+0000] {dag.py:3947} INFO - Setting next_dagrun for first_dag to 2025-11-09 00:00:00+00:00, run_after=2025-11-10 00:00:00+00:00
[2025-11-09T13:55:21.763+0000] {processor.py:183} INFO - Processing /opt/airflow/dags/first_dag.py took 0.096 seconds
[2025-11-09T13:55:51.889+0000] {processor.py:161} INFO - Started process (PID=210) to work on /opt/airflow/dags/first_dag.py
[2025-11-09T13:55:51.892+0000] {processor.py:830} INFO - Processing file /opt/airflow/dags/first_dag.py for tasks to queue
[2025-11-09T13:55:51.896+0000] {logging_mixin.py:188} INFO - [2025-11-09T13:55:51.895+0000] {dagbag.py:545} INFO - Filling up the DagBag from /opt/airflow/dags/first_dag.py
[2025-11-09T13:55:51.910+0000] {processor.py:840} INFO - DAG(s) 'first_dag' retrieved from /opt/airflow/dags/first_dag.py
[2025-11-09T13:55:51.938+0000] {logging_mixin.py:188} INFO - [2025-11-09T13:55:51.938+0000] {dag.py:3089} INFO - Sync 1 DAGs
[2025-11-09T13:55:51.956+0000] {logging_mixin.py:188} INFO - [2025-11-09T13:55:51.956+0000] {dag.py:3947} INFO - Setting next_dagrun for first_dag to 2025-11-09 00:00:00+00:00, run_after=2025-11-10 00:00:00+00:00
[2025-11-09T13:55:51.973+0000] {processor.py:183} INFO - Processing /opt/airflow/dags/first_dag.py took 0.099 seconds
[2025-11-09T13:56:22.081+0000] {processor.py:161} INFO - Started process (PID=220) to work on /opt/airflow/dags/first_dag.py
[2025-11-09T13:56:22.082+0000] {processor.py:830} INFO - Processing file /opt/airflow/dags/first_dag.py for tasks to queue
[2025-11-09T13:56:22.084+0000] {logging_mixin.py:188} INFO - [2025-11-09T13:56:22.083+0000] {dagbag.py:545} INFO - Filling up the DagBag from /opt/airflow/dags/first_dag.py
[2025-11-09T13:56:22.093+0000] {processor.py:840} INFO - DAG(s) 'first_dag' retrieved from /opt/airflow/dags/first_dag.py
[2025-11-09T13:56:22.116+0000] {logging_mixin.py:188} INFO - [2025-11-09T13:56:22.116+0000] {dag.py:3089} INFO - Sync 1 DAGs
[2025-11-09T13:56:22.135+0000] {logging_mixin.py:188} INFO - [2025-11-09T13:56:22.135+0000] {dag.py:3947} INFO - Setting next_dagrun for first_dag to 2025-11-09 00:00:00+00:00, run_after=2025-11-10 00:00:00+00:00
[2025-11-09T13:56:22.152+0000] {processor.py:183} INFO - Processing /opt/airflow/dags/first_dag.py took 0.077 seconds
[2025-11-09T13:56:52.305+0000] {processor.py:161} INFO - Started process (PID=230) to work on /opt/airflow/dags/first_dag.py
[2025-11-09T13:56:52.306+0000] {processor.py:830} INFO - Processing file /opt/airflow/dags/first_dag.py for tasks to queue
[2025-11-09T13:56:52.308+0000] {logging_mixin.py:188} INFO - [2025-11-09T13:56:52.307+0000] {dagbag.py:545} INFO - Filling up the DagBag from /opt/airflow/dags/first_dag.py
[2025-11-09T13:56:52.318+0000] {processor.py:840} INFO - DAG(s) 'first_dag' retrieved from /opt/airflow/dags/first_dag.py
[2025-11-09T13:56:52.341+0000] {logging_mixin.py:188} INFO - [2025-11-09T13:56:52.341+0000] {dag.py:3089} INFO - Sync 1 DAGs
[2025-11-09T13:56:52.359+0000] {logging_mixin.py:188} INFO - [2025-11-09T13:56:52.359+0000] {dag.py:3947} INFO - Setting next_dagrun for first_dag to 2025-11-09 00:00:00+00:00, run_after=2025-11-10 00:00:00+00:00
[2025-11-09T13:56:52.378+0000] {processor.py:183} INFO - Processing /opt/airflow/dags/first_dag.py took 0.079 seconds
[2025-11-09T13:57:22.469+0000] {processor.py:161} INFO - Started process (PID=240) to work on /opt/airflow/dags/first_dag.py
[2025-11-09T13:57:22.470+0000] {processor.py:830} INFO - Processing file /opt/airflow/dags/first_dag.py for tasks to queue
[2025-11-09T13:57:22.472+0000] {logging_mixin.py:188} INFO - [2025-11-09T13:57:22.471+0000] {dagbag.py:545} INFO - Filling up the DagBag from /opt/airflow/dags/first_dag.py
[2025-11-09T13:57:22.481+0000] {processor.py:840} INFO - DAG(s) 'first_dag' retrieved from /opt/airflow/dags/first_dag.py
[2025-11-09T13:57:22.504+0000] {logging_mixin.py:188} INFO - [2025-11-09T13:57:22.504+0000] {dag.py:3089} INFO - Sync 1 DAGs
[2025-11-09T13:57:22.529+0000] {logging_mixin.py:188} INFO - [2025-11-09T13:57:22.529+0000] {dag.py:3947} INFO - Setting next_dagrun for first_dag to 2025-11-09 00:00:00+00:00, run_after=2025-11-10 00:00:00+00:00
[2025-11-09T13:57:22.547+0000] {processor.py:183} INFO - Processing /opt/airflow/dags/first_dag.py took 0.083 seconds
[2025-11-09T13:57:52.703+0000] {processor.py:161} INFO - Started process (PID=250) to work on /opt/airflow/dags/first_dag.py
[2025-11-09T13:57:52.704+0000] {processor.py:830} INFO - Processing file /opt/airflow/dags/first_dag.py for tasks to queue
[2025-11-09T13:57:52.706+0000] {logging_mixin.py:188} INFO - [2025-11-09T13:57:52.706+0000] {dagbag.py:545} INFO - Filling up the DagBag from /opt/airflow/dags/first_dag.py
[2025-11-09T13:57:52.717+0000] {processor.py:840} INFO - DAG(s) 'first_dag' retrieved from /opt/airflow/dags/first_dag.py
[2025-11-09T13:57:52.739+0000] {logging_mixin.py:188} INFO - [2025-11-09T13:57:52.739+0000] {dag.py:3089} INFO - Sync 1 DAGs
[2025-11-09T13:57:52.757+0000] {logging_mixin.py:188} INFO - [2025-11-09T13:57:52.757+0000] {dag.py:3947} INFO - Setting next_dagrun for first_dag to 2025-11-09 00:00:00+00:00, run_after=2025-11-10 00:00:00+00:00
[2025-11-09T13:57:52.773+0000] {processor.py:183} INFO - Processing /opt/airflow/dags/first_dag.py took 0.076 seconds
[2025-11-09T13:58:22.855+0000] {processor.py:161} INFO - Started process (PID=260) to work on /opt/airflow/dags/first_dag.py
[2025-11-09T13:58:22.856+0000] {processor.py:830} INFO - Processing file /opt/airflow/dags/first_dag.py for tasks to queue
[2025-11-09T13:58:22.858+0000] {logging_mixin.py:188} INFO - [2025-11-09T13:58:22.857+0000] {dagbag.py:545} INFO - Filling up the DagBag from /opt/airflow/dags/first_dag.py
[2025-11-09T13:58:22.868+0000] {processor.py:840} INFO - DAG(s) 'first_dag' retrieved from /opt/airflow/dags/first_dag.py
[2025-11-09T13:58:22.893+0000] {logging_mixin.py:188} INFO - [2025-11-09T13:58:22.892+0000] {dag.py:3089} INFO - Sync 1 DAGs
[2025-11-09T13:58:22.912+0000] {logging_mixin.py:188} INFO - [2025-11-09T13:58:22.912+0000] {dag.py:3947} INFO - Setting next_dagrun for first_dag to 2025-11-09 00:00:00+00:00, run_after=2025-11-10 00:00:00+00:00
[2025-11-09T13:58:22.929+0000] {processor.py:183} INFO - Processing /opt/airflow/dags/first_dag.py took 0.080 seconds
[2025-11-09T13:58:53.135+0000] {processor.py:161} INFO - Started process (PID=272) to work on /opt/airflow/dags/first_dag.py
[2025-11-09T13:58:53.135+0000] {processor.py:830} INFO - Processing file /opt/airflow/dags/first_dag.py for tasks to queue
[2025-11-09T13:58:53.138+0000] {logging_mixin.py:188} INFO - [2025-11-09T13:58:53.137+0000] {dagbag.py:545} INFO - Filling up the DagBag from /opt/airflow/dags/first_dag.py
[2025-11-09T13:58:53.146+0000] {processor.py:840} INFO - DAG(s) 'first_dag' retrieved from /opt/airflow/dags/first_dag.py
[2025-11-09T13:58:53.168+0000] {logging_mixin.py:188} INFO - [2025-11-09T13:58:53.167+0000] {dag.py:3089} INFO - Sync 1 DAGs
[2025-11-09T13:58:53.185+0000] {logging_mixin.py:188} INFO - [2025-11-09T13:58:53.185+0000] {dag.py:3947} INFO - Setting next_dagrun for first_dag to 2025-11-09 00:00:00+00:00, run_after=2025-11-10 00:00:00+00:00
[2025-11-09T13:58:53.201+0000] {processor.py:183} INFO - Processing /opt/airflow/dags/first_dag.py took 0.071 seconds
[2025-11-09T13:59:23.311+0000] {processor.py:161} INFO - Started process (PID=282) to work on /opt/airflow/dags/first_dag.py
[2025-11-09T13:59:23.311+0000] {processor.py:830} INFO - Processing file /opt/airflow/dags/first_dag.py for tasks to queue
[2025-11-09T13:59:23.313+0000] {logging_mixin.py:188} INFO - [2025-11-09T13:59:23.313+0000] {dagbag.py:545} INFO - Filling up the DagBag from /opt/airflow/dags/first_dag.py
[2025-11-09T13:59:23.322+0000] {processor.py:840} INFO - DAG(s) 'first_dag' retrieved from /opt/airflow/dags/first_dag.py
[2025-11-09T13:59:23.347+0000] {logging_mixin.py:188} INFO - [2025-11-09T13:59:23.346+0000] {dag.py:3089} INFO - Sync 1 DAGs
[2025-11-09T13:59:23.365+0000] {logging_mixin.py:188} INFO - [2025-11-09T13:59:23.364+0000] {dag.py:3947} INFO - Setting next_dagrun for first_dag to 2025-11-09 00:00:00+00:00, run_after=2025-11-10 00:00:00+00:00
[2025-11-09T13:59:23.379+0000] {processor.py:183} INFO - Processing /opt/airflow/dags/first_dag.py took 0.074 seconds
[2025-11-09T13:59:53.564+0000] {processor.py:161} INFO - Started process (PID=292) to work on /opt/airflow/dags/first_dag.py
[2025-11-09T13:59:53.564+0000] {processor.py:830} INFO - Processing file /opt/airflow/dags/first_dag.py for tasks to queue
[2025-11-09T13:59:53.565+0000] {logging_mixin.py:188} INFO - [2025-11-09T13:59:53.565+0000] {dagbag.py:545} INFO - Filling up the DagBag from /opt/airflow/dags/first_dag.py
[2025-11-09T13:59:53.574+0000] {processor.py:840} INFO - DAG(s) 'first_dag' retrieved from /opt/airflow/dags/first_dag.py
[2025-11-09T13:59:53.595+0000] {logging_mixin.py:188} INFO - [2025-11-09T13:59:53.595+0000] {dag.py:3089} INFO - Sync 1 DAGs
[2025-11-09T13:59:53.613+0000] {logging_mixin.py:188} INFO - [2025-11-09T13:59:53.613+0000] {dag.py:3947} INFO - Setting next_dagrun for first_dag to 2025-11-09 00:00:00+00:00, run_after=2025-11-10 00:00:00+00:00
[2025-11-09T13:59:53.627+0000] {processor.py:183} INFO - Processing /opt/airflow/dags/first_dag.py took 0.067 seconds
[2025-11-09T14:00:23.794+0000] {processor.py:161} INFO - Started process (PID=302) to work on /opt/airflow/dags/first_dag.py
[2025-11-09T14:00:23.794+0000] {processor.py:830} INFO - Processing file /opt/airflow/dags/first_dag.py for tasks to queue
[2025-11-09T14:00:23.795+0000] {logging_mixin.py:188} INFO - [2025-11-09T14:00:23.795+0000] {dagbag.py:545} INFO - Filling up the DagBag from /opt/airflow/dags/first_dag.py
[2025-11-09T14:00:23.804+0000] {processor.py:840} INFO - DAG(s) 'first_dag' retrieved from /opt/airflow/dags/first_dag.py
[2025-11-09T14:00:23.826+0000] {logging_mixin.py:188} INFO - [2025-11-09T14:00:23.825+0000] {dag.py:3089} INFO - Sync 1 DAGs
[2025-11-09T14:00:23.843+0000] {logging_mixin.py:188} INFO - [2025-11-09T14:00:23.842+0000] {dag.py:3947} INFO - Setting next_dagrun for first_dag to 2025-11-09 00:00:00+00:00, run_after=2025-11-10 00:00:00+00:00
[2025-11-09T14:00:23.857+0000] {processor.py:183} INFO - Processing /opt/airflow/dags/first_dag.py took 0.067 seconds
[2025-11-09T14:00:53.974+0000] {processor.py:161} INFO - Started process (PID=312) to work on /opt/airflow/dags/first_dag.py
[2025-11-09T14:00:53.974+0000] {processor.py:830} INFO - Processing file /opt/airflow/dags/first_dag.py for tasks to queue
[2025-11-09T14:00:53.975+0000] {logging_mixin.py:188} INFO - [2025-11-09T14:00:53.975+0000] {dagbag.py:545} INFO - Filling up the DagBag from /opt/airflow/dags/first_dag.py
[2025-11-09T14:00:53.988+0000] {processor.py:840} INFO - DAG(s) 'first_dag' retrieved from /opt/airflow/dags/first_dag.py
[2025-11-09T14:00:54.011+0000] {logging_mixin.py:188} INFO - [2025-11-09T14:00:54.011+0000] {dag.py:3089} INFO - Sync 1 DAGs
[2025-11-09T14:00:54.031+0000] {logging_mixin.py:188} INFO - [2025-11-09T14:00:54.030+0000] {dag.py:3947} INFO - Setting next_dagrun for first_dag to 2025-11-09 00:00:00+00:00, run_after=2025-11-10 00:00:00+00:00
[2025-11-09T14:00:54.045+0000] {processor.py:183} INFO - Processing /opt/airflow/dags/first_dag.py took 0.078 seconds
[2025-11-09T14:01:24.220+0000] {processor.py:161} INFO - Started process (PID=322) to work on /opt/airflow/dags/first_dag.py
[2025-11-09T14:01:24.221+0000] {processor.py:830} INFO - Processing file /opt/airflow/dags/first_dag.py for tasks to queue
[2025-11-09T14:01:24.222+0000] {logging_mixin.py:188} INFO - [2025-11-09T14:01:24.221+0000] {dagbag.py:545} INFO - Filling up the DagBag from /opt/airflow/dags/first_dag.py
[2025-11-09T14:01:24.231+0000] {processor.py:840} INFO - DAG(s) 'first_dag' retrieved from /opt/airflow/dags/first_dag.py
[2025-11-09T14:01:24.252+0000] {logging_mixin.py:188} INFO - [2025-11-09T14:01:24.251+0000] {dag.py:3089} INFO - Sync 1 DAGs
[2025-11-09T14:01:24.269+0000] {logging_mixin.py:188} INFO - [2025-11-09T14:01:24.268+0000] {dag.py:3947} INFO - Setting next_dagrun for first_dag to 2025-11-09 00:00:00+00:00, run_after=2025-11-10 00:00:00+00:00
[2025-11-09T14:01:24.282+0000] {processor.py:183} INFO - Processing /opt/airflow/dags/first_dag.py took 0.067 seconds
[2025-11-09T14:01:54.409+0000] {processor.py:161} INFO - Started process (PID=332) to work on /opt/airflow/dags/first_dag.py
[2025-11-09T14:01:54.410+0000] {processor.py:830} INFO - Processing file /opt/airflow/dags/first_dag.py for tasks to queue
[2025-11-09T14:01:54.411+0000] {logging_mixin.py:188} INFO - [2025-11-09T14:01:54.411+0000] {dagbag.py:545} INFO - Filling up the DagBag from /opt/airflow/dags/first_dag.py
[2025-11-09T14:01:54.420+0000] {processor.py:840} INFO - DAG(s) 'first_dag' retrieved from /opt/airflow/dags/first_dag.py
[2025-11-09T14:01:54.441+0000] {logging_mixin.py:188} INFO - [2025-11-09T14:01:54.441+0000] {dag.py:3089} INFO - Sync 1 DAGs
[2025-11-09T14:01:54.458+0000] {logging_mixin.py:188} INFO - [2025-11-09T14:01:54.458+0000] {dag.py:3947} INFO - Setting next_dagrun for first_dag to 2025-11-09 00:00:00+00:00, run_after=2025-11-10 00:00:00+00:00
[2025-11-09T14:01:54.474+0000] {processor.py:183} INFO - Processing /opt/airflow/dags/first_dag.py took 0.069 seconds
[2025-11-09T14:02:24.606+0000] {processor.py:161} INFO - Started process (PID=342) to work on /opt/airflow/dags/first_dag.py
[2025-11-09T14:02:24.607+0000] {processor.py:830} INFO - Processing file /opt/airflow/dags/first_dag.py for tasks to queue
[2025-11-09T14:02:24.608+0000] {logging_mixin.py:188} INFO - [2025-11-09T14:02:24.608+0000] {dagbag.py:545} INFO - Filling up the DagBag from /opt/airflow/dags/first_dag.py
[2025-11-09T14:02:24.617+0000] {processor.py:840} INFO - DAG(s) 'first_dag' retrieved from /opt/airflow/dags/first_dag.py
[2025-11-09T14:02:24.639+0000] {logging_mixin.py:188} INFO - [2025-11-09T14:02:24.639+0000] {dag.py:3089} INFO - Sync 1 DAGs
[2025-11-09T14:02:24.657+0000] {logging_mixin.py:188} INFO - [2025-11-09T14:02:24.657+0000] {dag.py:3947} INFO - Setting next_dagrun for first_dag to 2025-11-09 00:00:00+00:00, run_after=2025-11-10 00:00:00+00:00
[2025-11-09T14:02:24.671+0000] {processor.py:183} INFO - Processing /opt/airflow/dags/first_dag.py took 0.070 seconds
[2025-11-09T14:02:54.798+0000] {processor.py:161} INFO - Started process (PID=352) to work on /opt/airflow/dags/first_dag.py
[2025-11-09T14:02:54.798+0000] {processor.py:830} INFO - Processing file /opt/airflow/dags/first_dag.py for tasks to queue
[2025-11-09T14:02:54.799+0000] {logging_mixin.py:188} INFO - [2025-11-09T14:02:54.799+0000] {dagbag.py:545} INFO - Filling up the DagBag from /opt/airflow/dags/first_dag.py
[2025-11-09T14:02:54.808+0000] {processor.py:840} INFO - DAG(s) 'first_dag' retrieved from /opt/airflow/dags/first_dag.py
[2025-11-09T14:02:54.829+0000] {logging_mixin.py:188} INFO - [2025-11-09T14:02:54.829+0000] {dag.py:3089} INFO - Sync 1 DAGs
[2025-11-09T14:02:54.848+0000] {logging_mixin.py:188} INFO - [2025-11-09T14:02:54.848+0000] {dag.py:3947} INFO - Setting next_dagrun for first_dag to 2025-11-09 00:00:00+00:00, run_after=2025-11-10 00:00:00+00:00
[2025-11-09T14:02:54.862+0000] {processor.py:183} INFO - Processing /opt/airflow/dags/first_dag.py took 0.069 seconds
[2025-11-09T14:03:24.989+0000] {processor.py:161} INFO - Started process (PID=362) to work on /opt/airflow/dags/first_dag.py
[2025-11-09T14:03:24.990+0000] {processor.py:830} INFO - Processing file /opt/airflow/dags/first_dag.py for tasks to queue
[2025-11-09T14:03:24.993+0000] {logging_mixin.py:188} INFO - [2025-11-09T14:03:24.992+0000] {dagbag.py:545} INFO - Filling up the DagBag from /opt/airflow/dags/first_dag.py
[2025-11-09T14:03:25.004+0000] {processor.py:840} INFO - DAG(s) 'first_dag' retrieved from /opt/airflow/dags/first_dag.py
[2025-11-09T14:03:25.025+0000] {logging_mixin.py:188} INFO - [2025-11-09T14:03:25.024+0000] {dag.py:3089} INFO - Sync 1 DAGs
[2025-11-09T14:03:25.043+0000] {logging_mixin.py:188} INFO - [2025-11-09T14:03:25.043+0000] {dag.py:3947} INFO - Setting next_dagrun for first_dag to 2025-11-09 00:00:00+00:00, run_after=2025-11-10 00:00:00+00:00
[2025-11-09T14:03:25.056+0000] {processor.py:183} INFO - Processing /opt/airflow/dags/first_dag.py took 0.074 seconds
[2025-11-09T14:03:55.239+0000] {processor.py:161} INFO - Started process (PID=372) to work on /opt/airflow/dags/first_dag.py
[2025-11-09T14:03:55.240+0000] {processor.py:830} INFO - Processing file /opt/airflow/dags/first_dag.py for tasks to queue
[2025-11-09T14:03:55.241+0000] {logging_mixin.py:188} INFO - [2025-11-09T14:03:55.241+0000] {dagbag.py:545} INFO - Filling up the DagBag from /opt/airflow/dags/first_dag.py
[2025-11-09T14:03:55.250+0000] {processor.py:840} INFO - DAG(s) 'first_dag' retrieved from /opt/airflow/dags/first_dag.py
[2025-11-09T14:03:55.271+0000] {logging_mixin.py:188} INFO - [2025-11-09T14:03:55.271+0000] {dag.py:3089} INFO - Sync 1 DAGs
[2025-11-09T14:03:55.288+0000] {logging_mixin.py:188} INFO - [2025-11-09T14:03:55.288+0000] {dag.py:3947} INFO - Setting next_dagrun for first_dag to 2025-11-09 00:00:00+00:00, run_after=2025-11-10 00:00:00+00:00
[2025-11-09T14:03:55.302+0000] {processor.py:183} INFO - Processing /opt/airflow/dags/first_dag.py took 0.067 seconds
[2025-11-09T14:04:25.481+0000] {processor.py:161} INFO - Started process (PID=382) to work on /opt/airflow/dags/first_dag.py
[2025-11-09T14:04:25.482+0000] {processor.py:830} INFO - Processing file /opt/airflow/dags/first_dag.py for tasks to queue
[2025-11-09T14:04:25.483+0000] {logging_mixin.py:188} INFO - [2025-11-09T14:04:25.483+0000] {dagbag.py:545} INFO - Filling up the DagBag from /opt/airflow/dags/first_dag.py
[2025-11-09T14:04:25.491+0000] {processor.py:840} INFO - DAG(s) 'first_dag' retrieved from /opt/airflow/dags/first_dag.py
[2025-11-09T14:04:25.513+0000] {logging_mixin.py:188} INFO - [2025-11-09T14:04:25.512+0000] {dag.py:3089} INFO - Sync 1 DAGs
[2025-11-09T14:04:25.531+0000] {logging_mixin.py:188} INFO - [2025-11-09T14:04:25.531+0000] {dag.py:3947} INFO - Setting next_dagrun for first_dag to 2025-11-09 00:00:00+00:00, run_after=2025-11-10 00:00:00+00:00
[2025-11-09T14:04:25.547+0000] {processor.py:183} INFO - Processing /opt/airflow/dags/first_dag.py took 0.070 seconds
[2025-11-09T14:04:55.667+0000] {processor.py:161} INFO - Started process (PID=392) to work on /opt/airflow/dags/first_dag.py
[2025-11-09T14:04:55.668+0000] {processor.py:830} INFO - Processing file /opt/airflow/dags/first_dag.py for tasks to queue
[2025-11-09T14:04:55.669+0000] {logging_mixin.py:188} INFO - [2025-11-09T14:04:55.669+0000] {dagbag.py:545} INFO - Filling up the DagBag from /opt/airflow/dags/first_dag.py
[2025-11-09T14:04:55.682+0000] {processor.py:840} INFO - DAG(s) 'first_dag' retrieved from /opt/airflow/dags/first_dag.py
[2025-11-09T14:04:55.722+0000] {logging_mixin.py:188} INFO - [2025-11-09T14:04:55.722+0000] {dag.py:3089} INFO - Sync 1 DAGs
[2025-11-09T14:04:55.740+0000] {logging_mixin.py:188} INFO - [2025-11-09T14:04:55.740+0000] {dag.py:3947} INFO - Setting next_dagrun for first_dag to 2025-11-09 00:00:00+00:00, run_after=2025-11-10 00:00:00+00:00
[2025-11-09T14:04:55.755+0000] {processor.py:183} INFO - Processing /opt/airflow/dags/first_dag.py took 0.096 seconds
[2025-11-09T14:05:25.869+0000] {processor.py:161} INFO - Started process (PID=402) to work on /opt/airflow/dags/first_dag.py
[2025-11-09T14:05:25.870+0000] {processor.py:830} INFO - Processing file /opt/airflow/dags/first_dag.py for tasks to queue
[2025-11-09T14:05:25.872+0000] {logging_mixin.py:188} INFO - [2025-11-09T14:05:25.871+0000] {dagbag.py:545} INFO - Filling up the DagBag from /opt/airflow/dags/first_dag.py
[2025-11-09T14:05:25.887+0000] {processor.py:840} INFO - DAG(s) 'first_dag' retrieved from /opt/airflow/dags/first_dag.py
[2025-11-09T14:05:25.918+0000] {logging_mixin.py:188} INFO - [2025-11-09T14:05:25.917+0000] {dag.py:3089} INFO - Sync 1 DAGs
[2025-11-09T14:05:25.947+0000] {logging_mixin.py:188} INFO - [2025-11-09T14:05:25.947+0000] {dag.py:3947} INFO - Setting next_dagrun for first_dag to 2025-11-09 00:00:00+00:00, run_after=2025-11-10 00:00:00+00:00
[2025-11-09T14:05:25.967+0000] {processor.py:183} INFO - Processing /opt/airflow/dags/first_dag.py took 0.104 seconds
[2025-11-09T14:05:56.065+0000] {processor.py:161} INFO - Started process (PID=412) to work on /opt/airflow/dags/first_dag.py
[2025-11-09T14:05:56.066+0000] {processor.py:830} INFO - Processing file /opt/airflow/dags/first_dag.py for tasks to queue
[2025-11-09T14:05:56.067+0000] {logging_mixin.py:188} INFO - [2025-11-09T14:05:56.066+0000] {dagbag.py:545} INFO - Filling up the DagBag from /opt/airflow/dags/first_dag.py
[2025-11-09T14:05:56.078+0000] {processor.py:840} INFO - DAG(s) 'first_dag' retrieved from /opt/airflow/dags/first_dag.py
[2025-11-09T14:05:56.099+0000] {logging_mixin.py:188} INFO - [2025-11-09T14:05:56.099+0000] {dag.py:3089} INFO - Sync 1 DAGs
[2025-11-09T14:05:56.116+0000] {logging_mixin.py:188} INFO - [2025-11-09T14:05:56.116+0000] {dag.py:3947} INFO - Setting next_dagrun for first_dag to 2025-11-09 00:00:00+00:00, run_after=2025-11-10 00:00:00+00:00
[2025-11-09T14:05:56.130+0000] {processor.py:183} INFO - Processing /opt/airflow/dags/first_dag.py took 0.070 seconds
[2025-11-09T14:06:26.312+0000] {processor.py:161} INFO - Started process (PID=422) to work on /opt/airflow/dags/first_dag.py
[2025-11-09T14:06:26.313+0000] {processor.py:830} INFO - Processing file /opt/airflow/dags/first_dag.py for tasks to queue
[2025-11-09T14:06:26.314+0000] {logging_mixin.py:188} INFO - [2025-11-09T14:06:26.313+0000] {dagbag.py:545} INFO - Filling up the DagBag from /opt/airflow/dags/first_dag.py
[2025-11-09T14:06:26.323+0000] {processor.py:840} INFO - DAG(s) 'first_dag' retrieved from /opt/airflow/dags/first_dag.py
[2025-11-09T14:06:26.347+0000] {logging_mixin.py:188} INFO - [2025-11-09T14:06:26.347+0000] {dag.py:3089} INFO - Sync 1 DAGs
[2025-11-09T14:06:26.367+0000] {logging_mixin.py:188} INFO - [2025-11-09T14:06:26.367+0000] {dag.py:3947} INFO - Setting next_dagrun for first_dag to 2025-11-09 00:00:00+00:00, run_after=2025-11-10 00:00:00+00:00
[2025-11-09T14:06:26.392+0000] {processor.py:183} INFO - Processing /opt/airflow/dags/first_dag.py took 0.086 seconds
[2025-11-09T14:06:56.485+0000] {processor.py:161} INFO - Started process (PID=432) to work on /opt/airflow/dags/first_dag.py
[2025-11-09T14:06:56.485+0000] {processor.py:830} INFO - Processing file /opt/airflow/dags/first_dag.py for tasks to queue
[2025-11-09T14:06:56.486+0000] {logging_mixin.py:188} INFO - [2025-11-09T14:06:56.486+0000] {dagbag.py:545} INFO - Filling up the DagBag from /opt/airflow/dags/first_dag.py
[2025-11-09T14:06:56.495+0000] {processor.py:840} INFO - DAG(s) 'first_dag' retrieved from /opt/airflow/dags/first_dag.py
[2025-11-09T14:06:56.518+0000] {logging_mixin.py:188} INFO - [2025-11-09T14:06:56.517+0000] {dag.py:3089} INFO - Sync 1 DAGs
[2025-11-09T14:06:56.539+0000] {logging_mixin.py:188} INFO - [2025-11-09T14:06:56.539+0000] {dag.py:3947} INFO - Setting next_dagrun for first_dag to 2025-11-09 00:00:00+00:00, run_after=2025-11-10 00:00:00+00:00
[2025-11-09T14:06:56.559+0000] {processor.py:183} INFO - Processing /opt/airflow/dags/first_dag.py took 0.080 seconds
[2025-11-09T14:07:26.734+0000] {processor.py:161} INFO - Started process (PID=442) to work on /opt/airflow/dags/first_dag.py
[2025-11-09T14:07:26.735+0000] {processor.py:830} INFO - Processing file /opt/airflow/dags/first_dag.py for tasks to queue
[2025-11-09T14:07:26.738+0000] {logging_mixin.py:188} INFO - [2025-11-09T14:07:26.737+0000] {dagbag.py:545} INFO - Filling up the DagBag from /opt/airflow/dags/first_dag.py
[2025-11-09T14:07:26.751+0000] {processor.py:840} INFO - DAG(s) 'first_dag' retrieved from /opt/airflow/dags/first_dag.py
[2025-11-09T14:07:26.780+0000] {logging_mixin.py:188} INFO - [2025-11-09T14:07:26.780+0000] {dag.py:3089} INFO - Sync 1 DAGs
[2025-11-09T14:07:26.800+0000] {logging_mixin.py:188} INFO - [2025-11-09T14:07:26.800+0000] {dag.py:3947} INFO - Setting next_dagrun for first_dag to 2025-11-09 00:00:00+00:00, run_after=2025-11-10 00:00:00+00:00
[2025-11-09T14:07:26.814+0000] {processor.py:183} INFO - Processing /opt/airflow/dags/first_dag.py took 0.086 seconds
[2025-11-09T14:07:56.920+0000] {processor.py:161} INFO - Started process (PID=452) to work on /opt/airflow/dags/first_dag.py
[2025-11-09T14:07:56.921+0000] {processor.py:830} INFO - Processing file /opt/airflow/dags/first_dag.py for tasks to queue
[2025-11-09T14:07:56.922+0000] {logging_mixin.py:188} INFO - [2025-11-09T14:07:56.922+0000] {dagbag.py:545} INFO - Filling up the DagBag from /opt/airflow/dags/first_dag.py
[2025-11-09T14:07:56.930+0000] {processor.py:840} INFO - DAG(s) 'first_dag' retrieved from /opt/airflow/dags/first_dag.py
[2025-11-09T14:07:56.952+0000] {logging_mixin.py:188} INFO - [2025-11-09T14:07:56.952+0000] {dag.py:3089} INFO - Sync 1 DAGs
[2025-11-09T14:07:56.970+0000] {logging_mixin.py:188} INFO - [2025-11-09T14:07:56.970+0000] {dag.py:3947} INFO - Setting next_dagrun for first_dag to 2025-11-09 00:00:00+00:00, run_after=2025-11-10 00:00:00+00:00
[2025-11-09T14:07:56.984+0000] {processor.py:183} INFO - Processing /opt/airflow/dags/first_dag.py took 0.070 seconds
[2025-11-09T14:08:27.117+0000] {processor.py:161} INFO - Started process (PID=462) to work on /opt/airflow/dags/first_dag.py
[2025-11-09T14:08:27.118+0000] {processor.py:830} INFO - Processing file /opt/airflow/dags/first_dag.py for tasks to queue
[2025-11-09T14:08:27.119+0000] {logging_mixin.py:188} INFO - [2025-11-09T14:08:27.118+0000] {dagbag.py:545} INFO - Filling up the DagBag from /opt/airflow/dags/first_dag.py
[2025-11-09T14:08:27.128+0000] {processor.py:840} INFO - DAG(s) 'first_dag' retrieved from /opt/airflow/dags/first_dag.py
[2025-11-09T14:08:27.148+0000] {logging_mixin.py:188} INFO - [2025-11-09T14:08:27.148+0000] {dag.py:3089} INFO - Sync 1 DAGs
[2025-11-09T14:08:27.166+0000] {logging_mixin.py:188} INFO - [2025-11-09T14:08:27.166+0000] {dag.py:3947} INFO - Setting next_dagrun for first_dag to 2025-11-09 00:00:00+00:00, run_after=2025-11-10 00:00:00+00:00
[2025-11-09T14:08:27.180+0000] {processor.py:183} INFO - Processing /opt/airflow/dags/first_dag.py took 0.069 seconds
[2025-11-09T14:08:57.320+0000] {processor.py:161} INFO - Started process (PID=472) to work on /opt/airflow/dags/first_dag.py
[2025-11-09T14:08:57.320+0000] {processor.py:830} INFO - Processing file /opt/airflow/dags/first_dag.py for tasks to queue
[2025-11-09T14:08:57.322+0000] {logging_mixin.py:188} INFO - [2025-11-09T14:08:57.322+0000] {dagbag.py:545} INFO - Filling up the DagBag from /opt/airflow/dags/first_dag.py
[2025-11-09T14:08:57.334+0000] {processor.py:840} INFO - DAG(s) 'first_dag' retrieved from /opt/airflow/dags/first_dag.py
[2025-11-09T14:08:57.355+0000] {logging_mixin.py:188} INFO - [2025-11-09T14:08:57.354+0000] {dag.py:3089} INFO - Sync 1 DAGs
[2025-11-09T14:08:57.372+0000] {logging_mixin.py:188} INFO - [2025-11-09T14:08:57.372+0000] {dag.py:3947} INFO - Setting next_dagrun for first_dag to 2025-11-09 00:00:00+00:00, run_after=2025-11-10 00:00:00+00:00
[2025-11-09T14:08:57.386+0000] {processor.py:183} INFO - Processing /opt/airflow/dags/first_dag.py took 0.072 seconds
[2025-11-09T14:09:27.480+0000] {processor.py:161} INFO - Started process (PID=482) to work on /opt/airflow/dags/first_dag.py
[2025-11-09T14:09:27.480+0000] {processor.py:830} INFO - Processing file /opt/airflow/dags/first_dag.py for tasks to queue
[2025-11-09T14:09:27.481+0000] {logging_mixin.py:188} INFO - [2025-11-09T14:09:27.481+0000] {dagbag.py:545} INFO - Filling up the DagBag from /opt/airflow/dags/first_dag.py
[2025-11-09T14:09:27.491+0000] {processor.py:840} INFO - DAG(s) 'first_dag' retrieved from /opt/airflow/dags/first_dag.py
[2025-11-09T14:09:27.513+0000] {logging_mixin.py:188} INFO - [2025-11-09T14:09:27.513+0000] {dag.py:3089} INFO - Sync 1 DAGs
[2025-11-09T14:09:27.532+0000] {logging_mixin.py:188} INFO - [2025-11-09T14:09:27.532+0000] {dag.py:3947} INFO - Setting next_dagrun for first_dag to 2025-11-09 00:00:00+00:00, run_after=2025-11-10 00:00:00+00:00
[2025-11-09T14:09:27.547+0000] {processor.py:183} INFO - Processing /opt/airflow/dags/first_dag.py took 0.072 seconds
[2025-11-09T14:09:57.725+0000] {processor.py:161} INFO - Started process (PID=492) to work on /opt/airflow/dags/first_dag.py
[2025-11-09T14:09:57.726+0000] {processor.py:830} INFO - Processing file /opt/airflow/dags/first_dag.py for tasks to queue
[2025-11-09T14:09:57.726+0000] {logging_mixin.py:188} INFO - [2025-11-09T14:09:57.726+0000] {dagbag.py:545} INFO - Filling up the DagBag from /opt/airflow/dags/first_dag.py
[2025-11-09T14:09:57.736+0000] {processor.py:840} INFO - DAG(s) 'first_dag' retrieved from /opt/airflow/dags/first_dag.py
[2025-11-09T14:09:57.761+0000] {logging_mixin.py:188} INFO - [2025-11-09T14:09:57.761+0000] {dag.py:3089} INFO - Sync 1 DAGs
[2025-11-09T14:09:57.789+0000] {logging_mixin.py:188} INFO - [2025-11-09T14:09:57.789+0000] {dag.py:3947} INFO - Setting next_dagrun for first_dag to 2025-11-09 00:00:00+00:00, run_after=2025-11-10 00:00:00+00:00
[2025-11-09T14:09:57.818+0000] {processor.py:183} INFO - Processing /opt/airflow/dags/first_dag.py took 0.098 seconds
[2025-11-09T14:10:27.906+0000] {processor.py:161} INFO - Started process (PID=502) to work on /opt/airflow/dags/first_dag.py
[2025-11-09T14:10:27.907+0000] {processor.py:830} INFO - Processing file /opt/airflow/dags/first_dag.py for tasks to queue
[2025-11-09T14:10:27.909+0000] {logging_mixin.py:188} INFO - [2025-11-09T14:10:27.908+0000] {dagbag.py:545} INFO - Filling up the DagBag from /opt/airflow/dags/first_dag.py
[2025-11-09T14:10:27.923+0000] {processor.py:840} INFO - DAG(s) 'first_dag' retrieved from /opt/airflow/dags/first_dag.py
[2025-11-09T14:10:27.945+0000] {logging_mixin.py:188} INFO - [2025-11-09T14:10:27.945+0000] {dag.py:3089} INFO - Sync 1 DAGs
[2025-11-09T14:10:27.962+0000] {logging_mixin.py:188} INFO - [2025-11-09T14:10:27.962+0000] {dag.py:3947} INFO - Setting next_dagrun for first_dag to 2025-11-09 00:00:00+00:00, run_after=2025-11-10 00:00:00+00:00
[2025-11-09T14:10:27.979+0000] {processor.py:183} INFO - Processing /opt/airflow/dags/first_dag.py took 0.084 seconds
[2025-11-09T14:10:58.089+0000] {processor.py:161} INFO - Started process (PID=512) to work on /opt/airflow/dags/first_dag.py
[2025-11-09T14:10:58.091+0000] {processor.py:830} INFO - Processing file /opt/airflow/dags/first_dag.py for tasks to queue
[2025-11-09T14:10:58.092+0000] {logging_mixin.py:188} INFO - [2025-11-09T14:10:58.092+0000] {dagbag.py:545} INFO - Filling up the DagBag from /opt/airflow/dags/first_dag.py
[2025-11-09T14:10:58.102+0000] {processor.py:840} INFO - DAG(s) 'first_dag' retrieved from /opt/airflow/dags/first_dag.py
[2025-11-09T14:10:58.125+0000] {logging_mixin.py:188} INFO - [2025-11-09T14:10:58.125+0000] {dag.py:3089} INFO - Sync 1 DAGs
[2025-11-09T14:10:58.144+0000] {logging_mixin.py:188} INFO - [2025-11-09T14:10:58.144+0000] {dag.py:3947} INFO - Setting next_dagrun for first_dag to 2025-11-09 00:00:00+00:00, run_after=2025-11-10 00:00:00+00:00
[2025-11-09T14:10:58.162+0000] {processor.py:183} INFO - Processing /opt/airflow/dags/first_dag.py took 0.077 seconds
[2025-11-09T14:11:28.281+0000] {processor.py:161} INFO - Started process (PID=522) to work on /opt/airflow/dags/first_dag.py
[2025-11-09T14:11:28.282+0000] {processor.py:830} INFO - Processing file /opt/airflow/dags/first_dag.py for tasks to queue
[2025-11-09T14:11:28.284+0000] {logging_mixin.py:188} INFO - [2025-11-09T14:11:28.283+0000] {dagbag.py:545} INFO - Filling up the DagBag from /opt/airflow/dags/first_dag.py
[2025-11-09T14:11:28.294+0000] {processor.py:840} INFO - DAG(s) 'first_dag' retrieved from /opt/airflow/dags/first_dag.py
[2025-11-09T14:11:28.317+0000] {logging_mixin.py:188} INFO - [2025-11-09T14:11:28.317+0000] {dag.py:3089} INFO - Sync 1 DAGs
[2025-11-09T14:11:28.337+0000] {logging_mixin.py:188} INFO - [2025-11-09T14:11:28.337+0000] {dag.py:3947} INFO - Setting next_dagrun for first_dag to 2025-11-09 00:00:00+00:00, run_after=2025-11-10 00:00:00+00:00
[2025-11-09T14:11:28.356+0000] {processor.py:183} INFO - Processing /opt/airflow/dags/first_dag.py took 0.084 seconds
[2025-11-09T14:11:58.469+0000] {processor.py:161} INFO - Started process (PID=532) to work on /opt/airflow/dags/first_dag.py
[2025-11-09T14:11:58.470+0000] {processor.py:830} INFO - Processing file /opt/airflow/dags/first_dag.py for tasks to queue
[2025-11-09T14:11:58.471+0000] {logging_mixin.py:188} INFO - [2025-11-09T14:11:58.470+0000] {dagbag.py:545} INFO - Filling up the DagBag from /opt/airflow/dags/first_dag.py
[2025-11-09T14:11:58.482+0000] {processor.py:840} INFO - DAG(s) 'first_dag' retrieved from /opt/airflow/dags/first_dag.py
[2025-11-09T14:11:58.504+0000] {logging_mixin.py:188} INFO - [2025-11-09T14:11:58.504+0000] {dag.py:3089} INFO - Sync 1 DAGs
[2025-11-09T14:11:58.521+0000] {logging_mixin.py:188} INFO - [2025-11-09T14:11:58.521+0000] {dag.py:3947} INFO - Setting next_dagrun for first_dag to 2025-11-09 00:00:00+00:00, run_after=2025-11-10 00:00:00+00:00
[2025-11-09T14:11:58.536+0000] {processor.py:183} INFO - Processing /opt/airflow/dags/first_dag.py took 0.071 seconds
[2025-11-09T14:12:28.657+0000] {processor.py:161} INFO - Started process (PID=542) to work on /opt/airflow/dags/first_dag.py
[2025-11-09T14:12:28.657+0000] {processor.py:830} INFO - Processing file /opt/airflow/dags/first_dag.py for tasks to queue
[2025-11-09T14:12:28.659+0000] {logging_mixin.py:188} INFO - [2025-11-09T14:12:28.658+0000] {dagbag.py:545} INFO - Filling up the DagBag from /opt/airflow/dags/first_dag.py
[2025-11-09T14:12:28.671+0000] {processor.py:840} INFO - DAG(s) 'first_dag' retrieved from /opt/airflow/dags/first_dag.py
[2025-11-09T14:12:28.694+0000] {logging_mixin.py:188} INFO - [2025-11-09T14:12:28.694+0000] {dag.py:3089} INFO - Sync 1 DAGs
[2025-11-09T14:12:28.713+0000] {logging_mixin.py:188} INFO - [2025-11-09T14:12:28.713+0000] {dag.py:3947} INFO - Setting next_dagrun for first_dag to 2025-11-09 00:00:00+00:00, run_after=2025-11-10 00:00:00+00:00
[2025-11-09T14:12:28.733+0000] {processor.py:183} INFO - Processing /opt/airflow/dags/first_dag.py took 0.083 seconds
[2025-11-09T14:12:58.846+0000] {processor.py:161} INFO - Started process (PID=552) to work on /opt/airflow/dags/first_dag.py
[2025-11-09T14:12:58.846+0000] {processor.py:830} INFO - Processing file /opt/airflow/dags/first_dag.py for tasks to queue
[2025-11-09T14:12:58.847+0000] {logging_mixin.py:188} INFO - [2025-11-09T14:12:58.847+0000] {dagbag.py:545} INFO - Filling up the DagBag from /opt/airflow/dags/first_dag.py
[2025-11-09T14:12:58.857+0000] {processor.py:840} INFO - DAG(s) 'first_dag' retrieved from /opt/airflow/dags/first_dag.py
[2025-11-09T14:12:58.879+0000] {logging_mixin.py:188} INFO - [2025-11-09T14:12:58.879+0000] {dag.py:3089} INFO - Sync 1 DAGs
[2025-11-09T14:12:58.896+0000] {logging_mixin.py:188} INFO - [2025-11-09T14:12:58.895+0000] {dag.py:3947} INFO - Setting next_dagrun for first_dag to 2025-11-09 00:00:00+00:00, run_after=2025-11-10 00:00:00+00:00
[2025-11-09T14:12:58.910+0000] {processor.py:183} INFO - Processing /opt/airflow/dags/first_dag.py took 0.069 seconds
[2025-11-09T14:13:29.025+0000] {processor.py:161} INFO - Started process (PID=562) to work on /opt/airflow/dags/first_dag.py
[2025-11-09T14:13:29.026+0000] {processor.py:830} INFO - Processing file /opt/airflow/dags/first_dag.py for tasks to queue
[2025-11-09T14:13:29.027+0000] {logging_mixin.py:188} INFO - [2025-11-09T14:13:29.026+0000] {dagbag.py:545} INFO - Filling up the DagBag from /opt/airflow/dags/first_dag.py
[2025-11-09T14:13:29.037+0000] {processor.py:840} INFO - DAG(s) 'first_dag' retrieved from /opt/airflow/dags/first_dag.py
[2025-11-09T14:13:29.059+0000] {logging_mixin.py:188} INFO - [2025-11-09T14:13:29.059+0000] {dag.py:3089} INFO - Sync 1 DAGs
[2025-11-09T14:13:29.077+0000] {logging_mixin.py:188} INFO - [2025-11-09T14:13:29.076+0000] {dag.py:3947} INFO - Setting next_dagrun for first_dag to 2025-11-09 00:00:00+00:00, run_after=2025-11-10 00:00:00+00:00
[2025-11-09T14:13:29.094+0000] {processor.py:183} INFO - Processing /opt/airflow/dags/first_dag.py took 0.074 seconds
[2025-11-09T14:13:59.243+0000] {processor.py:161} INFO - Started process (PID=572) to work on /opt/airflow/dags/first_dag.py
[2025-11-09T14:13:59.244+0000] {processor.py:830} INFO - Processing file /opt/airflow/dags/first_dag.py for tasks to queue
[2025-11-09T14:13:59.246+0000] {logging_mixin.py:188} INFO - [2025-11-09T14:13:59.245+0000] {dagbag.py:545} INFO - Filling up the DagBag from /opt/airflow/dags/first_dag.py
[2025-11-09T14:13:59.263+0000] {processor.py:840} INFO - DAG(s) 'first_dag' retrieved from /opt/airflow/dags/first_dag.py
[2025-11-09T14:13:59.320+0000] {logging_mixin.py:188} INFO - [2025-11-09T14:13:59.319+0000] {dag.py:3089} INFO - Sync 1 DAGs
[2025-11-09T14:13:59.354+0000] {logging_mixin.py:188} INFO - [2025-11-09T14:13:59.354+0000] {dag.py:3947} INFO - Setting next_dagrun for first_dag to 2025-11-09 00:00:00+00:00, run_after=2025-11-10 00:00:00+00:00
[2025-11-09T14:13:59.391+0000] {processor.py:183} INFO - Processing /opt/airflow/dags/first_dag.py took 0.154 seconds
[2025-11-09T14:14:29.450+0000] {processor.py:161} INFO - Started process (PID=582) to work on /opt/airflow/dags/first_dag.py
[2025-11-09T14:14:29.451+0000] {processor.py:830} INFO - Processing file /opt/airflow/dags/first_dag.py for tasks to queue
[2025-11-09T14:14:29.452+0000] {logging_mixin.py:188} INFO - [2025-11-09T14:14:29.452+0000] {dagbag.py:545} INFO - Filling up the DagBag from /opt/airflow/dags/first_dag.py
[2025-11-09T14:14:29.462+0000] {processor.py:840} INFO - DAG(s) 'first_dag' retrieved from /opt/airflow/dags/first_dag.py
[2025-11-09T14:14:29.491+0000] {logging_mixin.py:188} INFO - [2025-11-09T14:14:29.490+0000] {dag.py:3089} INFO - Sync 1 DAGs
[2025-11-09T14:14:29.515+0000] {logging_mixin.py:188} INFO - [2025-11-09T14:14:29.515+0000] {dag.py:3947} INFO - Setting next_dagrun for first_dag to 2025-11-09 00:00:00+00:00, run_after=2025-11-10 00:00:00+00:00
[2025-11-09T14:14:29.536+0000] {processor.py:183} INFO - Processing /opt/airflow/dags/first_dag.py took 0.090 seconds
[2025-11-09T14:14:59.620+0000] {processor.py:161} INFO - Started process (PID=592) to work on /opt/airflow/dags/first_dag.py
[2025-11-09T14:14:59.621+0000] {processor.py:830} INFO - Processing file /opt/airflow/dags/first_dag.py for tasks to queue
[2025-11-09T14:14:59.622+0000] {logging_mixin.py:188} INFO - [2025-11-09T14:14:59.622+0000] {dagbag.py:545} INFO - Filling up the DagBag from /opt/airflow/dags/first_dag.py
[2025-11-09T14:14:59.632+0000] {processor.py:840} INFO - DAG(s) 'first_dag' retrieved from /opt/airflow/dags/first_dag.py
[2025-11-09T14:14:59.653+0000] {logging_mixin.py:188} INFO - [2025-11-09T14:14:59.653+0000] {dag.py:3089} INFO - Sync 1 DAGs
[2025-11-09T14:14:59.671+0000] {logging_mixin.py:188} INFO - [2025-11-09T14:14:59.671+0000] {dag.py:3947} INFO - Setting next_dagrun for first_dag to 2025-11-09 00:00:00+00:00, run_after=2025-11-10 00:00:00+00:00
[2025-11-09T14:14:59.684+0000] {processor.py:183} INFO - Processing /opt/airflow/dags/first_dag.py took 0.069 seconds
[2025-11-09T14:15:29.849+0000] {processor.py:161} INFO - Started process (PID=602) to work on /opt/airflow/dags/first_dag.py
[2025-11-09T14:15:29.849+0000] {processor.py:830} INFO - Processing file /opt/airflow/dags/first_dag.py for tasks to queue
[2025-11-09T14:15:29.850+0000] {logging_mixin.py:188} INFO - [2025-11-09T14:15:29.850+0000] {dagbag.py:545} INFO - Filling up the DagBag from /opt/airflow/dags/first_dag.py
[2025-11-09T14:15:29.860+0000] {processor.py:840} INFO - DAG(s) 'first_dag' retrieved from /opt/airflow/dags/first_dag.py
[2025-11-09T14:15:29.886+0000] {logging_mixin.py:188} INFO - [2025-11-09T14:15:29.886+0000] {dag.py:3089} INFO - Sync 1 DAGs
[2025-11-09T14:15:29.904+0000] {logging_mixin.py:188} INFO - [2025-11-09T14:15:29.904+0000] {dag.py:3947} INFO - Setting next_dagrun for first_dag to 2025-11-09 00:00:00+00:00, run_after=2025-11-10 00:00:00+00:00
[2025-11-09T14:15:29.917+0000] {processor.py:183} INFO - Processing /opt/airflow/dags/first_dag.py took 0.073 seconds
[2025-11-09T14:16:00.029+0000] {processor.py:161} INFO - Started process (PID=612) to work on /opt/airflow/dags/first_dag.py
[2025-11-09T14:16:00.030+0000] {processor.py:830} INFO - Processing file /opt/airflow/dags/first_dag.py for tasks to queue
[2025-11-09T14:16:00.031+0000] {logging_mixin.py:188} INFO - [2025-11-09T14:16:00.030+0000] {dagbag.py:545} INFO - Filling up the DagBag from /opt/airflow/dags/first_dag.py
[2025-11-09T14:16:00.040+0000] {processor.py:840} INFO - DAG(s) 'first_dag' retrieved from /opt/airflow/dags/first_dag.py
[2025-11-09T14:16:00.061+0000] {logging_mixin.py:188} INFO - [2025-11-09T14:16:00.061+0000] {dag.py:3089} INFO - Sync 1 DAGs
[2025-11-09T14:16:00.079+0000] {logging_mixin.py:188} INFO - [2025-11-09T14:16:00.079+0000] {dag.py:3947} INFO - Setting next_dagrun for first_dag to 2025-11-09 00:00:00+00:00, run_after=2025-11-10 00:00:00+00:00
[2025-11-09T14:16:00.092+0000] {processor.py:183} INFO - Processing /opt/airflow/dags/first_dag.py took 0.068 seconds
[2025-11-09T14:16:30.227+0000] {processor.py:161} INFO - Started process (PID=622) to work on /opt/airflow/dags/first_dag.py
[2025-11-09T14:16:30.228+0000] {processor.py:830} INFO - Processing file /opt/airflow/dags/first_dag.py for tasks to queue
[2025-11-09T14:16:30.229+0000] {logging_mixin.py:188} INFO - [2025-11-09T14:16:30.228+0000] {dagbag.py:545} INFO - Filling up the DagBag from /opt/airflow/dags/first_dag.py
[2025-11-09T14:16:30.237+0000] {processor.py:840} INFO - DAG(s) 'first_dag' retrieved from /opt/airflow/dags/first_dag.py
[2025-11-09T14:16:30.259+0000] {logging_mixin.py:188} INFO - [2025-11-09T14:16:30.259+0000] {dag.py:3089} INFO - Sync 1 DAGs
[2025-11-09T14:16:30.277+0000] {logging_mixin.py:188} INFO - [2025-11-09T14:16:30.276+0000] {dag.py:3947} INFO - Setting next_dagrun for first_dag to 2025-11-09 00:00:00+00:00, run_after=2025-11-10 00:00:00+00:00
[2025-11-09T14:16:30.292+0000] {processor.py:183} INFO - Processing /opt/airflow/dags/first_dag.py took 0.071 seconds
[2025-11-09T14:17:00.428+0000] {processor.py:161} INFO - Started process (PID=632) to work on /opt/airflow/dags/first_dag.py
[2025-11-09T14:17:00.429+0000] {processor.py:830} INFO - Processing file /opt/airflow/dags/first_dag.py for tasks to queue
[2025-11-09T14:17:00.430+0000] {logging_mixin.py:188} INFO - [2025-11-09T14:17:00.430+0000] {dagbag.py:545} INFO - Filling up the DagBag from /opt/airflow/dags/first_dag.py
[2025-11-09T14:17:00.440+0000] {processor.py:840} INFO - DAG(s) 'first_dag' retrieved from /opt/airflow/dags/first_dag.py
[2025-11-09T14:17:00.475+0000] {logging_mixin.py:188} INFO - [2025-11-09T14:17:00.475+0000] {dag.py:3089} INFO - Sync 1 DAGs
[2025-11-09T14:17:00.497+0000] {logging_mixin.py:188} INFO - [2025-11-09T14:17:00.497+0000] {dag.py:3947} INFO - Setting next_dagrun for first_dag to 2025-11-09 00:00:00+00:00, run_after=2025-11-10 00:00:00+00:00
[2025-11-09T14:17:00.520+0000] {processor.py:183} INFO - Processing /opt/airflow/dags/first_dag.py took 0.099 seconds
[2025-11-09T14:17:30.635+0000] {processor.py:161} INFO - Started process (PID=642) to work on /opt/airflow/dags/first_dag.py
[2025-11-09T14:17:30.637+0000] {processor.py:830} INFO - Processing file /opt/airflow/dags/first_dag.py for tasks to queue
[2025-11-09T14:17:30.639+0000] {logging_mixin.py:188} INFO - [2025-11-09T14:17:30.638+0000] {dagbag.py:545} INFO - Filling up the DagBag from /opt/airflow/dags/first_dag.py
[2025-11-09T14:17:30.662+0000] {processor.py:840} INFO - DAG(s) 'first_dag' retrieved from /opt/airflow/dags/first_dag.py
[2025-11-09T14:17:30.692+0000] {logging_mixin.py:188} INFO - [2025-11-09T14:17:30.692+0000] {dag.py:3089} INFO - Sync 1 DAGs
[2025-11-09T14:17:30.709+0000] {logging_mixin.py:188} INFO - [2025-11-09T14:17:30.709+0000] {dag.py:3947} INFO - Setting next_dagrun for first_dag to 2025-11-09 00:00:00+00:00, run_after=2025-11-10 00:00:00+00:00
[2025-11-09T14:17:30.723+0000] {processor.py:183} INFO - Processing /opt/airflow/dags/first_dag.py took 0.101 seconds
[2025-11-09T14:18:00.817+0000] {processor.py:161} INFO - Started process (PID=652) to work on /opt/airflow/dags/first_dag.py
[2025-11-09T14:18:00.817+0000] {processor.py:830} INFO - Processing file /opt/airflow/dags/first_dag.py for tasks to queue
[2025-11-09T14:18:00.819+0000] {logging_mixin.py:188} INFO - [2025-11-09T14:18:00.818+0000] {dagbag.py:545} INFO - Filling up the DagBag from /opt/airflow/dags/first_dag.py
[2025-11-09T14:18:00.827+0000] {processor.py:840} INFO - DAG(s) 'first_dag' retrieved from /opt/airflow/dags/first_dag.py
[2025-11-09T14:18:00.849+0000] {logging_mixin.py:188} INFO - [2025-11-09T14:18:00.849+0000] {dag.py:3089} INFO - Sync 1 DAGs
[2025-11-09T14:18:00.866+0000] {logging_mixin.py:188} INFO - [2025-11-09T14:18:00.866+0000] {dag.py:3947} INFO - Setting next_dagrun for first_dag to 2025-11-09 00:00:00+00:00, run_after=2025-11-10 00:00:00+00:00
[2025-11-09T14:18:00.881+0000] {processor.py:183} INFO - Processing /opt/airflow/dags/first_dag.py took 0.069 seconds
[2025-11-09T14:18:31.003+0000] {processor.py:161} INFO - Started process (PID=662) to work on /opt/airflow/dags/first_dag.py
[2025-11-09T14:18:31.004+0000] {processor.py:830} INFO - Processing file /opt/airflow/dags/first_dag.py for tasks to queue
[2025-11-09T14:18:31.005+0000] {logging_mixin.py:188} INFO - [2025-11-09T14:18:31.004+0000] {dagbag.py:545} INFO - Filling up the DagBag from /opt/airflow/dags/first_dag.py
[2025-11-09T14:18:31.015+0000] {processor.py:840} INFO - DAG(s) 'first_dag' retrieved from /opt/airflow/dags/first_dag.py
[2025-11-09T14:18:31.037+0000] {logging_mixin.py:188} INFO - [2025-11-09T14:18:31.037+0000] {dag.py:3089} INFO - Sync 1 DAGs
[2025-11-09T14:18:31.054+0000] {logging_mixin.py:188} INFO - [2025-11-09T14:18:31.054+0000] {dag.py:3947} INFO - Setting next_dagrun for first_dag to 2025-11-09 00:00:00+00:00, run_after=2025-11-10 00:00:00+00:00
[2025-11-09T14:18:31.069+0000] {processor.py:183} INFO - Processing /opt/airflow/dags/first_dag.py took 0.070 seconds
[2025-11-09T14:19:01.266+0000] {processor.py:161} INFO - Started process (PID=672) to work on /opt/airflow/dags/first_dag.py
[2025-11-09T14:19:01.266+0000] {processor.py:830} INFO - Processing file /opt/airflow/dags/first_dag.py for tasks to queue
[2025-11-09T14:19:01.267+0000] {logging_mixin.py:188} INFO - [2025-11-09T14:19:01.267+0000] {dagbag.py:545} INFO - Filling up the DagBag from /opt/airflow/dags/first_dag.py
[2025-11-09T14:19:01.277+0000] {processor.py:840} INFO - DAG(s) 'first_dag' retrieved from /opt/airflow/dags/first_dag.py
[2025-11-09T14:19:01.305+0000] {logging_mixin.py:188} INFO - [2025-11-09T14:19:01.305+0000] {dag.py:3089} INFO - Sync 1 DAGs
[2025-11-09T14:19:01.323+0000] {logging_mixin.py:188} INFO - [2025-11-09T14:19:01.323+0000] {dag.py:3947} INFO - Setting next_dagrun for first_dag to 2025-11-09 00:00:00+00:00, run_after=2025-11-10 00:00:00+00:00
[2025-11-09T14:19:01.340+0000] {processor.py:183} INFO - Processing /opt/airflow/dags/first_dag.py took 0.079 seconds
[2025-11-09T14:19:31.440+0000] {processor.py:161} INFO - Started process (PID=682) to work on /opt/airflow/dags/first_dag.py
[2025-11-09T14:19:31.441+0000] {processor.py:830} INFO - Processing file /opt/airflow/dags/first_dag.py for tasks to queue
[2025-11-09T14:19:31.442+0000] {logging_mixin.py:188} INFO - [2025-11-09T14:19:31.442+0000] {dagbag.py:545} INFO - Filling up the DagBag from /opt/airflow/dags/first_dag.py
[2025-11-09T14:19:31.460+0000] {processor.py:840} INFO - DAG(s) 'first_dag' retrieved from /opt/airflow/dags/first_dag.py
[2025-11-09T14:19:31.489+0000] {logging_mixin.py:188} INFO - [2025-11-09T14:19:31.489+0000] {dag.py:3089} INFO - Sync 1 DAGs
[2025-11-09T14:19:31.507+0000] {logging_mixin.py:188} INFO - [2025-11-09T14:19:31.507+0000] {dag.py:3947} INFO - Setting next_dagrun for first_dag to 2025-11-09 00:00:00+00:00, run_after=2025-11-10 00:00:00+00:00
[2025-11-09T14:19:31.521+0000] {processor.py:183} INFO - Processing /opt/airflow/dags/first_dag.py took 0.087 seconds
[2025-11-09T14:20:01.634+0000] {processor.py:161} INFO - Started process (PID=692) to work on /opt/airflow/dags/first_dag.py
[2025-11-09T14:20:01.635+0000] {processor.py:830} INFO - Processing file /opt/airflow/dags/first_dag.py for tasks to queue
[2025-11-09T14:20:01.636+0000] {logging_mixin.py:188} INFO - [2025-11-09T14:20:01.636+0000] {dagbag.py:545} INFO - Filling up the DagBag from /opt/airflow/dags/first_dag.py
[2025-11-09T14:20:01.647+0000] {processor.py:840} INFO - DAG(s) 'first_dag' retrieved from /opt/airflow/dags/first_dag.py
[2025-11-09T14:20:01.675+0000] {logging_mixin.py:188} INFO - [2025-11-09T14:20:01.675+0000] {dag.py:3089} INFO - Sync 1 DAGs
[2025-11-09T14:20:01.697+0000] {logging_mixin.py:188} INFO - [2025-11-09T14:20:01.696+0000] {dag.py:3947} INFO - Setting next_dagrun for first_dag to 2025-11-09 00:00:00+00:00, run_after=2025-11-10 00:00:00+00:00
[2025-11-09T14:20:01.728+0000] {processor.py:183} INFO - Processing /opt/airflow/dags/first_dag.py took 0.101 seconds
[2025-11-09T14:20:31.814+0000] {processor.py:161} INFO - Started process (PID=702) to work on /opt/airflow/dags/first_dag.py
[2025-11-09T14:20:31.815+0000] {processor.py:830} INFO - Processing file /opt/airflow/dags/first_dag.py for tasks to queue
[2025-11-09T14:20:31.816+0000] {logging_mixin.py:188} INFO - [2025-11-09T14:20:31.815+0000] {dagbag.py:545} INFO - Filling up the DagBag from /opt/airflow/dags/first_dag.py
[2025-11-09T14:20:31.825+0000] {processor.py:840} INFO - DAG(s) 'first_dag' retrieved from /opt/airflow/dags/first_dag.py
[2025-11-09T14:20:31.847+0000] {logging_mixin.py:188} INFO - [2025-11-09T14:20:31.847+0000] {dag.py:3089} INFO - Sync 1 DAGs
[2025-11-09T14:20:31.864+0000] {logging_mixin.py:188} INFO - [2025-11-09T14:20:31.864+0000] {dag.py:3947} INFO - Setting next_dagrun for first_dag to 2025-11-09 00:00:00+00:00, run_after=2025-11-10 00:00:00+00:00
[2025-11-09T14:20:31.878+0000] {processor.py:183} INFO - Processing /opt/airflow/dags/first_dag.py took 0.069 seconds
[2025-11-09T14:21:02.061+0000] {processor.py:161} INFO - Started process (PID=712) to work on /opt/airflow/dags/first_dag.py
[2025-11-09T14:21:02.061+0000] {processor.py:830} INFO - Processing file /opt/airflow/dags/first_dag.py for tasks to queue
[2025-11-09T14:21:02.062+0000] {logging_mixin.py:188} INFO - [2025-11-09T14:21:02.062+0000] {dagbag.py:545} INFO - Filling up the DagBag from /opt/airflow/dags/first_dag.py
[2025-11-09T14:21:02.071+0000] {processor.py:840} INFO - DAG(s) 'first_dag' retrieved from /opt/airflow/dags/first_dag.py
[2025-11-09T14:21:02.092+0000] {logging_mixin.py:188} INFO - [2025-11-09T14:21:02.092+0000] {dag.py:3089} INFO - Sync 1 DAGs
[2025-11-09T14:21:02.109+0000] {logging_mixin.py:188} INFO - [2025-11-09T14:21:02.109+0000] {dag.py:3947} INFO - Setting next_dagrun for first_dag to 2025-11-09 00:00:00+00:00, run_after=2025-11-10 00:00:00+00:00
[2025-11-09T14:21:02.124+0000] {processor.py:183} INFO - Processing /opt/airflow/dags/first_dag.py took 0.068 seconds
[2025-11-09T14:21:32.238+0000] {processor.py:161} INFO - Started process (PID=722) to work on /opt/airflow/dags/first_dag.py
[2025-11-09T14:21:32.239+0000] {processor.py:830} INFO - Processing file /opt/airflow/dags/first_dag.py for tasks to queue
[2025-11-09T14:21:32.240+0000] {logging_mixin.py:188} INFO - [2025-11-09T14:21:32.240+0000] {dagbag.py:545} INFO - Filling up the DagBag from /opt/airflow/dags/first_dag.py
[2025-11-09T14:21:32.249+0000] {processor.py:840} INFO - DAG(s) 'first_dag' retrieved from /opt/airflow/dags/first_dag.py
[2025-11-09T14:21:32.270+0000] {logging_mixin.py:188} INFO - [2025-11-09T14:21:32.270+0000] {dag.py:3089} INFO - Sync 1 DAGs
[2025-11-09T14:21:32.288+0000] {logging_mixin.py:188} INFO - [2025-11-09T14:21:32.288+0000] {dag.py:3947} INFO - Setting next_dagrun for first_dag to 2025-11-09 00:00:00+00:00, run_after=2025-11-10 00:00:00+00:00
[2025-11-09T14:21:32.302+0000] {processor.py:183} INFO - Processing /opt/airflow/dags/first_dag.py took 0.069 seconds
[2025-11-09T14:22:02.474+0000] {processor.py:161} INFO - Started process (PID=732) to work on /opt/airflow/dags/first_dag.py
[2025-11-09T14:22:02.475+0000] {processor.py:830} INFO - Processing file /opt/airflow/dags/first_dag.py for tasks to queue
[2025-11-09T14:22:02.476+0000] {logging_mixin.py:188} INFO - [2025-11-09T14:22:02.476+0000] {dagbag.py:545} INFO - Filling up the DagBag from /opt/airflow/dags/first_dag.py
[2025-11-09T14:22:02.485+0000] {processor.py:840} INFO - DAG(s) 'first_dag' retrieved from /opt/airflow/dags/first_dag.py
[2025-11-09T14:22:02.506+0000] {logging_mixin.py:188} INFO - [2025-11-09T14:22:02.506+0000] {dag.py:3089} INFO - Sync 1 DAGs
[2025-11-09T14:22:02.524+0000] {logging_mixin.py:188} INFO - [2025-11-09T14:22:02.523+0000] {dag.py:3947} INFO - Setting next_dagrun for first_dag to 2025-11-09 00:00:00+00:00, run_after=2025-11-10 00:00:00+00:00
[2025-11-09T14:22:02.540+0000] {processor.py:183} INFO - Processing /opt/airflow/dags/first_dag.py took 0.071 seconds
[2025-11-09T14:22:32.646+0000] {processor.py:161} INFO - Started process (PID=742) to work on /opt/airflow/dags/first_dag.py
[2025-11-09T14:22:32.647+0000] {processor.py:830} INFO - Processing file /opt/airflow/dags/first_dag.py for tasks to queue
[2025-11-09T14:22:32.648+0000] {logging_mixin.py:188} INFO - [2025-11-09T14:22:32.647+0000] {dagbag.py:545} INFO - Filling up the DagBag from /opt/airflow/dags/first_dag.py
[2025-11-09T14:22:32.657+0000] {processor.py:840} INFO - DAG(s) 'first_dag' retrieved from /opt/airflow/dags/first_dag.py
[2025-11-09T14:22:32.679+0000] {logging_mixin.py:188} INFO - [2025-11-09T14:22:32.679+0000] {dag.py:3089} INFO - Sync 1 DAGs
[2025-11-09T14:22:32.696+0000] {logging_mixin.py:188} INFO - [2025-11-09T14:22:32.696+0000] {dag.py:3947} INFO - Setting next_dagrun for first_dag to 2025-11-09 00:00:00+00:00, run_after=2025-11-10 00:00:00+00:00
[2025-11-09T14:22:32.710+0000] {processor.py:183} INFO - Processing /opt/airflow/dags/first_dag.py took 0.069 seconds
[2025-11-09T14:23:02.880+0000] {processor.py:161} INFO - Started process (PID=752) to work on /opt/airflow/dags/first_dag.py
[2025-11-09T14:23:02.880+0000] {processor.py:830} INFO - Processing file /opt/airflow/dags/first_dag.py for tasks to queue
[2025-11-09T14:23:02.882+0000] {logging_mixin.py:188} INFO - [2025-11-09T14:23:02.881+0000] {dagbag.py:545} INFO - Filling up the DagBag from /opt/airflow/dags/first_dag.py
[2025-11-09T14:23:02.892+0000] {processor.py:840} INFO - DAG(s) 'first_dag' retrieved from /opt/airflow/dags/first_dag.py
[2025-11-09T14:23:02.913+0000] {logging_mixin.py:188} INFO - [2025-11-09T14:23:02.913+0000] {dag.py:3089} INFO - Sync 1 DAGs
[2025-11-09T14:23:02.931+0000] {logging_mixin.py:188} INFO - [2025-11-09T14:23:02.930+0000] {dag.py:3947} INFO - Setting next_dagrun for first_dag to 2025-11-09 00:00:00+00:00, run_after=2025-11-10 00:00:00+00:00
[2025-11-09T14:23:02.944+0000] {processor.py:183} INFO - Processing /opt/airflow/dags/first_dag.py took 0.070 seconds
[2025-11-09T14:23:33.043+0000] {processor.py:161} INFO - Started process (PID=762) to work on /opt/airflow/dags/first_dag.py
[2025-11-09T14:23:33.043+0000] {processor.py:830} INFO - Processing file /opt/airflow/dags/first_dag.py for tasks to queue
[2025-11-09T14:23:33.044+0000] {logging_mixin.py:188} INFO - [2025-11-09T14:23:33.044+0000] {dagbag.py:545} INFO - Filling up the DagBag from /opt/airflow/dags/first_dag.py
[2025-11-09T14:23:33.054+0000] {processor.py:840} INFO - DAG(s) 'first_dag' retrieved from /opt/airflow/dags/first_dag.py
[2025-11-09T14:23:33.075+0000] {logging_mixin.py:188} INFO - [2025-11-09T14:23:33.075+0000] {dag.py:3089} INFO - Sync 1 DAGs
[2025-11-09T14:23:33.093+0000] {logging_mixin.py:188} INFO - [2025-11-09T14:23:33.093+0000] {dag.py:3947} INFO - Setting next_dagrun for first_dag to 2025-11-09 00:00:00+00:00, run_after=2025-11-10 00:00:00+00:00
[2025-11-09T14:23:33.106+0000] {processor.py:183} INFO - Processing /opt/airflow/dags/first_dag.py took 0.069 seconds
[2025-11-09T14:24:03.292+0000] {processor.py:161} INFO - Started process (PID=772) to work on /opt/airflow/dags/first_dag.py
[2025-11-09T14:24:03.293+0000] {processor.py:830} INFO - Processing file /opt/airflow/dags/first_dag.py for tasks to queue
[2025-11-09T14:24:03.294+0000] {logging_mixin.py:188} INFO - [2025-11-09T14:24:03.293+0000] {dagbag.py:545} INFO - Filling up the DagBag from /opt/airflow/dags/first_dag.py
[2025-11-09T14:24:03.305+0000] {processor.py:840} INFO - DAG(s) 'first_dag' retrieved from /opt/airflow/dags/first_dag.py
[2025-11-09T14:24:03.327+0000] {logging_mixin.py:188} INFO - [2025-11-09T14:24:03.327+0000] {dag.py:3089} INFO - Sync 1 DAGs
[2025-11-09T14:24:03.345+0000] {logging_mixin.py:188} INFO - [2025-11-09T14:24:03.345+0000] {dag.py:3947} INFO - Setting next_dagrun for first_dag to 2025-11-09 00:00:00+00:00, run_after=2025-11-10 00:00:00+00:00
[2025-11-09T14:24:03.361+0000] {processor.py:183} INFO - Processing /opt/airflow/dags/first_dag.py took 0.077 seconds
[2025-11-09T14:24:33.481+0000] {processor.py:161} INFO - Started process (PID=782) to work on /opt/airflow/dags/first_dag.py
[2025-11-09T14:24:33.482+0000] {processor.py:830} INFO - Processing file /opt/airflow/dags/first_dag.py for tasks to queue
[2025-11-09T14:24:33.484+0000] {logging_mixin.py:188} INFO - [2025-11-09T14:24:33.483+0000] {dagbag.py:545} INFO - Filling up the DagBag from /opt/airflow/dags/first_dag.py
[2025-11-09T14:24:33.493+0000] {processor.py:840} INFO - DAG(s) 'first_dag' retrieved from /opt/airflow/dags/first_dag.py
[2025-11-09T14:24:33.514+0000] {logging_mixin.py:188} INFO - [2025-11-09T14:24:33.514+0000] {dag.py:3089} INFO - Sync 1 DAGs
[2025-11-09T14:24:33.534+0000] {logging_mixin.py:188} INFO - [2025-11-09T14:24:33.533+0000] {dag.py:3947} INFO - Setting next_dagrun for first_dag to 2025-11-09 00:00:00+00:00, run_after=2025-11-10 00:00:00+00:00
[2025-11-09T14:24:33.548+0000] {processor.py:183} INFO - Processing /opt/airflow/dags/first_dag.py took 0.073 seconds
[2025-11-09T14:25:03.670+0000] {processor.py:161} INFO - Started process (PID=792) to work on /opt/airflow/dags/first_dag.py
[2025-11-09T14:25:03.671+0000] {processor.py:830} INFO - Processing file /opt/airflow/dags/first_dag.py for tasks to queue
[2025-11-09T14:25:03.672+0000] {logging_mixin.py:188} INFO - [2025-11-09T14:25:03.672+0000] {dagbag.py:545} INFO - Filling up the DagBag from /opt/airflow/dags/first_dag.py
[2025-11-09T14:25:03.681+0000] {processor.py:840} INFO - DAG(s) 'first_dag' retrieved from /opt/airflow/dags/first_dag.py
[2025-11-09T14:25:03.702+0000] {logging_mixin.py:188} INFO - [2025-11-09T14:25:03.701+0000] {dag.py:3089} INFO - Sync 1 DAGs
[2025-11-09T14:25:03.718+0000] {logging_mixin.py:188} INFO - [2025-11-09T14:25:03.718+0000] {dag.py:3947} INFO - Setting next_dagrun for first_dag to 2025-11-09 00:00:00+00:00, run_after=2025-11-10 00:00:00+00:00
[2025-11-09T14:25:03.732+0000] {processor.py:183} INFO - Processing /opt/airflow/dags/first_dag.py took 0.067 seconds
[2025-11-09T14:25:33.842+0000] {processor.py:161} INFO - Started process (PID=802) to work on /opt/airflow/dags/first_dag.py
[2025-11-09T14:25:33.843+0000] {processor.py:830} INFO - Processing file /opt/airflow/dags/first_dag.py for tasks to queue
[2025-11-09T14:25:33.844+0000] {logging_mixin.py:188} INFO - [2025-11-09T14:25:33.844+0000] {dagbag.py:545} INFO - Filling up the DagBag from /opt/airflow/dags/first_dag.py
[2025-11-09T14:25:33.853+0000] {processor.py:840} INFO - DAG(s) 'first_dag' retrieved from /opt/airflow/dags/first_dag.py
[2025-11-09T14:25:33.876+0000] {logging_mixin.py:188} INFO - [2025-11-09T14:25:33.876+0000] {dag.py:3089} INFO - Sync 1 DAGs
[2025-11-09T14:25:33.895+0000] {logging_mixin.py:188} INFO - [2025-11-09T14:25:33.895+0000] {dag.py:3947} INFO - Setting next_dagrun for first_dag to 2025-11-09 00:00:00+00:00, run_after=2025-11-10 00:00:00+00:00
[2025-11-09T14:25:33.910+0000] {processor.py:183} INFO - Processing /opt/airflow/dags/first_dag.py took 0.072 seconds
[2025-11-09T14:26:04.036+0000] {processor.py:161} INFO - Started process (PID=812) to work on /opt/airflow/dags/first_dag.py
[2025-11-09T14:26:04.037+0000] {processor.py:830} INFO - Processing file /opt/airflow/dags/first_dag.py for tasks to queue
[2025-11-09T14:26:04.038+0000] {logging_mixin.py:188} INFO - [2025-11-09T14:26:04.037+0000] {dagbag.py:545} INFO - Filling up the DagBag from /opt/airflow/dags/first_dag.py
[2025-11-09T14:26:04.047+0000] {processor.py:840} INFO - DAG(s) 'first_dag' retrieved from /opt/airflow/dags/first_dag.py
[2025-11-09T14:26:04.068+0000] {logging_mixin.py:188} INFO - [2025-11-09T14:26:04.068+0000] {dag.py:3089} INFO - Sync 1 DAGs
[2025-11-09T14:26:04.085+0000] {logging_mixin.py:188} INFO - [2025-11-09T14:26:04.085+0000] {dag.py:3947} INFO - Setting next_dagrun for first_dag to 2025-11-09 00:00:00+00:00, run_after=2025-11-10 00:00:00+00:00
[2025-11-09T14:26:04.099+0000] {processor.py:183} INFO - Processing /opt/airflow/dags/first_dag.py took 0.068 seconds
[2025-11-09T14:26:34.278+0000] {processor.py:161} INFO - Started process (PID=822) to work on /opt/airflow/dags/first_dag.py
[2025-11-09T14:26:34.278+0000] {processor.py:830} INFO - Processing file /opt/airflow/dags/first_dag.py for tasks to queue
[2025-11-09T14:26:34.280+0000] {logging_mixin.py:188} INFO - [2025-11-09T14:26:34.279+0000] {dagbag.py:545} INFO - Filling up the DagBag from /opt/airflow/dags/first_dag.py
[2025-11-09T14:26:34.288+0000] {processor.py:840} INFO - DAG(s) 'first_dag' retrieved from /opt/airflow/dags/first_dag.py
[2025-11-09T14:26:34.310+0000] {logging_mixin.py:188} INFO - [2025-11-09T14:26:34.309+0000] {dag.py:3089} INFO - Sync 1 DAGs
[2025-11-09T14:26:34.328+0000] {logging_mixin.py:188} INFO - [2025-11-09T14:26:34.327+0000] {dag.py:3947} INFO - Setting next_dagrun for first_dag to 2025-11-09 00:00:00+00:00, run_after=2025-11-10 00:00:00+00:00
[2025-11-09T14:26:34.341+0000] {processor.py:183} INFO - Processing /opt/airflow/dags/first_dag.py took 0.070 seconds
[2025-11-09T14:27:04.458+0000] {processor.py:161} INFO - Started process (PID=832) to work on /opt/airflow/dags/first_dag.py
[2025-11-09T14:27:04.458+0000] {processor.py:830} INFO - Processing file /opt/airflow/dags/first_dag.py for tasks to queue
[2025-11-09T14:27:04.459+0000] {logging_mixin.py:188} INFO - [2025-11-09T14:27:04.459+0000] {dagbag.py:545} INFO - Filling up the DagBag from /opt/airflow/dags/first_dag.py
[2025-11-09T14:27:04.468+0000] {processor.py:840} INFO - DAG(s) 'first_dag' retrieved from /opt/airflow/dags/first_dag.py
[2025-11-09T14:27:04.489+0000] {logging_mixin.py:188} INFO - [2025-11-09T14:27:04.489+0000] {dag.py:3089} INFO - Sync 1 DAGs
[2025-11-09T14:27:04.506+0000] {logging_mixin.py:188} INFO - [2025-11-09T14:27:04.506+0000] {dag.py:3947} INFO - Setting next_dagrun for first_dag to 2025-11-09 00:00:00+00:00, run_after=2025-11-10 00:00:00+00:00
[2025-11-09T14:27:04.524+0000] {processor.py:183} INFO - Processing /opt/airflow/dags/first_dag.py took 0.071 seconds
[2025-11-09T14:27:34.642+0000] {processor.py:161} INFO - Started process (PID=842) to work on /opt/airflow/dags/first_dag.py
[2025-11-09T14:27:34.643+0000] {processor.py:830} INFO - Processing file /opt/airflow/dags/first_dag.py for tasks to queue
[2025-11-09T14:27:34.644+0000] {logging_mixin.py:188} INFO - [2025-11-09T14:27:34.644+0000] {dagbag.py:545} INFO - Filling up the DagBag from /opt/airflow/dags/first_dag.py
[2025-11-09T14:27:34.653+0000] {processor.py:840} INFO - DAG(s) 'first_dag' retrieved from /opt/airflow/dags/first_dag.py
[2025-11-09T14:27:34.674+0000] {logging_mixin.py:188} INFO - [2025-11-09T14:27:34.674+0000] {dag.py:3089} INFO - Sync 1 DAGs
[2025-11-09T14:27:34.691+0000] {logging_mixin.py:188} INFO - [2025-11-09T14:27:34.691+0000] {dag.py:3947} INFO - Setting next_dagrun for first_dag to 2025-11-09 00:00:00+00:00, run_after=2025-11-10 00:00:00+00:00
[2025-11-09T14:27:34.705+0000] {processor.py:183} INFO - Processing /opt/airflow/dags/first_dag.py took 0.067 seconds
[2025-11-09T14:28:04.831+0000] {processor.py:161} INFO - Started process (PID=852) to work on /opt/airflow/dags/first_dag.py
[2025-11-09T14:28:04.831+0000] {processor.py:830} INFO - Processing file /opt/airflow/dags/first_dag.py for tasks to queue
[2025-11-09T14:28:04.832+0000] {logging_mixin.py:188} INFO - [2025-11-09T14:28:04.832+0000] {dagbag.py:545} INFO - Filling up the DagBag from /opt/airflow/dags/first_dag.py
[2025-11-09T14:28:04.841+0000] {processor.py:840} INFO - DAG(s) 'first_dag' retrieved from /opt/airflow/dags/first_dag.py
[2025-11-09T14:28:04.862+0000] {logging_mixin.py:188} INFO - [2025-11-09T14:28:04.862+0000] {dag.py:3089} INFO - Sync 1 DAGs
[2025-11-09T14:28:04.879+0000] {logging_mixin.py:188} INFO - [2025-11-09T14:28:04.879+0000] {dag.py:3947} INFO - Setting next_dagrun for first_dag to 2025-11-09 00:00:00+00:00, run_after=2025-11-10 00:00:00+00:00
[2025-11-09T14:28:04.892+0000] {processor.py:183} INFO - Processing /opt/airflow/dags/first_dag.py took 0.067 seconds
[2025-11-09T14:28:35.060+0000] {processor.py:161} INFO - Started process (PID=862) to work on /opt/airflow/dags/first_dag.py
[2025-11-09T14:28:35.060+0000] {processor.py:830} INFO - Processing file /opt/airflow/dags/first_dag.py for tasks to queue
[2025-11-09T14:28:35.062+0000] {logging_mixin.py:188} INFO - [2025-11-09T14:28:35.061+0000] {dagbag.py:545} INFO - Filling up the DagBag from /opt/airflow/dags/first_dag.py
[2025-11-09T14:28:35.071+0000] {processor.py:840} INFO - DAG(s) 'first_dag' retrieved from /opt/airflow/dags/first_dag.py
[2025-11-09T14:28:35.092+0000] {logging_mixin.py:188} INFO - [2025-11-09T14:28:35.092+0000] {dag.py:3089} INFO - Sync 1 DAGs
[2025-11-09T14:28:35.110+0000] {logging_mixin.py:188} INFO - [2025-11-09T14:28:35.110+0000] {dag.py:3947} INFO - Setting next_dagrun for first_dag to 2025-11-09 00:00:00+00:00, run_after=2025-11-10 00:00:00+00:00
[2025-11-09T14:28:35.124+0000] {processor.py:183} INFO - Processing /opt/airflow/dags/first_dag.py took 0.069 seconds
[2025-11-09T14:29:05.247+0000] {processor.py:161} INFO - Started process (PID=872) to work on /opt/airflow/dags/first_dag.py
[2025-11-09T14:29:05.247+0000] {processor.py:830} INFO - Processing file /opt/airflow/dags/first_dag.py for tasks to queue
[2025-11-09T14:29:05.248+0000] {logging_mixin.py:188} INFO - [2025-11-09T14:29:05.248+0000] {dagbag.py:545} INFO - Filling up the DagBag from /opt/airflow/dags/first_dag.py
[2025-11-09T14:29:05.258+0000] {processor.py:840} INFO - DAG(s) 'first_dag' retrieved from /opt/airflow/dags/first_dag.py
[2025-11-09T14:29:05.279+0000] {logging_mixin.py:188} INFO - [2025-11-09T14:29:05.279+0000] {dag.py:3089} INFO - Sync 1 DAGs
[2025-11-09T14:29:05.298+0000] {logging_mixin.py:188} INFO - [2025-11-09T14:29:05.298+0000] {dag.py:3947} INFO - Setting next_dagrun for first_dag to 2025-11-09 00:00:00+00:00, run_after=2025-11-10 00:00:00+00:00
[2025-11-09T14:29:05.311+0000] {processor.py:183} INFO - Processing /opt/airflow/dags/first_dag.py took 0.069 seconds
[2025-11-09T14:29:35.439+0000] {processor.py:161} INFO - Started process (PID=882) to work on /opt/airflow/dags/first_dag.py
[2025-11-09T14:29:35.440+0000] {processor.py:830} INFO - Processing file /opt/airflow/dags/first_dag.py for tasks to queue
[2025-11-09T14:29:35.441+0000] {logging_mixin.py:188} INFO - [2025-11-09T14:29:35.441+0000] {dagbag.py:545} INFO - Filling up the DagBag from /opt/airflow/dags/first_dag.py
[2025-11-09T14:29:35.451+0000] {processor.py:840} INFO - DAG(s) 'first_dag' retrieved from /opt/airflow/dags/first_dag.py
[2025-11-09T14:29:35.472+0000] {logging_mixin.py:188} INFO - [2025-11-09T14:29:35.472+0000] {dag.py:3089} INFO - Sync 1 DAGs
[2025-11-09T14:29:35.490+0000] {logging_mixin.py:188} INFO - [2025-11-09T14:29:35.489+0000] {dag.py:3947} INFO - Setting next_dagrun for first_dag to 2025-11-09 00:00:00+00:00, run_after=2025-11-10 00:00:00+00:00
[2025-11-09T14:29:35.502+0000] {processor.py:183} INFO - Processing /opt/airflow/dags/first_dag.py took 0.068 seconds
[2025-11-09T14:30:05.684+0000] {processor.py:161} INFO - Started process (PID=892) to work on /opt/airflow/dags/first_dag.py
[2025-11-09T14:30:05.684+0000] {processor.py:830} INFO - Processing file /opt/airflow/dags/first_dag.py for tasks to queue
[2025-11-09T14:30:05.686+0000] {logging_mixin.py:188} INFO - [2025-11-09T14:30:05.685+0000] {dagbag.py:545} INFO - Filling up the DagBag from /opt/airflow/dags/first_dag.py
[2025-11-09T14:30:05.695+0000] {processor.py:840} INFO - DAG(s) 'first_dag' retrieved from /opt/airflow/dags/first_dag.py
[2025-11-09T14:30:05.717+0000] {logging_mixin.py:188} INFO - [2025-11-09T14:30:05.716+0000] {dag.py:3089} INFO - Sync 1 DAGs
[2025-11-09T14:30:05.734+0000] {logging_mixin.py:188} INFO - [2025-11-09T14:30:05.734+0000] {dag.py:3947} INFO - Setting next_dagrun for first_dag to 2025-11-09 00:00:00+00:00, run_after=2025-11-10 00:00:00+00:00
[2025-11-09T14:30:05.748+0000] {processor.py:183} INFO - Processing /opt/airflow/dags/first_dag.py took 0.069 seconds
[2025-11-09T14:30:35.906+0000] {processor.py:161} INFO - Started process (PID=902) to work on /opt/airflow/dags/first_dag.py
[2025-11-09T14:30:35.906+0000] {processor.py:830} INFO - Processing file /opt/airflow/dags/first_dag.py for tasks to queue
[2025-11-09T14:30:35.908+0000] {logging_mixin.py:188} INFO - [2025-11-09T14:30:35.907+0000] {dagbag.py:545} INFO - Filling up the DagBag from /opt/airflow/dags/first_dag.py
[2025-11-09T14:30:35.919+0000] {processor.py:840} INFO - DAG(s) 'first_dag' retrieved from /opt/airflow/dags/first_dag.py
[2025-11-09T14:30:35.943+0000] {logging_mixin.py:188} INFO - [2025-11-09T14:30:35.943+0000] {dag.py:3089} INFO - Sync 1 DAGs
[2025-11-09T14:30:35.962+0000] {logging_mixin.py:188} INFO - [2025-11-09T14:30:35.961+0000] {dag.py:3947} INFO - Setting next_dagrun for first_dag to 2025-11-09 00:00:00+00:00, run_after=2025-11-10 00:00:00+00:00
[2025-11-09T14:30:35.978+0000] {processor.py:183} INFO - Processing /opt/airflow/dags/first_dag.py took 0.079 seconds
[2025-11-09T14:31:06.086+0000] {processor.py:161} INFO - Started process (PID=912) to work on /opt/airflow/dags/first_dag.py
[2025-11-09T14:31:06.086+0000] {processor.py:830} INFO - Processing file /opt/airflow/dags/first_dag.py for tasks to queue
[2025-11-09T14:31:06.087+0000] {logging_mixin.py:188} INFO - [2025-11-09T14:31:06.087+0000] {dagbag.py:545} INFO - Filling up the DagBag from /opt/airflow/dags/first_dag.py
[2025-11-09T14:31:06.096+0000] {processor.py:840} INFO - DAG(s) 'first_dag' retrieved from /opt/airflow/dags/first_dag.py
[2025-11-09T14:31:06.118+0000] {logging_mixin.py:188} INFO - [2025-11-09T14:31:06.118+0000] {dag.py:3089} INFO - Sync 1 DAGs
[2025-11-09T14:31:06.135+0000] {logging_mixin.py:188} INFO - [2025-11-09T14:31:06.135+0000] {dag.py:3947} INFO - Setting next_dagrun for first_dag to 2025-11-09 00:00:00+00:00, run_after=2025-11-10 00:00:00+00:00
[2025-11-09T14:31:06.151+0000] {processor.py:183} INFO - Processing /opt/airflow/dags/first_dag.py took 0.070 seconds
[2025-11-09T14:31:36.270+0000] {processor.py:161} INFO - Started process (PID=922) to work on /opt/airflow/dags/first_dag.py
[2025-11-09T14:31:36.271+0000] {processor.py:830} INFO - Processing file /opt/airflow/dags/first_dag.py for tasks to queue
[2025-11-09T14:31:36.272+0000] {logging_mixin.py:188} INFO - [2025-11-09T14:31:36.271+0000] {dagbag.py:545} INFO - Filling up the DagBag from /opt/airflow/dags/first_dag.py
[2025-11-09T14:31:36.281+0000] {processor.py:840} INFO - DAG(s) 'first_dag' retrieved from /opt/airflow/dags/first_dag.py
[2025-11-09T14:31:36.305+0000] {logging_mixin.py:188} INFO - [2025-11-09T14:31:36.305+0000] {dag.py:3089} INFO - Sync 1 DAGs
[2025-11-09T14:31:36.326+0000] {logging_mixin.py:188} INFO - [2025-11-09T14:31:36.326+0000] {dag.py:3947} INFO - Setting next_dagrun for first_dag to 2025-11-09 00:00:00+00:00, run_after=2025-11-10 00:00:00+00:00
[2025-11-09T14:31:36.340+0000] {processor.py:183} INFO - Processing /opt/airflow/dags/first_dag.py took 0.074 seconds
[2025-11-09T14:32:06.518+0000] {processor.py:161} INFO - Started process (PID=932) to work on /opt/airflow/dags/first_dag.py
[2025-11-09T14:32:06.519+0000] {processor.py:830} INFO - Processing file /opt/airflow/dags/first_dag.py for tasks to queue
[2025-11-09T14:32:06.520+0000] {logging_mixin.py:188} INFO - [2025-11-09T14:32:06.520+0000] {dagbag.py:545} INFO - Filling up the DagBag from /opt/airflow/dags/first_dag.py
[2025-11-09T14:32:06.532+0000] {processor.py:840} INFO - DAG(s) 'first_dag' retrieved from /opt/airflow/dags/first_dag.py
[2025-11-09T14:32:06.560+0000] {logging_mixin.py:188} INFO - [2025-11-09T14:32:06.559+0000] {dag.py:3089} INFO - Sync 1 DAGs
[2025-11-09T14:32:06.580+0000] {logging_mixin.py:188} INFO - [2025-11-09T14:32:06.580+0000] {dag.py:3947} INFO - Setting next_dagrun for first_dag to 2025-11-09 00:00:00+00:00, run_after=2025-11-10 00:00:00+00:00
[2025-11-09T14:32:06.596+0000] {processor.py:183} INFO - Processing /opt/airflow/dags/first_dag.py took 0.082 seconds
[2025-11-09T14:32:36.683+0000] {processor.py:161} INFO - Started process (PID=942) to work on /opt/airflow/dags/first_dag.py
[2025-11-09T14:32:36.684+0000] {processor.py:830} INFO - Processing file /opt/airflow/dags/first_dag.py for tasks to queue
[2025-11-09T14:32:36.685+0000] {logging_mixin.py:188} INFO - [2025-11-09T14:32:36.684+0000] {dagbag.py:545} INFO - Filling up the DagBag from /opt/airflow/dags/first_dag.py
[2025-11-09T14:32:36.694+0000] {processor.py:840} INFO - DAG(s) 'first_dag' retrieved from /opt/airflow/dags/first_dag.py
[2025-11-09T14:32:36.718+0000] {logging_mixin.py:188} INFO - [2025-11-09T14:32:36.718+0000] {dag.py:3089} INFO - Sync 1 DAGs
[2025-11-09T14:32:36.738+0000] {logging_mixin.py:188} INFO - [2025-11-09T14:32:36.738+0000] {dag.py:3947} INFO - Setting next_dagrun for first_dag to 2025-11-09 00:00:00+00:00, run_after=2025-11-10 00:00:00+00:00
[2025-11-09T14:32:36.753+0000] {processor.py:183} INFO - Processing /opt/airflow/dags/first_dag.py took 0.074 seconds
[2025-11-09T14:33:06.871+0000] {processor.py:161} INFO - Started process (PID=952) to work on /opt/airflow/dags/first_dag.py
[2025-11-09T14:33:06.871+0000] {processor.py:830} INFO - Processing file /opt/airflow/dags/first_dag.py for tasks to queue
[2025-11-09T14:33:06.872+0000] {logging_mixin.py:188} INFO - [2025-11-09T14:33:06.872+0000] {dagbag.py:545} INFO - Filling up the DagBag from /opt/airflow/dags/first_dag.py
[2025-11-09T14:33:06.882+0000] {processor.py:840} INFO - DAG(s) 'first_dag' retrieved from /opt/airflow/dags/first_dag.py
[2025-11-09T14:33:06.905+0000] {logging_mixin.py:188} INFO - [2025-11-09T14:33:06.905+0000] {dag.py:3089} INFO - Sync 1 DAGs
[2025-11-09T14:33:06.923+0000] {logging_mixin.py:188} INFO - [2025-11-09T14:33:06.923+0000] {dag.py:3947} INFO - Setting next_dagrun for first_dag to 2025-11-09 00:00:00+00:00, run_after=2025-11-10 00:00:00+00:00
[2025-11-09T14:33:06.938+0000] {processor.py:183} INFO - Processing /opt/airflow/dags/first_dag.py took 0.072 seconds
[2025-11-09T14:33:37.052+0000] {processor.py:161} INFO - Started process (PID=962) to work on /opt/airflow/dags/first_dag.py
[2025-11-09T14:33:37.052+0000] {processor.py:830} INFO - Processing file /opt/airflow/dags/first_dag.py for tasks to queue
[2025-11-09T14:33:37.053+0000] {logging_mixin.py:188} INFO - [2025-11-09T14:33:37.053+0000] {dagbag.py:545} INFO - Filling up the DagBag from /opt/airflow/dags/first_dag.py
[2025-11-09T14:33:37.062+0000] {processor.py:840} INFO - DAG(s) 'first_dag' retrieved from /opt/airflow/dags/first_dag.py
[2025-11-09T14:33:37.085+0000] {logging_mixin.py:188} INFO - [2025-11-09T14:33:37.084+0000] {dag.py:3089} INFO - Sync 1 DAGs
[2025-11-09T14:33:37.101+0000] {logging_mixin.py:188} INFO - [2025-11-09T14:33:37.101+0000] {dag.py:3947} INFO - Setting next_dagrun for first_dag to 2025-11-09 00:00:00+00:00, run_after=2025-11-10 00:00:00+00:00
[2025-11-09T14:33:37.117+0000] {processor.py:183} INFO - Processing /opt/airflow/dags/first_dag.py took 0.070 seconds
[2025-11-09T14:34:07.256+0000] {processor.py:161} INFO - Started process (PID=972) to work on /opt/airflow/dags/first_dag.py
[2025-11-09T14:34:07.257+0000] {processor.py:830} INFO - Processing file /opt/airflow/dags/first_dag.py for tasks to queue
[2025-11-09T14:34:07.258+0000] {logging_mixin.py:188} INFO - [2025-11-09T14:34:07.257+0000] {dagbag.py:545} INFO - Filling up the DagBag from /opt/airflow/dags/first_dag.py
[2025-11-09T14:34:07.266+0000] {processor.py:840} INFO - DAG(s) 'first_dag' retrieved from /opt/airflow/dags/first_dag.py
[2025-11-09T14:34:07.288+0000] {logging_mixin.py:188} INFO - [2025-11-09T14:34:07.288+0000] {dag.py:3089} INFO - Sync 1 DAGs
[2025-11-09T14:34:07.305+0000] {logging_mixin.py:188} INFO - [2025-11-09T14:34:07.305+0000] {dag.py:3947} INFO - Setting next_dagrun for first_dag to 2025-11-09 00:00:00+00:00, run_after=2025-11-10 00:00:00+00:00
[2025-11-09T14:34:07.320+0000] {processor.py:183} INFO - Processing /opt/airflow/dags/first_dag.py took 0.069 seconds
[2025-11-09T14:34:37.434+0000] {processor.py:161} INFO - Started process (PID=982) to work on /opt/airflow/dags/first_dag.py
[2025-11-09T14:34:37.434+0000] {processor.py:830} INFO - Processing file /opt/airflow/dags/first_dag.py for tasks to queue
[2025-11-09T14:34:37.435+0000] {logging_mixin.py:188} INFO - [2025-11-09T14:34:37.435+0000] {dagbag.py:545} INFO - Filling up the DagBag from /opt/airflow/dags/first_dag.py
[2025-11-09T14:34:37.444+0000] {processor.py:840} INFO - DAG(s) 'first_dag' retrieved from /opt/airflow/dags/first_dag.py
[2025-11-09T14:34:37.465+0000] {logging_mixin.py:188} INFO - [2025-11-09T14:34:37.464+0000] {dag.py:3089} INFO - Sync 1 DAGs
[2025-11-09T14:34:37.482+0000] {logging_mixin.py:188} INFO - [2025-11-09T14:34:37.482+0000] {dag.py:3947} INFO - Setting next_dagrun for first_dag to 2025-11-09 00:00:00+00:00, run_after=2025-11-10 00:00:00+00:00
[2025-11-09T14:34:37.495+0000] {processor.py:183} INFO - Processing /opt/airflow/dags/first_dag.py took 0.066 seconds
[2025-11-09T14:35:07.676+0000] {processor.py:161} INFO - Started process (PID=992) to work on /opt/airflow/dags/first_dag.py
[2025-11-09T14:35:07.677+0000] {processor.py:830} INFO - Processing file /opt/airflow/dags/first_dag.py for tasks to queue
[2025-11-09T14:35:07.678+0000] {logging_mixin.py:188} INFO - [2025-11-09T14:35:07.677+0000] {dagbag.py:545} INFO - Filling up the DagBag from /opt/airflow/dags/first_dag.py
[2025-11-09T14:35:07.686+0000] {processor.py:840} INFO - DAG(s) 'first_dag' retrieved from /opt/airflow/dags/first_dag.py
[2025-11-09T14:35:07.707+0000] {logging_mixin.py:188} INFO - [2025-11-09T14:35:07.706+0000] {dag.py:3089} INFO - Sync 1 DAGs
[2025-11-09T14:35:07.724+0000] {logging_mixin.py:188} INFO - [2025-11-09T14:35:07.723+0000] {dag.py:3947} INFO - Setting next_dagrun for first_dag to 2025-11-09 00:00:00+00:00, run_after=2025-11-10 00:00:00+00:00
[2025-11-09T14:35:07.737+0000] {processor.py:183} INFO - Processing /opt/airflow/dags/first_dag.py took 0.067 seconds
[2025-11-09T14:35:37.842+0000] {processor.py:161} INFO - Started process (PID=1002) to work on /opt/airflow/dags/first_dag.py
[2025-11-09T14:35:37.842+0000] {processor.py:830} INFO - Processing file /opt/airflow/dags/first_dag.py for tasks to queue
[2025-11-09T14:35:37.843+0000] {logging_mixin.py:188} INFO - [2025-11-09T14:35:37.843+0000] {dagbag.py:545} INFO - Filling up the DagBag from /opt/airflow/dags/first_dag.py
[2025-11-09T14:35:37.853+0000] {processor.py:840} INFO - DAG(s) 'first_dag' retrieved from /opt/airflow/dags/first_dag.py
[2025-11-09T14:35:37.884+0000] {logging_mixin.py:188} INFO - [2025-11-09T14:35:37.884+0000] {dag.py:3089} INFO - Sync 1 DAGs
[2025-11-09T14:35:37.910+0000] {logging_mixin.py:188} INFO - [2025-11-09T14:35:37.910+0000] {dag.py:3947} INFO - Setting next_dagrun for first_dag to 2025-11-09 00:00:00+00:00, run_after=2025-11-10 00:00:00+00:00
[2025-11-09T14:35:37.932+0000] {processor.py:183} INFO - Processing /opt/airflow/dags/first_dag.py took 0.095 seconds
[2025-11-09T14:36:08.035+0000] {processor.py:161} INFO - Started process (PID=1012) to work on /opt/airflow/dags/first_dag.py
[2025-11-09T14:36:08.036+0000] {processor.py:830} INFO - Processing file /opt/airflow/dags/first_dag.py for tasks to queue
[2025-11-09T14:36:08.037+0000] {logging_mixin.py:188} INFO - [2025-11-09T14:36:08.036+0000] {dagbag.py:545} INFO - Filling up the DagBag from /opt/airflow/dags/first_dag.py
[2025-11-09T14:36:08.045+0000] {processor.py:840} INFO - DAG(s) 'first_dag' retrieved from /opt/airflow/dags/first_dag.py
[2025-11-09T14:36:08.068+0000] {logging_mixin.py:188} INFO - [2025-11-09T14:36:08.067+0000] {dag.py:3089} INFO - Sync 1 DAGs
[2025-11-09T14:36:08.085+0000] {logging_mixin.py:188} INFO - [2025-11-09T14:36:08.085+0000] {dag.py:3947} INFO - Setting next_dagrun for first_dag to 2025-11-09 00:00:00+00:00, run_after=2025-11-10 00:00:00+00:00
[2025-11-09T14:36:08.099+0000] {processor.py:183} INFO - Processing /opt/airflow/dags/first_dag.py took 0.070 seconds
[2025-11-09T14:36:38.257+0000] {processor.py:161} INFO - Started process (PID=1022) to work on /opt/airflow/dags/first_dag.py
[2025-11-09T14:36:38.258+0000] {processor.py:830} INFO - Processing file /opt/airflow/dags/first_dag.py for tasks to queue
[2025-11-09T14:36:38.259+0000] {logging_mixin.py:188} INFO - [2025-11-09T14:36:38.258+0000] {dagbag.py:545} INFO - Filling up the DagBag from /opt/airflow/dags/first_dag.py
[2025-11-09T14:36:38.268+0000] {processor.py:840} INFO - DAG(s) 'first_dag' retrieved from /opt/airflow/dags/first_dag.py
[2025-11-09T14:36:38.289+0000] {logging_mixin.py:188} INFO - [2025-11-09T14:36:38.289+0000] {dag.py:3089} INFO - Sync 1 DAGs
[2025-11-09T14:36:38.306+0000] {logging_mixin.py:188} INFO - [2025-11-09T14:36:38.306+0000] {dag.py:3947} INFO - Setting next_dagrun for first_dag to 2025-11-09 00:00:00+00:00, run_after=2025-11-10 00:00:00+00:00
[2025-11-09T14:36:38.337+0000] {processor.py:183} INFO - Processing /opt/airflow/dags/first_dag.py took 0.085 seconds
[2025-11-09T14:37:08.420+0000] {processor.py:161} INFO - Started process (PID=1032) to work on /opt/airflow/dags/first_dag.py
[2025-11-09T14:37:08.421+0000] {processor.py:830} INFO - Processing file /opt/airflow/dags/first_dag.py for tasks to queue
[2025-11-09T14:37:08.422+0000] {logging_mixin.py:188} INFO - [2025-11-09T14:37:08.421+0000] {dagbag.py:545} INFO - Filling up the DagBag from /opt/airflow/dags/first_dag.py
[2025-11-09T14:37:08.433+0000] {processor.py:840} INFO - DAG(s) 'first_dag' retrieved from /opt/airflow/dags/first_dag.py
[2025-11-09T14:37:08.461+0000] {logging_mixin.py:188} INFO - [2025-11-09T14:37:08.461+0000] {dag.py:3089} INFO - Sync 1 DAGs
[2025-11-09T14:37:08.479+0000] {logging_mixin.py:188} INFO - [2025-11-09T14:37:08.479+0000] {dag.py:3947} INFO - Setting next_dagrun for first_dag to 2025-11-09 00:00:00+00:00, run_after=2025-11-10 00:00:00+00:00
[2025-11-09T14:37:08.498+0000] {processor.py:183} INFO - Processing /opt/airflow/dags/first_dag.py took 0.084 seconds
[2025-11-09T14:37:38.615+0000] {processor.py:161} INFO - Started process (PID=1042) to work on /opt/airflow/dags/first_dag.py
[2025-11-09T14:37:38.615+0000] {processor.py:830} INFO - Processing file /opt/airflow/dags/first_dag.py for tasks to queue
[2025-11-09T14:37:38.616+0000] {logging_mixin.py:188} INFO - [2025-11-09T14:37:38.616+0000] {dagbag.py:545} INFO - Filling up the DagBag from /opt/airflow/dags/first_dag.py
[2025-11-09T14:37:38.626+0000] {processor.py:840} INFO - DAG(s) 'first_dag' retrieved from /opt/airflow/dags/first_dag.py
[2025-11-09T14:37:38.647+0000] {logging_mixin.py:188} INFO - [2025-11-09T14:37:38.647+0000] {dag.py:3089} INFO - Sync 1 DAGs
[2025-11-09T14:37:38.664+0000] {logging_mixin.py:188} INFO - [2025-11-09T14:37:38.664+0000] {dag.py:3947} INFO - Setting next_dagrun for first_dag to 2025-11-09 00:00:00+00:00, run_after=2025-11-10 00:00:00+00:00
[2025-11-09T14:37:38.678+0000] {processor.py:183} INFO - Processing /opt/airflow/dags/first_dag.py took 0.068 seconds
[2025-11-09T14:38:08.836+0000] {processor.py:161} INFO - Started process (PID=1052) to work on /opt/airflow/dags/first_dag.py
[2025-11-09T14:38:08.837+0000] {processor.py:830} INFO - Processing file /opt/airflow/dags/first_dag.py for tasks to queue
[2025-11-09T14:38:08.838+0000] {logging_mixin.py:188} INFO - [2025-11-09T14:38:08.838+0000] {dagbag.py:545} INFO - Filling up the DagBag from /opt/airflow/dags/first_dag.py
[2025-11-09T14:38:08.847+0000] {processor.py:840} INFO - DAG(s) 'first_dag' retrieved from /opt/airflow/dags/first_dag.py
[2025-11-09T14:38:08.871+0000] {logging_mixin.py:188} INFO - [2025-11-09T14:38:08.871+0000] {dag.py:3089} INFO - Sync 1 DAGs
[2025-11-09T14:38:08.889+0000] {logging_mixin.py:188} INFO - [2025-11-09T14:38:08.889+0000] {dag.py:3947} INFO - Setting next_dagrun for first_dag to 2025-11-09 00:00:00+00:00, run_after=2025-11-10 00:00:00+00:00
[2025-11-09T14:38:08.903+0000] {processor.py:183} INFO - Processing /opt/airflow/dags/first_dag.py took 0.072 seconds
[2025-11-09T14:38:39.095+0000] {processor.py:161} INFO - Started process (PID=1062) to work on /opt/airflow/dags/first_dag.py
[2025-11-09T14:38:39.096+0000] {processor.py:830} INFO - Processing file /opt/airflow/dags/first_dag.py for tasks to queue
[2025-11-09T14:38:39.098+0000] {logging_mixin.py:188} INFO - [2025-11-09T14:38:39.097+0000] {dagbag.py:545} INFO - Filling up the DagBag from /opt/airflow/dags/first_dag.py
[2025-11-09T14:38:39.111+0000] {processor.py:840} INFO - DAG(s) 'first_dag' retrieved from /opt/airflow/dags/first_dag.py
[2025-11-09T14:38:39.138+0000] {logging_mixin.py:188} INFO - [2025-11-09T14:38:39.138+0000] {dag.py:3089} INFO - Sync 1 DAGs
[2025-11-09T14:38:39.158+0000] {logging_mixin.py:188} INFO - [2025-11-09T14:38:39.158+0000] {dag.py:3947} INFO - Setting next_dagrun for first_dag to 2025-11-09 00:00:00+00:00, run_after=2025-11-10 00:00:00+00:00
[2025-11-09T14:38:39.173+0000] {processor.py:183} INFO - Processing /opt/airflow/dags/first_dag.py took 0.089 seconds
[2025-11-09T14:39:09.295+0000] {processor.py:161} INFO - Started process (PID=1072) to work on /opt/airflow/dags/first_dag.py
[2025-11-09T14:39:09.295+0000] {processor.py:830} INFO - Processing file /opt/airflow/dags/first_dag.py for tasks to queue
[2025-11-09T14:39:09.296+0000] {logging_mixin.py:188} INFO - [2025-11-09T14:39:09.296+0000] {dagbag.py:545} INFO - Filling up the DagBag from /opt/airflow/dags/first_dag.py
[2025-11-09T14:39:09.305+0000] {processor.py:840} INFO - DAG(s) 'first_dag' retrieved from /opt/airflow/dags/first_dag.py
[2025-11-09T14:39:09.326+0000] {logging_mixin.py:188} INFO - [2025-11-09T14:39:09.326+0000] {dag.py:3089} INFO - Sync 1 DAGs
[2025-11-09T14:39:09.343+0000] {logging_mixin.py:188} INFO - [2025-11-09T14:39:09.342+0000] {dag.py:3947} INFO - Setting next_dagrun for first_dag to 2025-11-09 00:00:00+00:00, run_after=2025-11-10 00:00:00+00:00
[2025-11-09T14:39:09.357+0000] {processor.py:183} INFO - Processing /opt/airflow/dags/first_dag.py took 0.067 seconds
[2025-11-09T14:39:39.494+0000] {processor.py:161} INFO - Started process (PID=1082) to work on /opt/airflow/dags/first_dag.py
[2025-11-09T14:39:39.496+0000] {processor.py:830} INFO - Processing file /opt/airflow/dags/first_dag.py for tasks to queue
[2025-11-09T14:39:39.500+0000] {logging_mixin.py:188} INFO - [2025-11-09T14:39:39.498+0000] {dagbag.py:545} INFO - Filling up the DagBag from /opt/airflow/dags/first_dag.py
[2025-11-09T14:39:39.539+0000] {processor.py:840} INFO - DAG(s) 'first_dag' retrieved from /opt/airflow/dags/first_dag.py
[2025-11-09T14:39:39.565+0000] {logging_mixin.py:188} INFO - [2025-11-09T14:39:39.565+0000] {dag.py:3089} INFO - Sync 1 DAGs
[2025-11-09T14:39:39.582+0000] {logging_mixin.py:188} INFO - [2025-11-09T14:39:39.582+0000] {dag.py:3947} INFO - Setting next_dagrun for first_dag to 2025-11-09 00:00:00+00:00, run_after=2025-11-10 00:00:00+00:00
[2025-11-09T14:39:39.595+0000] {processor.py:183} INFO - Processing /opt/airflow/dags/first_dag.py took 0.118 seconds
[2025-11-09T14:40:09.704+0000] {processor.py:161} INFO - Started process (PID=1092) to work on /opt/airflow/dags/first_dag.py
[2025-11-09T14:40:09.704+0000] {processor.py:830} INFO - Processing file /opt/airflow/dags/first_dag.py for tasks to queue
[2025-11-09T14:40:09.705+0000] {logging_mixin.py:188} INFO - [2025-11-09T14:40:09.705+0000] {dagbag.py:545} INFO - Filling up the DagBag from /opt/airflow/dags/first_dag.py
[2025-11-09T14:40:09.714+0000] {processor.py:840} INFO - DAG(s) 'first_dag' retrieved from /opt/airflow/dags/first_dag.py
[2025-11-09T14:40:09.734+0000] {logging_mixin.py:188} INFO - [2025-11-09T14:40:09.734+0000] {dag.py:3089} INFO - Sync 1 DAGs
[2025-11-09T14:40:09.750+0000] {logging_mixin.py:188} INFO - [2025-11-09T14:40:09.750+0000] {dag.py:3947} INFO - Setting next_dagrun for first_dag to 2025-11-09 00:00:00+00:00, run_after=2025-11-10 00:00:00+00:00
[2025-11-09T14:40:09.764+0000] {processor.py:183} INFO - Processing /opt/airflow/dags/first_dag.py took 0.067 seconds
[2025-11-09T14:40:39.872+0000] {processor.py:161} INFO - Started process (PID=1102) to work on /opt/airflow/dags/first_dag.py
[2025-11-09T14:40:39.872+0000] {processor.py:830} INFO - Processing file /opt/airflow/dags/first_dag.py for tasks to queue
[2025-11-09T14:40:39.874+0000] {logging_mixin.py:188} INFO - [2025-11-09T14:40:39.873+0000] {dagbag.py:545} INFO - Filling up the DagBag from /opt/airflow/dags/first_dag.py
[2025-11-09T14:40:39.882+0000] {processor.py:840} INFO - DAG(s) 'first_dag' retrieved from /opt/airflow/dags/first_dag.py
[2025-11-09T14:40:39.902+0000] {logging_mixin.py:188} INFO - [2025-11-09T14:40:39.902+0000] {dag.py:3089} INFO - Sync 1 DAGs
[2025-11-09T14:40:39.919+0000] {logging_mixin.py:188} INFO - [2025-11-09T14:40:39.919+0000] {dag.py:3947} INFO - Setting next_dagrun for first_dag to 2025-11-09 00:00:00+00:00, run_after=2025-11-10 00:00:00+00:00
[2025-11-09T14:40:39.933+0000] {processor.py:183} INFO - Processing /opt/airflow/dags/first_dag.py took 0.066 seconds
[2025-11-09T14:41:10.071+0000] {processor.py:161} INFO - Started process (PID=1112) to work on /opt/airflow/dags/first_dag.py
[2025-11-09T14:41:10.071+0000] {processor.py:830} INFO - Processing file /opt/airflow/dags/first_dag.py for tasks to queue
[2025-11-09T14:41:10.072+0000] {logging_mixin.py:188} INFO - [2025-11-09T14:41:10.072+0000] {dagbag.py:545} INFO - Filling up the DagBag from /opt/airflow/dags/first_dag.py
[2025-11-09T14:41:10.081+0000] {processor.py:840} INFO - DAG(s) 'first_dag' retrieved from /opt/airflow/dags/first_dag.py
[2025-11-09T14:41:10.102+0000] {logging_mixin.py:188} INFO - [2025-11-09T14:41:10.102+0000] {dag.py:3089} INFO - Sync 1 DAGs
[2025-11-09T14:41:10.119+0000] {logging_mixin.py:188} INFO - [2025-11-09T14:41:10.119+0000] {dag.py:3947} INFO - Setting next_dagrun for first_dag to 2025-11-09 00:00:00+00:00, run_after=2025-11-10 00:00:00+00:00
[2025-11-09T14:41:10.132+0000] {processor.py:183} INFO - Processing /opt/airflow/dags/first_dag.py took 0.070 seconds
[2025-11-09T14:41:40.271+0000] {processor.py:161} INFO - Started process (PID=1122) to work on /opt/airflow/dags/first_dag.py
[2025-11-09T14:41:40.272+0000] {processor.py:830} INFO - Processing file /opt/airflow/dags/first_dag.py for tasks to queue
[2025-11-09T14:41:40.274+0000] {logging_mixin.py:188} INFO - [2025-11-09T14:41:40.273+0000] {dagbag.py:545} INFO - Filling up the DagBag from /opt/airflow/dags/first_dag.py
[2025-11-09T14:41:40.286+0000] {processor.py:840} INFO - DAG(s) 'first_dag' retrieved from /opt/airflow/dags/first_dag.py
[2025-11-09T14:41:40.307+0000] {logging_mixin.py:188} INFO - [2025-11-09T14:41:40.307+0000] {dag.py:3089} INFO - Sync 1 DAGs
[2025-11-09T14:41:40.324+0000] {logging_mixin.py:188} INFO - [2025-11-09T14:41:40.324+0000] {dag.py:3947} INFO - Setting next_dagrun for first_dag to 2025-11-09 00:00:00+00:00, run_after=2025-11-10 00:00:00+00:00
[2025-11-09T14:41:40.338+0000] {processor.py:183} INFO - Processing /opt/airflow/dags/first_dag.py took 0.082 seconds
[2025-11-09T14:42:10.438+0000] {processor.py:161} INFO - Started process (PID=1132) to work on /opt/airflow/dags/first_dag.py
[2025-11-09T14:42:10.438+0000] {processor.py:830} INFO - Processing file /opt/airflow/dags/first_dag.py for tasks to queue
[2025-11-09T14:42:10.440+0000] {logging_mixin.py:188} INFO - [2025-11-09T14:42:10.439+0000] {dagbag.py:545} INFO - Filling up the DagBag from /opt/airflow/dags/first_dag.py
[2025-11-09T14:42:10.450+0000] {processor.py:840} INFO - DAG(s) 'first_dag' retrieved from /opt/airflow/dags/first_dag.py
[2025-11-09T14:42:10.474+0000] {logging_mixin.py:188} INFO - [2025-11-09T14:42:10.474+0000] {dag.py:3089} INFO - Sync 1 DAGs
[2025-11-09T14:42:10.505+0000] {logging_mixin.py:188} INFO - [2025-11-09T14:42:10.505+0000] {dag.py:3947} INFO - Setting next_dagrun for first_dag to 2025-11-09 00:00:00+00:00, run_after=2025-11-10 00:00:00+00:00
[2025-11-09T14:42:10.535+0000] {processor.py:183} INFO - Processing /opt/airflow/dags/first_dag.py took 0.102 seconds
[2025-11-09T14:42:40.631+0000] {processor.py:161} INFO - Started process (PID=1142) to work on /opt/airflow/dags/first_dag.py
[2025-11-09T14:42:40.631+0000] {processor.py:830} INFO - Processing file /opt/airflow/dags/first_dag.py for tasks to queue
[2025-11-09T14:42:40.633+0000] {logging_mixin.py:188} INFO - [2025-11-09T14:42:40.632+0000] {dagbag.py:545} INFO - Filling up the DagBag from /opt/airflow/dags/first_dag.py
[2025-11-09T14:42:40.647+0000] {processor.py:840} INFO - DAG(s) 'first_dag' retrieved from /opt/airflow/dags/first_dag.py
[2025-11-09T14:42:40.675+0000] {logging_mixin.py:188} INFO - [2025-11-09T14:42:40.674+0000] {dag.py:3089} INFO - Sync 1 DAGs
[2025-11-09T14:42:40.699+0000] {logging_mixin.py:188} INFO - [2025-11-09T14:42:40.699+0000] {dag.py:3947} INFO - Setting next_dagrun for first_dag to 2025-11-09 00:00:00+00:00, run_after=2025-11-10 00:00:00+00:00
[2025-11-09T14:42:40.720+0000] {processor.py:183} INFO - Processing /opt/airflow/dags/first_dag.py took 0.094 seconds
[2025-11-09T14:43:10.893+0000] {processor.py:161} INFO - Started process (PID=1152) to work on /opt/airflow/dags/first_dag.py
[2025-11-09T14:43:10.895+0000] {processor.py:830} INFO - Processing file /opt/airflow/dags/first_dag.py for tasks to queue
[2025-11-09T14:43:10.897+0000] {logging_mixin.py:188} INFO - [2025-11-09T14:43:10.896+0000] {dagbag.py:545} INFO - Filling up the DagBag from /opt/airflow/dags/first_dag.py
[2025-11-09T14:43:10.924+0000] {processor.py:840} INFO - DAG(s) 'first_dag' retrieved from /opt/airflow/dags/first_dag.py
[2025-11-09T14:43:10.962+0000] {logging_mixin.py:188} INFO - [2025-11-09T14:43:10.962+0000] {dag.py:3089} INFO - Sync 1 DAGs
[2025-11-09T14:43:10.979+0000] {logging_mixin.py:188} INFO - [2025-11-09T14:43:10.979+0000] {dag.py:3947} INFO - Setting next_dagrun for first_dag to 2025-11-09 00:00:00+00:00, run_after=2025-11-10 00:00:00+00:00
[2025-11-09T14:43:10.993+0000] {processor.py:183} INFO - Processing /opt/airflow/dags/first_dag.py took 0.112 seconds
[2025-11-09T14:43:41.072+0000] {processor.py:161} INFO - Started process (PID=1162) to work on /opt/airflow/dags/first_dag.py
[2025-11-09T14:43:41.073+0000] {processor.py:830} INFO - Processing file /opt/airflow/dags/first_dag.py for tasks to queue
[2025-11-09T14:43:41.073+0000] {logging_mixin.py:188} INFO - [2025-11-09T14:43:41.073+0000] {dagbag.py:545} INFO - Filling up the DagBag from /opt/airflow/dags/first_dag.py
[2025-11-09T14:43:41.085+0000] {processor.py:840} INFO - DAG(s) 'first_dag' retrieved from /opt/airflow/dags/first_dag.py
[2025-11-09T14:43:41.108+0000] {logging_mixin.py:188} INFO - [2025-11-09T14:43:41.108+0000] {dag.py:3089} INFO - Sync 1 DAGs
[2025-11-09T14:43:41.127+0000] {logging_mixin.py:188} INFO - [2025-11-09T14:43:41.127+0000] {dag.py:3947} INFO - Setting next_dagrun for first_dag to 2025-11-09 00:00:00+00:00, run_after=2025-11-10 00:00:00+00:00
[2025-11-09T14:43:41.146+0000] {processor.py:183} INFO - Processing /opt/airflow/dags/first_dag.py took 0.081 seconds
[2025-11-09T14:44:11.330+0000] {processor.py:161} INFO - Started process (PID=1172) to work on /opt/airflow/dags/first_dag.py
[2025-11-09T14:44:11.331+0000] {processor.py:830} INFO - Processing file /opt/airflow/dags/first_dag.py for tasks to queue
[2025-11-09T14:44:11.333+0000] {logging_mixin.py:188} INFO - [2025-11-09T14:44:11.332+0000] {dagbag.py:545} INFO - Filling up the DagBag from /opt/airflow/dags/first_dag.py
[2025-11-09T14:44:11.350+0000] {processor.py:840} INFO - DAG(s) 'first_dag' retrieved from /opt/airflow/dags/first_dag.py
[2025-11-09T14:44:11.371+0000] {logging_mixin.py:188} INFO - [2025-11-09T14:44:11.371+0000] {dag.py:3089} INFO - Sync 1 DAGs
[2025-11-09T14:44:11.388+0000] {logging_mixin.py:188} INFO - [2025-11-09T14:44:11.387+0000] {dag.py:3947} INFO - Setting next_dagrun for first_dag to 2025-11-09 00:00:00+00:00, run_after=2025-11-10 00:00:00+00:00
[2025-11-09T14:44:11.401+0000] {processor.py:183} INFO - Processing /opt/airflow/dags/first_dag.py took 0.084 seconds
[2025-11-09T14:44:41.521+0000] {processor.py:161} INFO - Started process (PID=1182) to work on /opt/airflow/dags/first_dag.py
[2025-11-09T14:44:41.522+0000] {processor.py:830} INFO - Processing file /opt/airflow/dags/first_dag.py for tasks to queue
[2025-11-09T14:44:41.525+0000] {logging_mixin.py:188} INFO - [2025-11-09T14:44:41.524+0000] {dagbag.py:545} INFO - Filling up the DagBag from /opt/airflow/dags/first_dag.py
[2025-11-09T14:44:41.540+0000] {processor.py:840} INFO - DAG(s) 'first_dag' retrieved from /opt/airflow/dags/first_dag.py
[2025-11-09T14:44:41.562+0000] {logging_mixin.py:188} INFO - [2025-11-09T14:44:41.562+0000] {dag.py:3089} INFO - Sync 1 DAGs
[2025-11-09T14:44:41.579+0000] {logging_mixin.py:188} INFO - [2025-11-09T14:44:41.579+0000] {dag.py:3947} INFO - Setting next_dagrun for first_dag to 2025-11-09 00:00:00+00:00, run_after=2025-11-10 00:00:00+00:00
[2025-11-09T14:44:41.592+0000] {processor.py:183} INFO - Processing /opt/airflow/dags/first_dag.py took 0.085 seconds
[2025-11-09T14:45:11.721+0000] {processor.py:161} INFO - Started process (PID=1192) to work on /opt/airflow/dags/first_dag.py
[2025-11-09T14:45:11.723+0000] {processor.py:830} INFO - Processing file /opt/airflow/dags/first_dag.py for tasks to queue
[2025-11-09T14:45:11.725+0000] {logging_mixin.py:188} INFO - [2025-11-09T14:45:11.724+0000] {dagbag.py:545} INFO - Filling up the DagBag from /opt/airflow/dags/first_dag.py
[2025-11-09T14:45:11.748+0000] {processor.py:840} INFO - DAG(s) 'first_dag' retrieved from /opt/airflow/dags/first_dag.py
[2025-11-09T14:45:11.777+0000] {logging_mixin.py:188} INFO - [2025-11-09T14:45:11.776+0000] {dag.py:3089} INFO - Sync 1 DAGs
[2025-11-09T14:45:11.793+0000] {logging_mixin.py:188} INFO - [2025-11-09T14:45:11.793+0000] {dag.py:3947} INFO - Setting next_dagrun for first_dag to 2025-11-09 00:00:00+00:00, run_after=2025-11-10 00:00:00+00:00
[2025-11-09T14:45:11.807+0000] {processor.py:183} INFO - Processing /opt/airflow/dags/first_dag.py took 0.098 seconds
[2025-11-09T14:45:41.907+0000] {processor.py:161} INFO - Started process (PID=1202) to work on /opt/airflow/dags/first_dag.py
[2025-11-09T14:45:41.907+0000] {processor.py:830} INFO - Processing file /opt/airflow/dags/first_dag.py for tasks to queue
[2025-11-09T14:45:41.908+0000] {logging_mixin.py:188} INFO - [2025-11-09T14:45:41.908+0000] {dagbag.py:545} INFO - Filling up the DagBag from /opt/airflow/dags/first_dag.py
[2025-11-09T14:45:41.917+0000] {processor.py:840} INFO - DAG(s) 'first_dag' retrieved from /opt/airflow/dags/first_dag.py
[2025-11-09T14:45:41.938+0000] {logging_mixin.py:188} INFO - [2025-11-09T14:45:41.938+0000] {dag.py:3089} INFO - Sync 1 DAGs
[2025-11-09T14:45:41.955+0000] {logging_mixin.py:188} INFO - [2025-11-09T14:45:41.955+0000] {dag.py:3947} INFO - Setting next_dagrun for first_dag to 2025-11-09 00:00:00+00:00, run_after=2025-11-10 00:00:00+00:00
[2025-11-09T14:45:41.968+0000] {processor.py:183} INFO - Processing /opt/airflow/dags/first_dag.py took 0.067 seconds
[2025-11-09T14:46:12.142+0000] {processor.py:161} INFO - Started process (PID=1212) to work on /opt/airflow/dags/first_dag.py
[2025-11-09T14:46:12.142+0000] {processor.py:830} INFO - Processing file /opt/airflow/dags/first_dag.py for tasks to queue
[2025-11-09T14:46:12.144+0000] {logging_mixin.py:188} INFO - [2025-11-09T14:46:12.143+0000] {dagbag.py:545} INFO - Filling up the DagBag from /opt/airflow/dags/first_dag.py
[2025-11-09T14:46:12.153+0000] {processor.py:840} INFO - DAG(s) 'first_dag' retrieved from /opt/airflow/dags/first_dag.py
[2025-11-09T14:46:12.173+0000] {logging_mixin.py:188} INFO - [2025-11-09T14:46:12.173+0000] {dag.py:3089} INFO - Sync 1 DAGs
[2025-11-09T14:46:12.190+0000] {logging_mixin.py:188} INFO - [2025-11-09T14:46:12.190+0000] {dag.py:3947} INFO - Setting next_dagrun for first_dag to 2025-11-09 00:00:00+00:00, run_after=2025-11-10 00:00:00+00:00
[2025-11-09T14:46:12.204+0000] {processor.py:183} INFO - Processing /opt/airflow/dags/first_dag.py took 0.071 seconds
[2025-11-09T14:46:42.329+0000] {processor.py:161} INFO - Started process (PID=1222) to work on /opt/airflow/dags/first_dag.py
[2025-11-09T14:46:42.330+0000] {processor.py:830} INFO - Processing file /opt/airflow/dags/first_dag.py for tasks to queue
[2025-11-09T14:46:42.331+0000] {logging_mixin.py:188} INFO - [2025-11-09T14:46:42.331+0000] {dagbag.py:545} INFO - Filling up the DagBag from /opt/airflow/dags/first_dag.py
[2025-11-09T14:46:42.340+0000] {processor.py:840} INFO - DAG(s) 'first_dag' retrieved from /opt/airflow/dags/first_dag.py
[2025-11-09T14:46:42.361+0000] {logging_mixin.py:188} INFO - [2025-11-09T14:46:42.361+0000] {dag.py:3089} INFO - Sync 1 DAGs
[2025-11-09T14:46:42.378+0000] {logging_mixin.py:188} INFO - [2025-11-09T14:46:42.378+0000] {dag.py:3947} INFO - Setting next_dagrun for first_dag to 2025-11-09 00:00:00+00:00, run_after=2025-11-10 00:00:00+00:00
[2025-11-09T14:46:42.392+0000] {processor.py:183} INFO - Processing /opt/airflow/dags/first_dag.py took 0.071 seconds
[2025-11-09T14:47:12.506+0000] {processor.py:161} INFO - Started process (PID=1232) to work on /opt/airflow/dags/first_dag.py
[2025-11-09T14:47:12.507+0000] {processor.py:830} INFO - Processing file /opt/airflow/dags/first_dag.py for tasks to queue
[2025-11-09T14:47:12.508+0000] {logging_mixin.py:188} INFO - [2025-11-09T14:47:12.507+0000] {dagbag.py:545} INFO - Filling up the DagBag from /opt/airflow/dags/first_dag.py
[2025-11-09T14:47:12.516+0000] {processor.py:840} INFO - DAG(s) 'first_dag' retrieved from /opt/airflow/dags/first_dag.py
[2025-11-09T14:47:12.539+0000] {logging_mixin.py:188} INFO - [2025-11-09T14:47:12.539+0000] {dag.py:3089} INFO - Sync 1 DAGs
[2025-11-09T14:47:12.557+0000] {logging_mixin.py:188} INFO - [2025-11-09T14:47:12.557+0000] {dag.py:3947} INFO - Setting next_dagrun for first_dag to 2025-11-09 00:00:00+00:00, run_after=2025-11-10 00:00:00+00:00
[2025-11-09T14:47:12.570+0000] {processor.py:183} INFO - Processing /opt/airflow/dags/first_dag.py took 0.070 seconds
[2025-11-09T14:47:42.738+0000] {processor.py:161} INFO - Started process (PID=1242) to work on /opt/airflow/dags/first_dag.py
[2025-11-09T14:47:42.739+0000] {processor.py:830} INFO - Processing file /opt/airflow/dags/first_dag.py for tasks to queue
[2025-11-09T14:47:42.740+0000] {logging_mixin.py:188} INFO - [2025-11-09T14:47:42.739+0000] {dagbag.py:545} INFO - Filling up the DagBag from /opt/airflow/dags/first_dag.py
[2025-11-09T14:47:42.760+0000] {processor.py:840} INFO - DAG(s) 'first_dag' retrieved from /opt/airflow/dags/first_dag.py
[2025-11-09T14:47:42.789+0000] {logging_mixin.py:188} INFO - [2025-11-09T14:47:42.789+0000] {dag.py:3089} INFO - Sync 1 DAGs
[2025-11-09T14:47:42.807+0000] {logging_mixin.py:188} INFO - [2025-11-09T14:47:42.807+0000] {dag.py:3947} INFO - Setting next_dagrun for first_dag to 2025-11-09 00:00:00+00:00, run_after=2025-11-10 00:00:00+00:00
[2025-11-09T14:47:42.822+0000] {processor.py:183} INFO - Processing /opt/airflow/dags/first_dag.py took 0.092 seconds
[2025-11-09T14:48:12.929+0000] {processor.py:161} INFO - Started process (PID=1252) to work on /opt/airflow/dags/first_dag.py
[2025-11-09T14:48:12.930+0000] {processor.py:830} INFO - Processing file /opt/airflow/dags/first_dag.py for tasks to queue
[2025-11-09T14:48:12.931+0000] {logging_mixin.py:188} INFO - [2025-11-09T14:48:12.931+0000] {dagbag.py:545} INFO - Filling up the DagBag from /opt/airflow/dags/first_dag.py
[2025-11-09T14:48:12.939+0000] {processor.py:840} INFO - DAG(s) 'first_dag' retrieved from /opt/airflow/dags/first_dag.py
[2025-11-09T14:48:12.960+0000] {logging_mixin.py:188} INFO - [2025-11-09T14:48:12.960+0000] {dag.py:3089} INFO - Sync 1 DAGs
[2025-11-09T14:48:12.977+0000] {logging_mixin.py:188} INFO - [2025-11-09T14:48:12.977+0000] {dag.py:3947} INFO - Setting next_dagrun for first_dag to 2025-11-09 00:00:00+00:00, run_after=2025-11-10 00:00:00+00:00
[2025-11-09T14:48:12.990+0000] {processor.py:183} INFO - Processing /opt/airflow/dags/first_dag.py took 0.066 seconds
[2025-11-09T14:48:43.166+0000] {processor.py:161} INFO - Started process (PID=1262) to work on /opt/airflow/dags/first_dag.py
[2025-11-09T14:48:43.167+0000] {processor.py:830} INFO - Processing file /opt/airflow/dags/first_dag.py for tasks to queue
[2025-11-09T14:48:43.168+0000] {logging_mixin.py:188} INFO - [2025-11-09T14:48:43.168+0000] {dagbag.py:545} INFO - Filling up the DagBag from /opt/airflow/dags/first_dag.py
[2025-11-09T14:48:43.180+0000] {processor.py:840} INFO - DAG(s) 'first_dag' retrieved from /opt/airflow/dags/first_dag.py
[2025-11-09T14:48:43.210+0000] {logging_mixin.py:188} INFO - [2025-11-09T14:48:43.210+0000] {dag.py:3089} INFO - Sync 1 DAGs
[2025-11-09T14:48:43.236+0000] {logging_mixin.py:188} INFO - [2025-11-09T14:48:43.235+0000] {dag.py:3947} INFO - Setting next_dagrun for first_dag to 2025-11-09 00:00:00+00:00, run_after=2025-11-10 00:00:00+00:00
[2025-11-09T14:48:43.253+0000] {processor.py:183} INFO - Processing /opt/airflow/dags/first_dag.py took 0.091 seconds
[2025-11-09T14:49:13.416+0000] {processor.py:161} INFO - Started process (PID=1272) to work on /opt/airflow/dags/first_dag.py
[2025-11-09T14:49:13.417+0000] {processor.py:830} INFO - Processing file /opt/airflow/dags/first_dag.py for tasks to queue
[2025-11-09T14:49:13.418+0000] {logging_mixin.py:188} INFO - [2025-11-09T14:49:13.417+0000] {dagbag.py:545} INFO - Filling up the DagBag from /opt/airflow/dags/first_dag.py
[2025-11-09T14:49:13.426+0000] {processor.py:840} INFO - DAG(s) 'first_dag' retrieved from /opt/airflow/dags/first_dag.py
[2025-11-09T14:49:13.447+0000] {logging_mixin.py:188} INFO - [2025-11-09T14:49:13.447+0000] {dag.py:3089} INFO - Sync 1 DAGs
[2025-11-09T14:49:13.465+0000] {logging_mixin.py:188} INFO - [2025-11-09T14:49:13.465+0000] {dag.py:3947} INFO - Setting next_dagrun for first_dag to 2025-11-09 00:00:00+00:00, run_after=2025-11-10 00:00:00+00:00
[2025-11-09T14:49:13.478+0000] {processor.py:183} INFO - Processing /opt/airflow/dags/first_dag.py took 0.066 seconds
[2025-11-09T14:49:43.607+0000] {processor.py:161} INFO - Started process (PID=1282) to work on /opt/airflow/dags/first_dag.py
[2025-11-09T14:49:43.608+0000] {processor.py:830} INFO - Processing file /opt/airflow/dags/first_dag.py for tasks to queue
[2025-11-09T14:49:43.609+0000] {logging_mixin.py:188} INFO - [2025-11-09T14:49:43.609+0000] {dagbag.py:545} INFO - Filling up the DagBag from /opt/airflow/dags/first_dag.py
[2025-11-09T14:49:43.618+0000] {processor.py:840} INFO - DAG(s) 'first_dag' retrieved from /opt/airflow/dags/first_dag.py
[2025-11-09T14:49:43.639+0000] {logging_mixin.py:188} INFO - [2025-11-09T14:49:43.638+0000] {dag.py:3089} INFO - Sync 1 DAGs
[2025-11-09T14:49:43.656+0000] {logging_mixin.py:188} INFO - [2025-11-09T14:49:43.655+0000] {dag.py:3947} INFO - Setting next_dagrun for first_dag to 2025-11-09 00:00:00+00:00, run_after=2025-11-10 00:00:00+00:00
[2025-11-09T14:49:43.668+0000] {processor.py:183} INFO - Processing /opt/airflow/dags/first_dag.py took 0.073 seconds
[2025-11-09T14:50:13.776+0000] {processor.py:161} INFO - Started process (PID=1292) to work on /opt/airflow/dags/first_dag.py
[2025-11-09T14:50:13.776+0000] {processor.py:830} INFO - Processing file /opt/airflow/dags/first_dag.py for tasks to queue
[2025-11-09T14:50:13.778+0000] {logging_mixin.py:188} INFO - [2025-11-09T14:50:13.777+0000] {dagbag.py:545} INFO - Filling up the DagBag from /opt/airflow/dags/first_dag.py
[2025-11-09T14:50:13.787+0000] {processor.py:840} INFO - DAG(s) 'first_dag' retrieved from /opt/airflow/dags/first_dag.py
[2025-11-09T14:50:13.810+0000] {logging_mixin.py:188} INFO - [2025-11-09T14:50:13.810+0000] {dag.py:3089} INFO - Sync 1 DAGs
[2025-11-09T14:50:13.828+0000] {logging_mixin.py:188} INFO - [2025-11-09T14:50:13.828+0000] {dag.py:3947} INFO - Setting next_dagrun for first_dag to 2025-11-09 00:00:00+00:00, run_after=2025-11-10 00:00:00+00:00
[2025-11-09T14:50:13.843+0000] {processor.py:183} INFO - Processing /opt/airflow/dags/first_dag.py took 0.072 seconds
[2025-11-09T14:50:43.957+0000] {processor.py:161} INFO - Started process (PID=1302) to work on /opt/airflow/dags/first_dag.py
[2025-11-09T14:50:43.957+0000] {processor.py:830} INFO - Processing file /opt/airflow/dags/first_dag.py for tasks to queue
[2025-11-09T14:50:43.959+0000] {logging_mixin.py:188} INFO - [2025-11-09T14:50:43.958+0000] {dagbag.py:545} INFO - Filling up the DagBag from /opt/airflow/dags/first_dag.py
[2025-11-09T14:50:43.968+0000] {processor.py:840} INFO - DAG(s) 'first_dag' retrieved from /opt/airflow/dags/first_dag.py
[2025-11-09T14:50:43.989+0000] {logging_mixin.py:188} INFO - [2025-11-09T14:50:43.988+0000] {dag.py:3089} INFO - Sync 1 DAGs
[2025-11-09T14:50:44.006+0000] {logging_mixin.py:188} INFO - [2025-11-09T14:50:44.006+0000] {dag.py:3947} INFO - Setting next_dagrun for first_dag to 2025-11-09 00:00:00+00:00, run_after=2025-11-10 00:00:00+00:00
[2025-11-09T14:50:44.019+0000] {processor.py:183} INFO - Processing /opt/airflow/dags/first_dag.py took 0.066 seconds
[2025-11-09T14:51:14.209+0000] {processor.py:161} INFO - Started process (PID=1312) to work on /opt/airflow/dags/first_dag.py
[2025-11-09T14:51:14.211+0000] {processor.py:830} INFO - Processing file /opt/airflow/dags/first_dag.py for tasks to queue
[2025-11-09T14:51:14.214+0000] {logging_mixin.py:188} INFO - [2025-11-09T14:51:14.213+0000] {dagbag.py:545} INFO - Filling up the DagBag from /opt/airflow/dags/first_dag.py
[2025-11-09T14:51:14.238+0000] {processor.py:840} INFO - DAG(s) 'first_dag' retrieved from /opt/airflow/dags/first_dag.py
[2025-11-09T14:51:14.266+0000] {logging_mixin.py:188} INFO - [2025-11-09T14:51:14.266+0000] {dag.py:3089} INFO - Sync 1 DAGs
[2025-11-09T14:51:14.284+0000] {logging_mixin.py:188} INFO - [2025-11-09T14:51:14.283+0000] {dag.py:3947} INFO - Setting next_dagrun for first_dag to 2025-11-09 00:00:00+00:00, run_after=2025-11-10 00:00:00+00:00
[2025-11-09T14:51:14.297+0000] {processor.py:183} INFO - Processing /opt/airflow/dags/first_dag.py took 0.101 seconds
[2025-11-09T14:51:44.468+0000] {processor.py:161} INFO - Started process (PID=1322) to work on /opt/airflow/dags/first_dag.py
[2025-11-09T14:51:44.470+0000] {processor.py:830} INFO - Processing file /opt/airflow/dags/first_dag.py for tasks to queue
[2025-11-09T14:51:44.473+0000] {logging_mixin.py:188} INFO - [2025-11-09T14:51:44.472+0000] {dagbag.py:545} INFO - Filling up the DagBag from /opt/airflow/dags/first_dag.py
[2025-11-09T14:51:44.488+0000] {processor.py:840} INFO - DAG(s) 'first_dag' retrieved from /opt/airflow/dags/first_dag.py
[2025-11-09T14:51:44.509+0000] {logging_mixin.py:188} INFO - [2025-11-09T14:51:44.509+0000] {dag.py:3089} INFO - Sync 1 DAGs
[2025-11-09T14:51:44.529+0000] {logging_mixin.py:188} INFO - [2025-11-09T14:51:44.529+0000] {dag.py:3947} INFO - Setting next_dagrun for first_dag to 2025-11-09 00:00:00+00:00, run_after=2025-11-10 00:00:00+00:00
[2025-11-09T14:51:44.544+0000] {processor.py:183} INFO - Processing /opt/airflow/dags/first_dag.py took 0.089 seconds
[2025-11-09T14:52:14.662+0000] {processor.py:161} INFO - Started process (PID=1332) to work on /opt/airflow/dags/first_dag.py
[2025-11-09T14:52:14.663+0000] {processor.py:830} INFO - Processing file /opt/airflow/dags/first_dag.py for tasks to queue
[2025-11-09T14:52:14.664+0000] {logging_mixin.py:188} INFO - [2025-11-09T14:52:14.663+0000] {dagbag.py:545} INFO - Filling up the DagBag from /opt/airflow/dags/first_dag.py
[2025-11-09T14:52:14.672+0000] {processor.py:840} INFO - DAG(s) 'first_dag' retrieved from /opt/airflow/dags/first_dag.py
[2025-11-09T14:52:14.693+0000] {logging_mixin.py:188} INFO - [2025-11-09T14:52:14.693+0000] {dag.py:3089} INFO - Sync 1 DAGs
[2025-11-09T14:52:14.710+0000] {logging_mixin.py:188} INFO - [2025-11-09T14:52:14.710+0000] {dag.py:3947} INFO - Setting next_dagrun for first_dag to 2025-11-09 00:00:00+00:00, run_after=2025-11-10 00:00:00+00:00
[2025-11-09T14:52:14.724+0000] {processor.py:183} INFO - Processing /opt/airflow/dags/first_dag.py took 0.068 seconds
[2025-11-09T14:52:44.847+0000] {processor.py:161} INFO - Started process (PID=1342) to work on /opt/airflow/dags/first_dag.py
[2025-11-09T14:52:44.848+0000] {processor.py:830} INFO - Processing file /opt/airflow/dags/first_dag.py for tasks to queue
[2025-11-09T14:52:44.850+0000] {logging_mixin.py:188} INFO - [2025-11-09T14:52:44.849+0000] {dagbag.py:545} INFO - Filling up the DagBag from /opt/airflow/dags/first_dag.py
[2025-11-09T14:52:44.860+0000] {processor.py:840} INFO - DAG(s) 'first_dag' retrieved from /opt/airflow/dags/first_dag.py
[2025-11-09T14:52:44.881+0000] {logging_mixin.py:188} INFO - [2025-11-09T14:52:44.881+0000] {dag.py:3089} INFO - Sync 1 DAGs
[2025-11-09T14:52:44.898+0000] {logging_mixin.py:188} INFO - [2025-11-09T14:52:44.898+0000] {dag.py:3947} INFO - Setting next_dagrun for first_dag to 2025-11-09 00:00:00+00:00, run_after=2025-11-10 00:00:00+00:00
[2025-11-09T14:52:44.911+0000] {processor.py:183} INFO - Processing /opt/airflow/dags/first_dag.py took 0.073 seconds
[2025-11-09T14:53:15.074+0000] {processor.py:161} INFO - Started process (PID=1352) to work on /opt/airflow/dags/first_dag.py
[2025-11-09T14:53:15.075+0000] {processor.py:830} INFO - Processing file /opt/airflow/dags/first_dag.py for tasks to queue
[2025-11-09T14:53:15.076+0000] {logging_mixin.py:188} INFO - [2025-11-09T14:53:15.075+0000] {dagbag.py:545} INFO - Filling up the DagBag from /opt/airflow/dags/first_dag.py
[2025-11-09T14:53:15.085+0000] {processor.py:840} INFO - DAG(s) 'first_dag' retrieved from /opt/airflow/dags/first_dag.py
[2025-11-09T14:53:15.106+0000] {logging_mixin.py:188} INFO - [2025-11-09T14:53:15.106+0000] {dag.py:3089} INFO - Sync 1 DAGs
[2025-11-09T14:53:15.122+0000] {logging_mixin.py:188} INFO - [2025-11-09T14:53:15.122+0000] {dag.py:3947} INFO - Setting next_dagrun for first_dag to 2025-11-09 00:00:00+00:00, run_after=2025-11-10 00:00:00+00:00
[2025-11-09T14:53:15.135+0000] {processor.py:183} INFO - Processing /opt/airflow/dags/first_dag.py took 0.065 seconds
[2025-11-09T14:53:45.302+0000] {processor.py:161} INFO - Started process (PID=1362) to work on /opt/airflow/dags/first_dag.py
[2025-11-09T14:53:45.303+0000] {processor.py:830} INFO - Processing file /opt/airflow/dags/first_dag.py for tasks to queue
[2025-11-09T14:53:45.304+0000] {logging_mixin.py:188} INFO - [2025-11-09T14:53:45.304+0000] {dagbag.py:545} INFO - Filling up the DagBag from /opt/airflow/dags/first_dag.py
[2025-11-09T14:53:45.313+0000] {processor.py:840} INFO - DAG(s) 'first_dag' retrieved from /opt/airflow/dags/first_dag.py
[2025-11-09T14:53:45.335+0000] {logging_mixin.py:188} INFO - [2025-11-09T14:53:45.335+0000] {dag.py:3089} INFO - Sync 1 DAGs
[2025-11-09T14:53:45.352+0000] {logging_mixin.py:188} INFO - [2025-11-09T14:53:45.351+0000] {dag.py:3947} INFO - Setting next_dagrun for first_dag to 2025-11-09 00:00:00+00:00, run_after=2025-11-10 00:00:00+00:00
[2025-11-09T14:53:45.366+0000] {processor.py:183} INFO - Processing /opt/airflow/dags/first_dag.py took 0.068 seconds
[2025-11-09T14:54:15.579+0000] {processor.py:161} INFO - Started process (PID=1372) to work on /opt/airflow/dags/first_dag.py
[2025-11-09T14:54:15.580+0000] {processor.py:830} INFO - Processing file /opt/airflow/dags/first_dag.py for tasks to queue
[2025-11-09T14:54:15.582+0000] {logging_mixin.py:188} INFO - [2025-11-09T14:54:15.581+0000] {dagbag.py:545} INFO - Filling up the DagBag from /opt/airflow/dags/first_dag.py
[2025-11-09T14:54:15.593+0000] {processor.py:840} INFO - DAG(s) 'first_dag' retrieved from /opt/airflow/dags/first_dag.py
[2025-11-09T14:54:15.614+0000] {logging_mixin.py:188} INFO - [2025-11-09T14:54:15.614+0000] {dag.py:3089} INFO - Sync 1 DAGs
[2025-11-09T14:54:15.632+0000] {logging_mixin.py:188} INFO - [2025-11-09T14:54:15.631+0000] {dag.py:3947} INFO - Setting next_dagrun for first_dag to 2025-11-09 00:00:00+00:00, run_after=2025-11-10 00:00:00+00:00
[2025-11-09T14:54:15.645+0000] {processor.py:183} INFO - Processing /opt/airflow/dags/first_dag.py took 0.078 seconds
[2025-11-09T14:54:45.769+0000] {processor.py:161} INFO - Started process (PID=1382) to work on /opt/airflow/dags/first_dag.py
[2025-11-09T14:54:45.770+0000] {processor.py:830} INFO - Processing file /opt/airflow/dags/first_dag.py for tasks to queue
[2025-11-09T14:54:45.773+0000] {logging_mixin.py:188} INFO - [2025-11-09T14:54:45.772+0000] {dagbag.py:545} INFO - Filling up the DagBag from /opt/airflow/dags/first_dag.py
[2025-11-09T14:54:45.787+0000] {processor.py:840} INFO - DAG(s) 'first_dag' retrieved from /opt/airflow/dags/first_dag.py
[2025-11-09T14:54:45.808+0000] {logging_mixin.py:188} INFO - [2025-11-09T14:54:45.808+0000] {dag.py:3089} INFO - Sync 1 DAGs
[2025-11-09T14:54:45.825+0000] {logging_mixin.py:188} INFO - [2025-11-09T14:54:45.825+0000] {dag.py:3947} INFO - Setting next_dagrun for first_dag to 2025-11-09 00:00:00+00:00, run_after=2025-11-10 00:00:00+00:00
[2025-11-09T14:54:45.840+0000] {processor.py:183} INFO - Processing /opt/airflow/dags/first_dag.py took 0.084 seconds
[2025-11-09T14:55:15.962+0000] {processor.py:161} INFO - Started process (PID=1392) to work on /opt/airflow/dags/first_dag.py
[2025-11-09T14:55:15.963+0000] {processor.py:830} INFO - Processing file /opt/airflow/dags/first_dag.py for tasks to queue
[2025-11-09T14:55:15.964+0000] {logging_mixin.py:188} INFO - [2025-11-09T14:55:15.963+0000] {dagbag.py:545} INFO - Filling up the DagBag from /opt/airflow/dags/first_dag.py
[2025-11-09T14:55:15.976+0000] {processor.py:840} INFO - DAG(s) 'first_dag' retrieved from /opt/airflow/dags/first_dag.py
[2025-11-09T14:55:15.999+0000] {logging_mixin.py:188} INFO - [2025-11-09T14:55:15.998+0000] {dag.py:3089} INFO - Sync 1 DAGs
[2025-11-09T14:55:16.017+0000] {logging_mixin.py:188} INFO - [2025-11-09T14:55:16.017+0000] {dag.py:3947} INFO - Setting next_dagrun for first_dag to 2025-11-09 00:00:00+00:00, run_after=2025-11-10 00:00:00+00:00
[2025-11-09T14:55:16.032+0000] {processor.py:183} INFO - Processing /opt/airflow/dags/first_dag.py took 0.075 seconds
[2025-11-09T14:55:46.163+0000] {processor.py:161} INFO - Started process (PID=1402) to work on /opt/airflow/dags/first_dag.py
[2025-11-09T14:55:46.165+0000] {processor.py:830} INFO - Processing file /opt/airflow/dags/first_dag.py for tasks to queue
[2025-11-09T14:55:46.168+0000] {logging_mixin.py:188} INFO - [2025-11-09T14:55:46.167+0000] {dagbag.py:545} INFO - Filling up the DagBag from /opt/airflow/dags/first_dag.py
[2025-11-09T14:55:46.186+0000] {processor.py:840} INFO - DAG(s) 'first_dag' retrieved from /opt/airflow/dags/first_dag.py
[2025-11-09T14:55:46.207+0000] {logging_mixin.py:188} INFO - [2025-11-09T14:55:46.207+0000] {dag.py:3089} INFO - Sync 1 DAGs
[2025-11-09T14:55:46.224+0000] {logging_mixin.py:188} INFO - [2025-11-09T14:55:46.224+0000] {dag.py:3947} INFO - Setting next_dagrun for first_dag to 2025-11-09 00:00:00+00:00, run_after=2025-11-10 00:00:00+00:00
[2025-11-09T14:55:46.237+0000] {processor.py:183} INFO - Processing /opt/airflow/dags/first_dag.py took 0.087 seconds
[2025-11-09T14:56:16.439+0000] {processor.py:161} INFO - Started process (PID=1412) to work on /opt/airflow/dags/first_dag.py
[2025-11-09T14:56:16.441+0000] {processor.py:830} INFO - Processing file /opt/airflow/dags/first_dag.py for tasks to queue
[2025-11-09T14:56:16.444+0000] {logging_mixin.py:188} INFO - [2025-11-09T14:56:16.443+0000] {dagbag.py:545} INFO - Filling up the DagBag from /opt/airflow/dags/first_dag.py
[2025-11-09T14:56:16.455+0000] {processor.py:840} INFO - DAG(s) 'first_dag' retrieved from /opt/airflow/dags/first_dag.py
[2025-11-09T14:56:16.503+0000] {logging_mixin.py:188} INFO - [2025-11-09T14:56:16.503+0000] {dag.py:3089} INFO - Sync 1 DAGs
[2025-11-09T14:56:16.541+0000] {logging_mixin.py:188} INFO - [2025-11-09T14:56:16.540+0000] {dag.py:3947} INFO - Setting next_dagrun for first_dag to 2025-11-09 00:00:00+00:00, run_after=2025-11-10 00:00:00+00:00
[2025-11-09T14:56:16.570+0000] {processor.py:183} INFO - Processing /opt/airflow/dags/first_dag.py took 0.138 seconds
[2025-11-09T14:56:46.636+0000] {processor.py:161} INFO - Started process (PID=1422) to work on /opt/airflow/dags/first_dag.py
[2025-11-09T14:56:46.637+0000] {processor.py:830} INFO - Processing file /opt/airflow/dags/first_dag.py for tasks to queue
[2025-11-09T14:56:46.639+0000] {logging_mixin.py:188} INFO - [2025-11-09T14:56:46.638+0000] {dagbag.py:545} INFO - Filling up the DagBag from /opt/airflow/dags/first_dag.py
[2025-11-09T14:56:46.650+0000] {processor.py:840} INFO - DAG(s) 'first_dag' retrieved from /opt/airflow/dags/first_dag.py
[2025-11-09T14:56:46.685+0000] {logging_mixin.py:188} INFO - [2025-11-09T14:56:46.685+0000] {dag.py:3089} INFO - Sync 1 DAGs
[2025-11-09T14:56:46.718+0000] {logging_mixin.py:188} INFO - [2025-11-09T14:56:46.718+0000] {dag.py:3947} INFO - Setting next_dagrun for first_dag to 2025-11-09 00:00:00+00:00, run_after=2025-11-10 00:00:00+00:00
[2025-11-09T14:56:46.746+0000] {processor.py:183} INFO - Processing /opt/airflow/dags/first_dag.py took 0.116 seconds
[2025-11-09T14:57:17.008+0000] {processor.py:161} INFO - Started process (PID=1432) to work on /opt/airflow/dags/first_dag.py
[2025-11-09T14:57:17.009+0000] {processor.py:830} INFO - Processing file /opt/airflow/dags/first_dag.py for tasks to queue
[2025-11-09T14:57:17.011+0000] {logging_mixin.py:188} INFO - [2025-11-09T14:57:17.010+0000] {dagbag.py:545} INFO - Filling up the DagBag from /opt/airflow/dags/first_dag.py
[2025-11-09T14:57:17.027+0000] {processor.py:840} INFO - DAG(s) 'first_dag' retrieved from /opt/airflow/dags/first_dag.py
[2025-11-09T14:57:17.056+0000] {logging_mixin.py:188} INFO - [2025-11-09T14:57:17.056+0000] {dag.py:3089} INFO - Sync 1 DAGs
[2025-11-09T14:57:17.078+0000] {logging_mixin.py:188} INFO - [2025-11-09T14:57:17.077+0000] {dag.py:3947} INFO - Setting next_dagrun for first_dag to 2025-11-09 00:00:00+00:00, run_after=2025-11-10 00:00:00+00:00
[2025-11-09T14:57:17.097+0000] {processor.py:183} INFO - Processing /opt/airflow/dags/first_dag.py took 0.099 seconds
[2025-11-09T14:57:47.368+0000] {processor.py:161} INFO - Started process (PID=1442) to work on /opt/airflow/dags/first_dag.py
[2025-11-09T14:57:47.370+0000] {processor.py:830} INFO - Processing file /opt/airflow/dags/first_dag.py for tasks to queue
[2025-11-09T14:57:47.377+0000] {logging_mixin.py:188} INFO - [2025-11-09T14:57:47.373+0000] {dagbag.py:545} INFO - Filling up the DagBag from /opt/airflow/dags/first_dag.py
[2025-11-09T14:57:47.420+0000] {processor.py:840} INFO - DAG(s) 'first_dag' retrieved from /opt/airflow/dags/first_dag.py
[2025-11-09T14:57:47.502+0000] {logging_mixin.py:188} INFO - [2025-11-09T14:57:47.502+0000] {dag.py:3089} INFO - Sync 1 DAGs
[2025-11-09T14:57:47.539+0000] {logging_mixin.py:188} INFO - [2025-11-09T14:57:47.539+0000] {dag.py:3947} INFO - Setting next_dagrun for first_dag to 2025-11-09 00:00:00+00:00, run_after=2025-11-10 00:00:00+00:00
[2025-11-09T14:57:47.587+0000] {processor.py:183} INFO - Processing /opt/airflow/dags/first_dag.py took 0.236 seconds
[2025-11-09T14:58:17.722+0000] {processor.py:161} INFO - Started process (PID=1452) to work on /opt/airflow/dags/first_dag.py
[2025-11-09T14:58:17.725+0000] {processor.py:830} INFO - Processing file /opt/airflow/dags/first_dag.py for tasks to queue
[2025-11-09T14:58:17.730+0000] {logging_mixin.py:188} INFO - [2025-11-09T14:58:17.729+0000] {dagbag.py:545} INFO - Filling up the DagBag from /opt/airflow/dags/first_dag.py
[2025-11-09T14:58:17.759+0000] {processor.py:840} INFO - DAG(s) 'first_dag' retrieved from /opt/airflow/dags/first_dag.py
[2025-11-09T14:58:17.801+0000] {logging_mixin.py:188} INFO - [2025-11-09T14:58:17.801+0000] {dag.py:3089} INFO - Sync 1 DAGs
[2025-11-09T14:58:17.837+0000] {logging_mixin.py:188} INFO - [2025-11-09T14:58:17.836+0000] {dag.py:3947} INFO - Setting next_dagrun for first_dag to 2025-11-09 00:00:00+00:00, run_after=2025-11-10 00:00:00+00:00
[2025-11-09T14:58:17.874+0000] {processor.py:183} INFO - Processing /opt/airflow/dags/first_dag.py took 0.171 seconds
[2025-11-09T14:58:48.027+0000] {processor.py:161} INFO - Started process (PID=1462) to work on /opt/airflow/dags/first_dag.py
[2025-11-09T14:58:48.029+0000] {processor.py:830} INFO - Processing file /opt/airflow/dags/first_dag.py for tasks to queue
[2025-11-09T14:58:48.033+0000] {logging_mixin.py:188} INFO - [2025-11-09T14:58:48.032+0000] {dagbag.py:545} INFO - Filling up the DagBag from /opt/airflow/dags/first_dag.py
[2025-11-09T14:58:48.073+0000] {processor.py:840} INFO - DAG(s) 'first_dag' retrieved from /opt/airflow/dags/first_dag.py
[2025-11-09T14:58:48.139+0000] {logging_mixin.py:188} INFO - [2025-11-09T14:58:48.138+0000] {dag.py:3089} INFO - Sync 1 DAGs
[2025-11-09T14:58:48.208+0000] {logging_mixin.py:188} INFO - [2025-11-09T14:58:48.207+0000] {dag.py:3947} INFO - Setting next_dagrun for first_dag to 2025-11-09 00:00:00+00:00, run_after=2025-11-10 00:00:00+00:00
[2025-11-09T14:58:48.243+0000] {processor.py:183} INFO - Processing /opt/airflow/dags/first_dag.py took 0.243 seconds
[2025-11-09T14:59:18.568+0000] {processor.py:161} INFO - Started process (PID=1472) to work on /opt/airflow/dags/first_dag.py
[2025-11-09T14:59:18.576+0000] {processor.py:830} INFO - Processing file /opt/airflow/dags/first_dag.py for tasks to queue
[2025-11-09T14:59:18.578+0000] {logging_mixin.py:188} INFO - [2025-11-09T14:59:18.577+0000] {dagbag.py:545} INFO - Filling up the DagBag from /opt/airflow/dags/first_dag.py
[2025-11-09T14:59:18.611+0000] {processor.py:840} INFO - DAG(s) 'first_dag' retrieved from /opt/airflow/dags/first_dag.py
[2025-11-09T14:59:18.674+0000] {logging_mixin.py:188} INFO - [2025-11-09T14:59:18.673+0000] {dag.py:3089} INFO - Sync 1 DAGs
[2025-11-09T14:59:18.706+0000] {logging_mixin.py:188} INFO - [2025-11-09T14:59:18.705+0000] {dag.py:3947} INFO - Setting next_dagrun for first_dag to 2025-11-09 00:00:00+00:00, run_after=2025-11-10 00:00:00+00:00
[2025-11-09T14:59:18.733+0000] {processor.py:183} INFO - Processing /opt/airflow/dags/first_dag.py took 0.190 seconds
[2025-11-09T14:59:48.849+0000] {processor.py:161} INFO - Started process (PID=1482) to work on /opt/airflow/dags/first_dag.py
[2025-11-09T14:59:48.851+0000] {processor.py:830} INFO - Processing file /opt/airflow/dags/first_dag.py for tasks to queue
[2025-11-09T14:59:48.855+0000] {logging_mixin.py:188} INFO - [2025-11-09T14:59:48.853+0000] {dagbag.py:545} INFO - Filling up the DagBag from /opt/airflow/dags/first_dag.py
[2025-11-09T14:59:48.893+0000] {processor.py:840} INFO - DAG(s) 'first_dag' retrieved from /opt/airflow/dags/first_dag.py
[2025-11-09T14:59:48.963+0000] {logging_mixin.py:188} INFO - [2025-11-09T14:59:48.963+0000] {dag.py:3089} INFO - Sync 1 DAGs
[2025-11-09T14:59:48.998+0000] {logging_mixin.py:188} INFO - [2025-11-09T14:59:48.998+0000] {dag.py:3947} INFO - Setting next_dagrun for first_dag to 2025-11-09 00:00:00+00:00, run_after=2025-11-10 00:00:00+00:00
[2025-11-09T14:59:49.027+0000] {processor.py:183} INFO - Processing /opt/airflow/dags/first_dag.py took 0.196 seconds
[2025-11-09T15:00:19.293+0000] {processor.py:161} INFO - Started process (PID=1492) to work on /opt/airflow/dags/first_dag.py
[2025-11-09T15:00:19.295+0000] {processor.py:830} INFO - Processing file /opt/airflow/dags/first_dag.py for tasks to queue
[2025-11-09T15:00:19.298+0000] {logging_mixin.py:188} INFO - [2025-11-09T15:00:19.297+0000] {dagbag.py:545} INFO - Filling up the DagBag from /opt/airflow/dags/first_dag.py
[2025-11-09T15:00:19.332+0000] {processor.py:840} INFO - DAG(s) 'first_dag' retrieved from /opt/airflow/dags/first_dag.py
[2025-11-09T15:00:19.385+0000] {logging_mixin.py:188} INFO - [2025-11-09T15:00:19.385+0000] {dag.py:3089} INFO - Sync 1 DAGs
[2025-11-09T15:00:19.415+0000] {logging_mixin.py:188} INFO - [2025-11-09T15:00:19.415+0000] {dag.py:3947} INFO - Setting next_dagrun for first_dag to 2025-11-09 00:00:00+00:00, run_after=2025-11-10 00:00:00+00:00
[2025-11-09T15:00:19.448+0000] {processor.py:183} INFO - Processing /opt/airflow/dags/first_dag.py took 0.178 seconds
[2025-11-09T15:00:49.559+0000] {processor.py:161} INFO - Started process (PID=1502) to work on /opt/airflow/dags/first_dag.py
[2025-11-09T15:00:49.563+0000] {processor.py:830} INFO - Processing file /opt/airflow/dags/first_dag.py for tasks to queue
[2025-11-09T15:00:49.567+0000] {logging_mixin.py:188} INFO - [2025-11-09T15:00:49.566+0000] {dagbag.py:545} INFO - Filling up the DagBag from /opt/airflow/dags/first_dag.py
[2025-11-09T15:00:49.605+0000] {processor.py:840} INFO - DAG(s) 'first_dag' retrieved from /opt/airflow/dags/first_dag.py
[2025-11-09T15:00:49.686+0000] {logging_mixin.py:188} INFO - [2025-11-09T15:00:49.686+0000] {dag.py:3089} INFO - Sync 1 DAGs
[2025-11-09T15:00:49.760+0000] {logging_mixin.py:188} INFO - [2025-11-09T15:00:49.760+0000] {dag.py:3947} INFO - Setting next_dagrun for first_dag to 2025-11-09 00:00:00+00:00, run_after=2025-11-10 00:00:00+00:00
[2025-11-09T15:00:49.799+0000] {processor.py:183} INFO - Processing /opt/airflow/dags/first_dag.py took 0.262 seconds
[2025-11-09T15:01:19.953+0000] {processor.py:161} INFO - Started process (PID=1512) to work on /opt/airflow/dags/first_dag.py
[2025-11-09T15:01:19.956+0000] {processor.py:830} INFO - Processing file /opt/airflow/dags/first_dag.py for tasks to queue
[2025-11-09T15:01:19.960+0000] {logging_mixin.py:188} INFO - [2025-11-09T15:01:19.959+0000] {dagbag.py:545} INFO - Filling up the DagBag from /opt/airflow/dags/first_dag.py
[2025-11-09T15:01:19.978+0000] {processor.py:840} INFO - DAG(s) 'first_dag' retrieved from /opt/airflow/dags/first_dag.py
[2025-11-09T15:01:20.019+0000] {logging_mixin.py:188} INFO - [2025-11-09T15:01:20.019+0000] {dag.py:3089} INFO - Sync 1 DAGs
[2025-11-09T15:01:20.050+0000] {logging_mixin.py:188} INFO - [2025-11-09T15:01:20.049+0000] {dag.py:3947} INFO - Setting next_dagrun for first_dag to 2025-11-09 00:00:00+00:00, run_after=2025-11-10 00:00:00+00:00
[2025-11-09T15:01:20.075+0000] {processor.py:183} INFO - Processing /opt/airflow/dags/first_dag.py took 0.173 seconds
[2025-11-09T15:01:50.233+0000] {processor.py:161} INFO - Started process (PID=1522) to work on /opt/airflow/dags/first_dag.py
[2025-11-09T15:01:50.236+0000] {processor.py:830} INFO - Processing file /opt/airflow/dags/first_dag.py for tasks to queue
[2025-11-09T15:01:50.241+0000] {logging_mixin.py:188} INFO - [2025-11-09T15:01:50.240+0000] {dagbag.py:545} INFO - Filling up the DagBag from /opt/airflow/dags/first_dag.py
[2025-11-09T15:01:50.270+0000] {processor.py:840} INFO - DAG(s) 'first_dag' retrieved from /opt/airflow/dags/first_dag.py
[2025-11-09T15:01:50.318+0000] {logging_mixin.py:188} INFO - [2025-11-09T15:01:50.318+0000] {dag.py:3089} INFO - Sync 1 DAGs
[2025-11-09T15:01:50.377+0000] {logging_mixin.py:188} INFO - [2025-11-09T15:01:50.376+0000] {dag.py:3947} INFO - Setting next_dagrun for first_dag to 2025-11-09 00:00:00+00:00, run_after=2025-11-10 00:00:00+00:00
[2025-11-09T15:01:50.434+0000] {processor.py:183} INFO - Processing /opt/airflow/dags/first_dag.py took 0.214 seconds
[2025-11-09T15:02:20.721+0000] {processor.py:161} INFO - Started process (PID=1532) to work on /opt/airflow/dags/first_dag.py
[2025-11-09T15:02:20.725+0000] {processor.py:830} INFO - Processing file /opt/airflow/dags/first_dag.py for tasks to queue
[2025-11-09T15:02:20.735+0000] {logging_mixin.py:188} INFO - [2025-11-09T15:02:20.733+0000] {dagbag.py:545} INFO - Filling up the DagBag from /opt/airflow/dags/first_dag.py
[2025-11-09T15:02:20.766+0000] {processor.py:840} INFO - DAG(s) 'first_dag' retrieved from /opt/airflow/dags/first_dag.py
[2025-11-09T15:02:20.849+0000] {logging_mixin.py:188} INFO - [2025-11-09T15:02:20.849+0000] {dag.py:3089} INFO - Sync 1 DAGs
[2025-11-09T15:02:21.000+0000] {logging_mixin.py:188} INFO - [2025-11-09T15:02:20.997+0000] {dag.py:3947} INFO - Setting next_dagrun for first_dag to 2025-11-09 00:00:00+00:00, run_after=2025-11-10 00:00:00+00:00
[2025-11-09T15:02:21.071+0000] {processor.py:183} INFO - Processing /opt/airflow/dags/first_dag.py took 0.383 seconds
[2025-11-09T15:02:51.945+0000] {processor.py:161} INFO - Started process (PID=1542) to work on /opt/airflow/dags/first_dag.py
[2025-11-09T15:02:51.946+0000] {processor.py:830} INFO - Processing file /opt/airflow/dags/first_dag.py for tasks to queue
[2025-11-09T15:02:51.947+0000] {logging_mixin.py:188} INFO - [2025-11-09T15:02:51.947+0000] {dagbag.py:545} INFO - Filling up the DagBag from /opt/airflow/dags/first_dag.py
[2025-11-09T15:02:51.966+0000] {processor.py:840} INFO - DAG(s) 'first_dag' retrieved from /opt/airflow/dags/first_dag.py
[2025-11-09T15:02:52.009+0000] {logging_mixin.py:188} INFO - [2025-11-09T15:02:52.009+0000] {dag.py:3089} INFO - Sync 1 DAGs
[2025-11-09T15:02:52.046+0000] {logging_mixin.py:188} INFO - [2025-11-09T15:02:52.046+0000] {dag.py:3947} INFO - Setting next_dagrun for first_dag to 2025-11-09 00:00:00+00:00, run_after=2025-11-10 00:00:00+00:00
[2025-11-09T15:02:52.078+0000] {processor.py:183} INFO - Processing /opt/airflow/dags/first_dag.py took 0.143 seconds
[2025-11-09T15:03:22.378+0000] {processor.py:161} INFO - Started process (PID=1552) to work on /opt/airflow/dags/first_dag.py
[2025-11-09T15:03:22.383+0000] {processor.py:830} INFO - Processing file /opt/airflow/dags/first_dag.py for tasks to queue
[2025-11-09T15:03:22.389+0000] {logging_mixin.py:188} INFO - [2025-11-09T15:03:22.387+0000] {dagbag.py:545} INFO - Filling up the DagBag from /opt/airflow/dags/first_dag.py
[2025-11-09T15:03:22.426+0000] {processor.py:840} INFO - DAG(s) 'first_dag' retrieved from /opt/airflow/dags/first_dag.py
[2025-11-09T15:03:22.507+0000] {logging_mixin.py:188} INFO - [2025-11-09T15:03:22.507+0000] {dag.py:3089} INFO - Sync 1 DAGs
[2025-11-09T15:03:22.541+0000] {logging_mixin.py:188} INFO - [2025-11-09T15:03:22.540+0000] {dag.py:3947} INFO - Setting next_dagrun for first_dag to 2025-11-09 00:00:00+00:00, run_after=2025-11-10 00:00:00+00:00
[2025-11-09T15:03:22.567+0000] {processor.py:183} INFO - Processing /opt/airflow/dags/first_dag.py took 0.206 seconds
[2025-11-09T15:03:52.657+0000] {processor.py:161} INFO - Started process (PID=1562) to work on /opt/airflow/dags/first_dag.py
[2025-11-09T15:03:52.659+0000] {processor.py:830} INFO - Processing file /opt/airflow/dags/first_dag.py for tasks to queue
[2025-11-09T15:03:52.663+0000] {logging_mixin.py:188} INFO - [2025-11-09T15:03:52.662+0000] {dagbag.py:545} INFO - Filling up the DagBag from /opt/airflow/dags/first_dag.py
[2025-11-09T15:03:52.698+0000] {processor.py:840} INFO - DAG(s) 'first_dag' retrieved from /opt/airflow/dags/first_dag.py
[2025-11-09T15:03:52.786+0000] {logging_mixin.py:188} INFO - [2025-11-09T15:03:52.785+0000] {dag.py:3089} INFO - Sync 1 DAGs
[2025-11-09T15:03:52.823+0000] {logging_mixin.py:188} INFO - [2025-11-09T15:03:52.822+0000] {dag.py:3947} INFO - Setting next_dagrun for first_dag to 2025-11-09 00:00:00+00:00, run_after=2025-11-10 00:00:00+00:00
[2025-11-09T15:03:52.877+0000] {processor.py:183} INFO - Processing /opt/airflow/dags/first_dag.py took 0.237 seconds
[2025-11-09T15:04:23.154+0000] {processor.py:161} INFO - Started process (PID=1572) to work on /opt/airflow/dags/first_dag.py
[2025-11-09T15:04:23.158+0000] {processor.py:830} INFO - Processing file /opt/airflow/dags/first_dag.py for tasks to queue
[2025-11-09T15:04:23.161+0000] {logging_mixin.py:188} INFO - [2025-11-09T15:04:23.160+0000] {dagbag.py:545} INFO - Filling up the DagBag from /opt/airflow/dags/first_dag.py
[2025-11-09T15:04:23.180+0000] {processor.py:840} INFO - DAG(s) 'first_dag' retrieved from /opt/airflow/dags/first_dag.py
[2025-11-09T15:04:23.220+0000] {logging_mixin.py:188} INFO - [2025-11-09T15:04:23.220+0000] {dag.py:3089} INFO - Sync 1 DAGs
[2025-11-09T15:04:23.266+0000] {logging_mixin.py:188} INFO - [2025-11-09T15:04:23.266+0000] {dag.py:3947} INFO - Setting next_dagrun for first_dag to 2025-11-09 00:00:00+00:00, run_after=2025-11-10 00:00:00+00:00
[2025-11-09T15:04:23.301+0000] {processor.py:183} INFO - Processing /opt/airflow/dags/first_dag.py took 0.155 seconds
[2025-11-09T15:04:53.466+0000] {processor.py:161} INFO - Started process (PID=1582) to work on /opt/airflow/dags/first_dag.py
[2025-11-09T15:04:53.471+0000] {processor.py:830} INFO - Processing file /opt/airflow/dags/first_dag.py for tasks to queue
[2025-11-09T15:04:53.478+0000] {logging_mixin.py:188} INFO - [2025-11-09T15:04:53.477+0000] {dagbag.py:545} INFO - Filling up the DagBag from /opt/airflow/dags/first_dag.py
[2025-11-09T15:04:53.523+0000] {processor.py:840} INFO - DAG(s) 'first_dag' retrieved from /opt/airflow/dags/first_dag.py
[2025-11-09T15:04:53.578+0000] {logging_mixin.py:188} INFO - [2025-11-09T15:04:53.577+0000] {dag.py:3089} INFO - Sync 1 DAGs
[2025-11-09T15:04:53.609+0000] {logging_mixin.py:188} INFO - [2025-11-09T15:04:53.609+0000] {dag.py:3947} INFO - Setting next_dagrun for first_dag to 2025-11-09 00:00:00+00:00, run_after=2025-11-10 00:00:00+00:00
[2025-11-09T15:04:53.633+0000] {processor.py:183} INFO - Processing /opt/airflow/dags/first_dag.py took 0.185 seconds
[2025-11-09T15:05:23.791+0000] {processor.py:161} INFO - Started process (PID=1592) to work on /opt/airflow/dags/first_dag.py
[2025-11-09T15:05:23.793+0000] {processor.py:830} INFO - Processing file /opt/airflow/dags/first_dag.py for tasks to queue
[2025-11-09T15:05:23.799+0000] {logging_mixin.py:188} INFO - [2025-11-09T15:05:23.795+0000] {dagbag.py:545} INFO - Filling up the DagBag from /opt/airflow/dags/first_dag.py
[2025-11-09T15:05:23.838+0000] {processor.py:840} INFO - DAG(s) 'first_dag' retrieved from /opt/airflow/dags/first_dag.py
[2025-11-09T15:05:23.933+0000] {logging_mixin.py:188} INFO - [2025-11-09T15:05:23.933+0000] {dag.py:3089} INFO - Sync 1 DAGs
[2025-11-09T15:05:23.978+0000] {logging_mixin.py:188} INFO - [2025-11-09T15:05:23.978+0000] {dag.py:3947} INFO - Setting next_dagrun for first_dag to 2025-11-09 00:00:00+00:00, run_after=2025-11-10 00:00:00+00:00
[2025-11-09T15:05:24.008+0000] {processor.py:183} INFO - Processing /opt/airflow/dags/first_dag.py took 0.236 seconds
[2025-11-09T15:05:54.269+0000] {processor.py:161} INFO - Started process (PID=1602) to work on /opt/airflow/dags/first_dag.py
[2025-11-09T15:05:54.270+0000] {processor.py:830} INFO - Processing file /opt/airflow/dags/first_dag.py for tasks to queue
[2025-11-09T15:05:54.272+0000] {logging_mixin.py:188} INFO - [2025-11-09T15:05:54.271+0000] {dagbag.py:545} INFO - Filling up the DagBag from /opt/airflow/dags/first_dag.py
[2025-11-09T15:05:54.289+0000] {processor.py:840} INFO - DAG(s) 'first_dag' retrieved from /opt/airflow/dags/first_dag.py
[2025-11-09T15:05:54.334+0000] {logging_mixin.py:188} INFO - [2025-11-09T15:05:54.334+0000] {dag.py:3089} INFO - Sync 1 DAGs
[2025-11-09T15:05:54.367+0000] {logging_mixin.py:188} INFO - [2025-11-09T15:05:54.366+0000] {dag.py:3947} INFO - Setting next_dagrun for first_dag to 2025-11-09 00:00:00+00:00, run_after=2025-11-10 00:00:00+00:00
[2025-11-09T15:05:54.400+0000] {processor.py:183} INFO - Processing /opt/airflow/dags/first_dag.py took 0.140 seconds
[2025-11-09T15:06:24.609+0000] {processor.py:161} INFO - Started process (PID=1612) to work on /opt/airflow/dags/first_dag.py
[2025-11-09T15:06:24.614+0000] {processor.py:830} INFO - Processing file /opt/airflow/dags/first_dag.py for tasks to queue
[2025-11-09T15:06:24.618+0000] {logging_mixin.py:188} INFO - [2025-11-09T15:06:24.617+0000] {dagbag.py:545} INFO - Filling up the DagBag from /opt/airflow/dags/first_dag.py
[2025-11-09T15:06:24.653+0000] {processor.py:840} INFO - DAG(s) 'first_dag' retrieved from /opt/airflow/dags/first_dag.py
[2025-11-09T15:06:24.712+0000] {logging_mixin.py:188} INFO - [2025-11-09T15:06:24.712+0000] {dag.py:3089} INFO - Sync 1 DAGs
[2025-11-09T15:06:24.747+0000] {logging_mixin.py:188} INFO - [2025-11-09T15:06:24.746+0000] {dag.py:3947} INFO - Setting next_dagrun for first_dag to 2025-11-09 00:00:00+00:00, run_after=2025-11-10 00:00:00+00:00
[2025-11-09T15:06:24.780+0000] {processor.py:183} INFO - Processing /opt/airflow/dags/first_dag.py took 0.192 seconds
[2025-11-09T15:06:54.879+0000] {processor.py:161} INFO - Started process (PID=1622) to work on /opt/airflow/dags/first_dag.py
[2025-11-09T15:06:54.881+0000] {processor.py:830} INFO - Processing file /opt/airflow/dags/first_dag.py for tasks to queue
[2025-11-09T15:06:54.884+0000] {logging_mixin.py:188} INFO - [2025-11-09T15:06:54.883+0000] {dagbag.py:545} INFO - Filling up the DagBag from /opt/airflow/dags/first_dag.py
[2025-11-09T15:06:54.923+0000] {processor.py:840} INFO - DAG(s) 'first_dag' retrieved from /opt/airflow/dags/first_dag.py
[2025-11-09T15:06:54.981+0000] {logging_mixin.py:188} INFO - [2025-11-09T15:06:54.981+0000] {dag.py:3089} INFO - Sync 1 DAGs
[2025-11-09T15:06:55.022+0000] {logging_mixin.py:188} INFO - [2025-11-09T15:06:55.021+0000] {dag.py:3947} INFO - Setting next_dagrun for first_dag to 2025-11-09 00:00:00+00:00, run_after=2025-11-10 00:00:00+00:00
[2025-11-09T15:06:55.074+0000] {processor.py:183} INFO - Processing /opt/airflow/dags/first_dag.py took 0.221 seconds
[2025-11-09T15:07:25.422+0000] {processor.py:161} INFO - Started process (PID=1632) to work on /opt/airflow/dags/first_dag.py
[2025-11-09T15:07:25.423+0000] {processor.py:830} INFO - Processing file /opt/airflow/dags/first_dag.py for tasks to queue
[2025-11-09T15:07:25.427+0000] {logging_mixin.py:188} INFO - [2025-11-09T15:07:25.426+0000] {dagbag.py:545} INFO - Filling up the DagBag from /opt/airflow/dags/first_dag.py
[2025-11-09T15:07:25.451+0000] {processor.py:840} INFO - DAG(s) 'first_dag' retrieved from /opt/airflow/dags/first_dag.py
[2025-11-09T15:07:25.495+0000] {logging_mixin.py:188} INFO - [2025-11-09T15:07:25.495+0000] {dag.py:3089} INFO - Sync 1 DAGs
[2025-11-09T15:07:25.538+0000] {logging_mixin.py:188} INFO - [2025-11-09T15:07:25.537+0000] {dag.py:3947} INFO - Setting next_dagrun for first_dag to 2025-11-09 00:00:00+00:00, run_after=2025-11-10 00:00:00+00:00
[2025-11-09T15:07:25.568+0000] {processor.py:183} INFO - Processing /opt/airflow/dags/first_dag.py took 0.157 seconds
[2025-11-09T15:07:55.677+0000] {processor.py:161} INFO - Started process (PID=1642) to work on /opt/airflow/dags/first_dag.py
[2025-11-09T15:07:55.682+0000] {processor.py:830} INFO - Processing file /opt/airflow/dags/first_dag.py for tasks to queue
[2025-11-09T15:07:55.687+0000] {logging_mixin.py:188} INFO - [2025-11-09T15:07:55.686+0000] {dagbag.py:545} INFO - Filling up the DagBag from /opt/airflow/dags/first_dag.py
[2025-11-09T15:07:55.735+0000] {processor.py:840} INFO - DAG(s) 'first_dag' retrieved from /opt/airflow/dags/first_dag.py
[2025-11-09T15:07:55.818+0000] {logging_mixin.py:188} INFO - [2025-11-09T15:07:55.817+0000] {dag.py:3089} INFO - Sync 1 DAGs
[2025-11-09T15:07:55.887+0000] {logging_mixin.py:188} INFO - [2025-11-09T15:07:55.886+0000] {dag.py:3947} INFO - Setting next_dagrun for first_dag to 2025-11-09 00:00:00+00:00, run_after=2025-11-10 00:00:00+00:00
[2025-11-09T15:07:55.947+0000] {processor.py:183} INFO - Processing /opt/airflow/dags/first_dag.py took 0.289 seconds
[2025-11-09T15:08:26.136+0000] {processor.py:161} INFO - Started process (PID=1652) to work on /opt/airflow/dags/first_dag.py
[2025-11-09T15:08:26.139+0000] {processor.py:830} INFO - Processing file /opt/airflow/dags/first_dag.py for tasks to queue
[2025-11-09T15:08:26.145+0000] {logging_mixin.py:188} INFO - [2025-11-09T15:08:26.143+0000] {dagbag.py:545} INFO - Filling up the DagBag from /opt/airflow/dags/first_dag.py
[2025-11-09T15:08:26.185+0000] {processor.py:840} INFO - DAG(s) 'first_dag' retrieved from /opt/airflow/dags/first_dag.py
[2025-11-09T15:08:26.263+0000] {logging_mixin.py:188} INFO - [2025-11-09T15:08:26.263+0000] {dag.py:3089} INFO - Sync 1 DAGs
[2025-11-09T15:08:26.295+0000] {logging_mixin.py:188} INFO - [2025-11-09T15:08:26.294+0000] {dag.py:3947} INFO - Setting next_dagrun for first_dag to 2025-11-09 00:00:00+00:00, run_after=2025-11-10 00:00:00+00:00
[2025-11-09T15:08:26.318+0000] {processor.py:183} INFO - Processing /opt/airflow/dags/first_dag.py took 0.200 seconds
[2025-11-09T15:08:56.432+0000] {processor.py:161} INFO - Started process (PID=1662) to work on /opt/airflow/dags/first_dag.py
[2025-11-09T15:08:56.434+0000] {processor.py:830} INFO - Processing file /opt/airflow/dags/first_dag.py for tasks to queue
[2025-11-09T15:08:56.439+0000] {logging_mixin.py:188} INFO - [2025-11-09T15:08:56.437+0000] {dagbag.py:545} INFO - Filling up the DagBag from /opt/airflow/dags/first_dag.py
[2025-11-09T15:08:56.475+0000] {processor.py:840} INFO - DAG(s) 'first_dag' retrieved from /opt/airflow/dags/first_dag.py
[2025-11-09T15:08:56.543+0000] {logging_mixin.py:188} INFO - [2025-11-09T15:08:56.542+0000] {dag.py:3089} INFO - Sync 1 DAGs
[2025-11-09T15:08:56.572+0000] {logging_mixin.py:188} INFO - [2025-11-09T15:08:56.571+0000] {dag.py:3947} INFO - Setting next_dagrun for first_dag to 2025-11-09 00:00:00+00:00, run_after=2025-11-10 00:00:00+00:00
[2025-11-09T15:08:56.612+0000] {processor.py:183} INFO - Processing /opt/airflow/dags/first_dag.py took 0.198 seconds
[2025-11-09T15:09:26.876+0000] {processor.py:161} INFO - Started process (PID=1672) to work on /opt/airflow/dags/first_dag.py
[2025-11-09T15:09:26.877+0000] {processor.py:830} INFO - Processing file /opt/airflow/dags/first_dag.py for tasks to queue
[2025-11-09T15:09:26.879+0000] {logging_mixin.py:188} INFO - [2025-11-09T15:09:26.879+0000] {dagbag.py:545} INFO - Filling up the DagBag from /opt/airflow/dags/first_dag.py
[2025-11-09T15:09:26.896+0000] {processor.py:840} INFO - DAG(s) 'first_dag' retrieved from /opt/airflow/dags/first_dag.py
[2025-11-09T15:09:26.943+0000] {logging_mixin.py:188} INFO - [2025-11-09T15:09:26.942+0000] {dag.py:3089} INFO - Sync 1 DAGs
[2025-11-09T15:09:26.976+0000] {logging_mixin.py:188} INFO - [2025-11-09T15:09:26.976+0000] {dag.py:3947} INFO - Setting next_dagrun for first_dag to 2025-11-09 00:00:00+00:00, run_after=2025-11-10 00:00:00+00:00
[2025-11-09T15:09:27.013+0000] {processor.py:183} INFO - Processing /opt/airflow/dags/first_dag.py took 0.145 seconds
[2025-11-09T15:09:57.165+0000] {processor.py:161} INFO - Started process (PID=1682) to work on /opt/airflow/dags/first_dag.py
[2025-11-09T15:09:57.168+0000] {processor.py:830} INFO - Processing file /opt/airflow/dags/first_dag.py for tasks to queue
[2025-11-09T15:09:57.171+0000] {logging_mixin.py:188} INFO - [2025-11-09T15:09:57.170+0000] {dagbag.py:545} INFO - Filling up the DagBag from /opt/airflow/dags/first_dag.py
[2025-11-09T15:09:57.206+0000] {processor.py:840} INFO - DAG(s) 'first_dag' retrieved from /opt/airflow/dags/first_dag.py
[2025-11-09T15:09:57.290+0000] {logging_mixin.py:188} INFO - [2025-11-09T15:09:57.290+0000] {dag.py:3089} INFO - Sync 1 DAGs
[2025-11-09T15:09:57.352+0000] {logging_mixin.py:188} INFO - [2025-11-09T15:09:57.351+0000] {dag.py:3947} INFO - Setting next_dagrun for first_dag to 2025-11-09 00:00:00+00:00, run_after=2025-11-10 00:00:00+00:00
[2025-11-09T15:09:57.406+0000] {processor.py:183} INFO - Processing /opt/airflow/dags/first_dag.py took 0.263 seconds
[2025-11-09T15:10:27.501+0000] {processor.py:161} INFO - Started process (PID=1692) to work on /opt/airflow/dags/first_dag.py
[2025-11-09T15:10:27.503+0000] {processor.py:830} INFO - Processing file /opt/airflow/dags/first_dag.py for tasks to queue
[2025-11-09T15:10:27.506+0000] {logging_mixin.py:188} INFO - [2025-11-09T15:10:27.505+0000] {dagbag.py:545} INFO - Filling up the DagBag from /opt/airflow/dags/first_dag.py
[2025-11-09T15:10:27.542+0000] {processor.py:840} INFO - DAG(s) 'first_dag' retrieved from /opt/airflow/dags/first_dag.py
[2025-11-09T15:10:27.617+0000] {logging_mixin.py:188} INFO - [2025-11-09T15:10:27.617+0000] {dag.py:3089} INFO - Sync 1 DAGs
[2025-11-09T15:10:27.681+0000] {logging_mixin.py:188} INFO - [2025-11-09T15:10:27.680+0000] {dag.py:3947} INFO - Setting next_dagrun for first_dag to 2025-11-09 00:00:00+00:00, run_after=2025-11-10 00:00:00+00:00
[2025-11-09T15:10:27.733+0000] {processor.py:183} INFO - Processing /opt/airflow/dags/first_dag.py took 0.249 seconds
[2025-11-09T15:10:57.863+0000] {processor.py:161} INFO - Started process (PID=1702) to work on /opt/airflow/dags/first_dag.py
[2025-11-09T15:10:57.864+0000] {processor.py:830} INFO - Processing file /opt/airflow/dags/first_dag.py for tasks to queue
[2025-11-09T15:10:57.867+0000] {logging_mixin.py:188} INFO - [2025-11-09T15:10:57.866+0000] {dagbag.py:545} INFO - Filling up the DagBag from /opt/airflow/dags/first_dag.py
[2025-11-09T15:10:57.889+0000] {processor.py:840} INFO - DAG(s) 'first_dag' retrieved from /opt/airflow/dags/first_dag.py
[2025-11-09T15:10:57.931+0000] {logging_mixin.py:188} INFO - [2025-11-09T15:10:57.931+0000] {dag.py:3089} INFO - Sync 1 DAGs
[2025-11-09T15:10:57.969+0000] {logging_mixin.py:188} INFO - [2025-11-09T15:10:57.968+0000] {dag.py:3947} INFO - Setting next_dagrun for first_dag to 2025-11-09 00:00:00+00:00, run_after=2025-11-10 00:00:00+00:00
[2025-11-09T15:10:58.002+0000] {processor.py:183} INFO - Processing /opt/airflow/dags/first_dag.py took 0.149 seconds
[2025-11-09T15:11:28.320+0000] {processor.py:161} INFO - Started process (PID=1712) to work on /opt/airflow/dags/first_dag.py
[2025-11-09T15:11:28.322+0000] {processor.py:830} INFO - Processing file /opt/airflow/dags/first_dag.py for tasks to queue
[2025-11-09T15:11:28.326+0000] {logging_mixin.py:188} INFO - [2025-11-09T15:11:28.325+0000] {dagbag.py:545} INFO - Filling up the DagBag from /opt/airflow/dags/first_dag.py
[2025-11-09T15:11:28.354+0000] {processor.py:840} INFO - DAG(s) 'first_dag' retrieved from /opt/airflow/dags/first_dag.py
[2025-11-09T15:11:28.408+0000] {logging_mixin.py:188} INFO - [2025-11-09T15:11:28.408+0000] {dag.py:3089} INFO - Sync 1 DAGs
[2025-11-09T15:11:28.439+0000] {logging_mixin.py:188} INFO - [2025-11-09T15:11:28.438+0000] {dag.py:3947} INFO - Setting next_dagrun for first_dag to 2025-11-09 00:00:00+00:00, run_after=2025-11-10 00:00:00+00:00
[2025-11-09T15:11:28.463+0000] {processor.py:183} INFO - Processing /opt/airflow/dags/first_dag.py took 0.151 seconds
[2025-11-09T15:11:58.588+0000] {processor.py:161} INFO - Started process (PID=1722) to work on /opt/airflow/dags/first_dag.py
[2025-11-09T15:11:58.590+0000] {processor.py:830} INFO - Processing file /opt/airflow/dags/first_dag.py for tasks to queue
[2025-11-09T15:11:58.593+0000] {logging_mixin.py:188} INFO - [2025-11-09T15:11:58.592+0000] {dagbag.py:545} INFO - Filling up the DagBag from /opt/airflow/dags/first_dag.py
[2025-11-09T15:11:58.631+0000] {processor.py:840} INFO - DAG(s) 'first_dag' retrieved from /opt/airflow/dags/first_dag.py
[2025-11-09T15:11:58.704+0000] {logging_mixin.py:188} INFO - [2025-11-09T15:11:58.703+0000] {dag.py:3089} INFO - Sync 1 DAGs
[2025-11-09T15:11:58.736+0000] {logging_mixin.py:188} INFO - [2025-11-09T15:11:58.736+0000] {dag.py:3947} INFO - Setting next_dagrun for first_dag to 2025-11-09 00:00:00+00:00, run_after=2025-11-10 00:00:00+00:00
[2025-11-09T15:11:58.760+0000] {processor.py:183} INFO - Processing /opt/airflow/dags/first_dag.py took 0.189 seconds
[2025-11-09T15:12:29.018+0000] {processor.py:161} INFO - Started process (PID=1732) to work on /opt/airflow/dags/first_dag.py
[2025-11-09T15:12:29.019+0000] {processor.py:830} INFO - Processing file /opt/airflow/dags/first_dag.py for tasks to queue
[2025-11-09T15:12:29.021+0000] {logging_mixin.py:188} INFO - [2025-11-09T15:12:29.020+0000] {dagbag.py:545} INFO - Filling up the DagBag from /opt/airflow/dags/first_dag.py
[2025-11-09T15:12:29.041+0000] {processor.py:840} INFO - DAG(s) 'first_dag' retrieved from /opt/airflow/dags/first_dag.py
[2025-11-09T15:12:29.088+0000] {logging_mixin.py:188} INFO - [2025-11-09T15:12:29.087+0000] {dag.py:3089} INFO - Sync 1 DAGs
[2025-11-09T15:12:29.131+0000] {logging_mixin.py:188} INFO - [2025-11-09T15:12:29.130+0000] {dag.py:3947} INFO - Setting next_dagrun for first_dag to 2025-11-09 00:00:00+00:00, run_after=2025-11-10 00:00:00+00:00
[2025-11-09T15:12:29.166+0000] {processor.py:183} INFO - Processing /opt/airflow/dags/first_dag.py took 0.158 seconds
[2025-11-09T15:12:59.305+0000] {processor.py:161} INFO - Started process (PID=1742) to work on /opt/airflow/dags/first_dag.py
[2025-11-09T15:12:59.311+0000] {processor.py:830} INFO - Processing file /opt/airflow/dags/first_dag.py for tasks to queue
[2025-11-09T15:12:59.316+0000] {logging_mixin.py:188} INFO - [2025-11-09T15:12:59.315+0000] {dagbag.py:545} INFO - Filling up the DagBag from /opt/airflow/dags/first_dag.py
[2025-11-09T15:12:59.362+0000] {processor.py:840} INFO - DAG(s) 'first_dag' retrieved from /opt/airflow/dags/first_dag.py
[2025-11-09T15:12:59.409+0000] {logging_mixin.py:188} INFO - [2025-11-09T15:12:59.408+0000] {dag.py:3089} INFO - Sync 1 DAGs
[2025-11-09T15:12:59.443+0000] {logging_mixin.py:188} INFO - [2025-11-09T15:12:59.442+0000] {dag.py:3947} INFO - Setting next_dagrun for first_dag to 2025-11-09 00:00:00+00:00, run_after=2025-11-10 00:00:00+00:00
[2025-11-09T15:12:59.466+0000] {processor.py:183} INFO - Processing /opt/airflow/dags/first_dag.py took 0.182 seconds
[2025-11-09T15:13:29.747+0000] {processor.py:161} INFO - Started process (PID=1752) to work on /opt/airflow/dags/first_dag.py
[2025-11-09T15:13:29.751+0000] {processor.py:830} INFO - Processing file /opt/airflow/dags/first_dag.py for tasks to queue
[2025-11-09T15:13:29.758+0000] {logging_mixin.py:188} INFO - [2025-11-09T15:13:29.756+0000] {dagbag.py:545} INFO - Filling up the DagBag from /opt/airflow/dags/first_dag.py
[2025-11-09T15:13:29.812+0000] {processor.py:840} INFO - DAG(s) 'first_dag' retrieved from /opt/airflow/dags/first_dag.py
[2025-11-09T15:13:29.875+0000] {logging_mixin.py:188} INFO - [2025-11-09T15:13:29.874+0000] {dag.py:3089} INFO - Sync 1 DAGs
[2025-11-09T15:13:29.938+0000] {logging_mixin.py:188} INFO - [2025-11-09T15:13:29.937+0000] {dag.py:3947} INFO - Setting next_dagrun for first_dag to 2025-11-09 00:00:00+00:00, run_after=2025-11-10 00:00:00+00:00
[2025-11-09T15:13:29.993+0000] {processor.py:183} INFO - Processing /opt/airflow/dags/first_dag.py took 0.262 seconds
[2025-11-09T15:14:00.104+0000] {processor.py:161} INFO - Started process (PID=1762) to work on /opt/airflow/dags/first_dag.py
[2025-11-09T15:14:00.105+0000] {processor.py:830} INFO - Processing file /opt/airflow/dags/first_dag.py for tasks to queue
[2025-11-09T15:14:00.107+0000] {logging_mixin.py:188} INFO - [2025-11-09T15:14:00.106+0000] {dagbag.py:545} INFO - Filling up the DagBag from /opt/airflow/dags/first_dag.py
[2025-11-09T15:14:00.124+0000] {processor.py:840} INFO - DAG(s) 'first_dag' retrieved from /opt/airflow/dags/first_dag.py
[2025-11-09T15:14:00.172+0000] {logging_mixin.py:188} INFO - [2025-11-09T15:14:00.172+0000] {dag.py:3089} INFO - Sync 1 DAGs
[2025-11-09T15:14:00.209+0000] {logging_mixin.py:188} INFO - [2025-11-09T15:14:00.209+0000] {dag.py:3947} INFO - Setting next_dagrun for first_dag to 2025-11-09 00:00:00+00:00, run_after=2025-11-10 00:00:00+00:00
[2025-11-09T15:14:00.256+0000] {processor.py:183} INFO - Processing /opt/airflow/dags/first_dag.py took 0.164 seconds
[2025-11-09T15:14:30.395+0000] {processor.py:161} INFO - Started process (PID=1772) to work on /opt/airflow/dags/first_dag.py
[2025-11-09T15:14:30.403+0000] {processor.py:830} INFO - Processing file /opt/airflow/dags/first_dag.py for tasks to queue
[2025-11-09T15:14:30.408+0000] {logging_mixin.py:188} INFO - [2025-11-09T15:14:30.405+0000] {dagbag.py:545} INFO - Filling up the DagBag from /opt/airflow/dags/first_dag.py
[2025-11-09T15:14:30.437+0000] {processor.py:840} INFO - DAG(s) 'first_dag' retrieved from /opt/airflow/dags/first_dag.py
[2025-11-09T15:14:30.477+0000] {logging_mixin.py:188} INFO - [2025-11-09T15:14:30.476+0000] {dag.py:3089} INFO - Sync 1 DAGs
[2025-11-09T15:14:30.509+0000] {logging_mixin.py:188} INFO - [2025-11-09T15:14:30.508+0000] {dag.py:3947} INFO - Setting next_dagrun for first_dag to 2025-11-09 00:00:00+00:00, run_after=2025-11-10 00:00:00+00:00
[2025-11-09T15:14:30.535+0000] {processor.py:183} INFO - Processing /opt/airflow/dags/first_dag.py took 0.172 seconds
[2025-11-09T15:15:00.829+0000] {processor.py:161} INFO - Started process (PID=1782) to work on /opt/airflow/dags/first_dag.py
[2025-11-09T15:15:00.832+0000] {processor.py:830} INFO - Processing file /opt/airflow/dags/first_dag.py for tasks to queue
[2025-11-09T15:15:00.835+0000] {logging_mixin.py:188} INFO - [2025-11-09T15:15:00.833+0000] {dagbag.py:545} INFO - Filling up the DagBag from /opt/airflow/dags/first_dag.py
[2025-11-09T15:15:00.873+0000] {processor.py:840} INFO - DAG(s) 'first_dag' retrieved from /opt/airflow/dags/first_dag.py
[2025-11-09T15:15:00.966+0000] {logging_mixin.py:188} INFO - [2025-11-09T15:15:00.965+0000] {dag.py:3089} INFO - Sync 1 DAGs
[2025-11-09T15:15:01.012+0000] {logging_mixin.py:188} INFO - [2025-11-09T15:15:01.011+0000] {dag.py:3947} INFO - Setting next_dagrun for first_dag to 2025-11-09 00:00:00+00:00, run_after=2025-11-10 00:00:00+00:00
[2025-11-09T15:15:01.052+0000] {processor.py:183} INFO - Processing /opt/airflow/dags/first_dag.py took 0.239 seconds
[2025-11-09T15:15:31.222+0000] {processor.py:161} INFO - Started process (PID=1792) to work on /opt/airflow/dags/first_dag.py
[2025-11-09T15:15:31.224+0000] {processor.py:830} INFO - Processing file /opt/airflow/dags/first_dag.py for tasks to queue
[2025-11-09T15:15:31.226+0000] {logging_mixin.py:188} INFO - [2025-11-09T15:15:31.225+0000] {dagbag.py:545} INFO - Filling up the DagBag from /opt/airflow/dags/first_dag.py
[2025-11-09T15:15:31.246+0000] {processor.py:840} INFO - DAG(s) 'first_dag' retrieved from /opt/airflow/dags/first_dag.py
[2025-11-09T15:15:31.301+0000] {logging_mixin.py:188} INFO - [2025-11-09T15:15:31.301+0000] {dag.py:3089} INFO - Sync 1 DAGs
[2025-11-09T15:15:31.338+0000] {logging_mixin.py:188} INFO - [2025-11-09T15:15:31.337+0000] {dag.py:3947} INFO - Setting next_dagrun for first_dag to 2025-11-09 00:00:00+00:00, run_after=2025-11-10 00:00:00+00:00
[2025-11-09T15:15:31.372+0000] {processor.py:183} INFO - Processing /opt/airflow/dags/first_dag.py took 0.162 seconds
[2025-11-09T15:16:01.492+0000] {processor.py:161} INFO - Started process (PID=1802) to work on /opt/airflow/dags/first_dag.py
[2025-11-09T15:16:01.494+0000] {processor.py:830} INFO - Processing file /opt/airflow/dags/first_dag.py for tasks to queue
[2025-11-09T15:16:01.501+0000] {logging_mixin.py:188} INFO - [2025-11-09T15:16:01.499+0000] {dagbag.py:545} INFO - Filling up the DagBag from /opt/airflow/dags/first_dag.py
[2025-11-09T15:16:01.537+0000] {processor.py:840} INFO - DAG(s) 'first_dag' retrieved from /opt/airflow/dags/first_dag.py
[2025-11-09T15:16:01.590+0000] {logging_mixin.py:188} INFO - [2025-11-09T15:16:01.590+0000] {dag.py:3089} INFO - Sync 1 DAGs
[2025-11-09T15:16:01.648+0000] {logging_mixin.py:188} INFO - [2025-11-09T15:16:01.648+0000] {dag.py:3947} INFO - Setting next_dagrun for first_dag to 2025-11-09 00:00:00+00:00, run_after=2025-11-10 00:00:00+00:00
[2025-11-09T15:16:01.707+0000] {processor.py:183} INFO - Processing /opt/airflow/dags/first_dag.py took 0.231 seconds
[2025-11-09T15:16:31.812+0000] {processor.py:161} INFO - Started process (PID=1812) to work on /opt/airflow/dags/first_dag.py
[2025-11-09T15:16:31.814+0000] {processor.py:830} INFO - Processing file /opt/airflow/dags/first_dag.py for tasks to queue
[2025-11-09T15:16:31.817+0000] {logging_mixin.py:188} INFO - [2025-11-09T15:16:31.816+0000] {dagbag.py:545} INFO - Filling up the DagBag from /opt/airflow/dags/first_dag.py
[2025-11-09T15:16:31.852+0000] {processor.py:840} INFO - DAG(s) 'first_dag' retrieved from /opt/airflow/dags/first_dag.py
[2025-11-09T15:16:31.922+0000] {logging_mixin.py:188} INFO - [2025-11-09T15:16:31.922+0000] {dag.py:3089} INFO - Sync 1 DAGs
[2025-11-09T15:16:31.954+0000] {logging_mixin.py:188} INFO - [2025-11-09T15:16:31.954+0000] {dag.py:3947} INFO - Setting next_dagrun for first_dag to 2025-11-09 00:00:00+00:00, run_after=2025-11-10 00:00:00+00:00
[2025-11-09T15:16:31.992+0000] {processor.py:183} INFO - Processing /opt/airflow/dags/first_dag.py took 0.195 seconds
[2025-11-09T15:17:02.264+0000] {processor.py:161} INFO - Started process (PID=1822) to work on /opt/airflow/dags/first_dag.py
[2025-11-09T15:17:02.265+0000] {processor.py:830} INFO - Processing file /opt/airflow/dags/first_dag.py for tasks to queue
[2025-11-09T15:17:02.267+0000] {logging_mixin.py:188} INFO - [2025-11-09T15:17:02.267+0000] {dagbag.py:545} INFO - Filling up the DagBag from /opt/airflow/dags/first_dag.py
[2025-11-09T15:17:02.284+0000] {processor.py:840} INFO - DAG(s) 'first_dag' retrieved from /opt/airflow/dags/first_dag.py
[2025-11-09T15:17:02.327+0000] {logging_mixin.py:188} INFO - [2025-11-09T15:17:02.327+0000] {dag.py:3089} INFO - Sync 1 DAGs
[2025-11-09T15:17:02.362+0000] {logging_mixin.py:188} INFO - [2025-11-09T15:17:02.362+0000] {dag.py:3947} INFO - Setting next_dagrun for first_dag to 2025-11-09 00:00:00+00:00, run_after=2025-11-10 00:00:00+00:00
[2025-11-09T15:17:02.395+0000] {processor.py:183} INFO - Processing /opt/airflow/dags/first_dag.py took 0.137 seconds
[2025-11-09T15:17:32.538+0000] {processor.py:161} INFO - Started process (PID=1832) to work on /opt/airflow/dags/first_dag.py
[2025-11-09T15:17:32.542+0000] {processor.py:830} INFO - Processing file /opt/airflow/dags/first_dag.py for tasks to queue
[2025-11-09T15:17:32.550+0000] {logging_mixin.py:188} INFO - [2025-11-09T15:17:32.547+0000] {dagbag.py:545} INFO - Filling up the DagBag from /opt/airflow/dags/first_dag.py
[2025-11-09T15:17:32.595+0000] {processor.py:840} INFO - DAG(s) 'first_dag' retrieved from /opt/airflow/dags/first_dag.py
[2025-11-09T15:17:32.651+0000] {logging_mixin.py:188} INFO - [2025-11-09T15:17:32.650+0000] {dag.py:3089} INFO - Sync 1 DAGs
[2025-11-09T15:17:32.711+0000] {logging_mixin.py:188} INFO - [2025-11-09T15:17:32.710+0000] {dag.py:3947} INFO - Setting next_dagrun for first_dag to 2025-11-09 00:00:00+00:00, run_after=2025-11-10 00:00:00+00:00
[2025-11-09T15:17:32.751+0000] {processor.py:183} INFO - Processing /opt/airflow/dags/first_dag.py took 0.233 seconds
[2025-11-09T15:18:02.922+0000] {processor.py:161} INFO - Started process (PID=1842) to work on /opt/airflow/dags/first_dag.py
[2025-11-09T15:18:02.924+0000] {processor.py:830} INFO - Processing file /opt/airflow/dags/first_dag.py for tasks to queue
[2025-11-09T15:18:02.925+0000] {logging_mixin.py:188} INFO - [2025-11-09T15:18:02.925+0000] {dagbag.py:545} INFO - Filling up the DagBag from /opt/airflow/dags/first_dag.py
[2025-11-09T15:18:02.942+0000] {processor.py:840} INFO - DAG(s) 'first_dag' retrieved from /opt/airflow/dags/first_dag.py
[2025-11-09T15:18:02.980+0000] {logging_mixin.py:188} INFO - [2025-11-09T15:18:02.979+0000] {dag.py:3089} INFO - Sync 1 DAGs
[2025-11-09T15:18:03.012+0000] {logging_mixin.py:188} INFO - [2025-11-09T15:18:03.011+0000] {dag.py:3947} INFO - Setting next_dagrun for first_dag to 2025-11-09 00:00:00+00:00, run_after=2025-11-10 00:00:00+00:00
[2025-11-09T15:18:03.040+0000] {processor.py:183} INFO - Processing /opt/airflow/dags/first_dag.py took 0.131 seconds
[2025-11-09T15:18:33.293+0000] {processor.py:161} INFO - Started process (PID=1852) to work on /opt/airflow/dags/first_dag.py
[2025-11-09T15:18:33.296+0000] {processor.py:830} INFO - Processing file /opt/airflow/dags/first_dag.py for tasks to queue
[2025-11-09T15:18:33.300+0000] {logging_mixin.py:188} INFO - [2025-11-09T15:18:33.299+0000] {dagbag.py:545} INFO - Filling up the DagBag from /opt/airflow/dags/first_dag.py
[2025-11-09T15:18:33.319+0000] {processor.py:840} INFO - DAG(s) 'first_dag' retrieved from /opt/airflow/dags/first_dag.py
[2025-11-09T15:18:33.366+0000] {logging_mixin.py:188} INFO - [2025-11-09T15:18:33.366+0000] {dag.py:3089} INFO - Sync 1 DAGs
[2025-11-09T15:18:33.405+0000] {logging_mixin.py:188} INFO - [2025-11-09T15:18:33.405+0000] {dag.py:3947} INFO - Setting next_dagrun for first_dag to 2025-11-09 00:00:00+00:00, run_after=2025-11-10 00:00:00+00:00
[2025-11-09T15:18:33.445+0000] {processor.py:183} INFO - Processing /opt/airflow/dags/first_dag.py took 0.160 seconds
[2025-11-09T15:19:03.561+0000] {processor.py:161} INFO - Started process (PID=1862) to work on /opt/airflow/dags/first_dag.py
[2025-11-09T15:19:03.564+0000] {processor.py:830} INFO - Processing file /opt/airflow/dags/first_dag.py for tasks to queue
[2025-11-09T15:19:03.566+0000] {logging_mixin.py:188} INFO - [2025-11-09T15:19:03.565+0000] {dagbag.py:545} INFO - Filling up the DagBag from /opt/airflow/dags/first_dag.py
[2025-11-09T15:19:03.596+0000] {processor.py:840} INFO - DAG(s) 'first_dag' retrieved from /opt/airflow/dags/first_dag.py
[2025-11-09T15:19:03.647+0000] {logging_mixin.py:188} INFO - [2025-11-09T15:19:03.647+0000] {dag.py:3089} INFO - Sync 1 DAGs
[2025-11-09T15:19:03.672+0000] {logging_mixin.py:188} INFO - [2025-11-09T15:19:03.672+0000] {dag.py:3947} INFO - Setting next_dagrun for first_dag to 2025-11-09 00:00:00+00:00, run_after=2025-11-10 00:00:00+00:00
[2025-11-09T15:19:03.692+0000] {processor.py:183} INFO - Processing /opt/airflow/dags/first_dag.py took 0.146 seconds
[2025-11-09T15:19:33.753+0000] {processor.py:161} INFO - Started process (PID=1872) to work on /opt/airflow/dags/first_dag.py
[2025-11-09T15:19:33.754+0000] {processor.py:830} INFO - Processing file /opt/airflow/dags/first_dag.py for tasks to queue
[2025-11-09T15:19:33.758+0000] {logging_mixin.py:188} INFO - [2025-11-09T15:19:33.757+0000] {dagbag.py:545} INFO - Filling up the DagBag from /opt/airflow/dags/first_dag.py
[2025-11-09T15:19:33.783+0000] {processor.py:840} INFO - DAG(s) 'first_dag' retrieved from /opt/airflow/dags/first_dag.py
[2025-11-09T15:19:33.821+0000] {logging_mixin.py:188} INFO - [2025-11-09T15:19:33.820+0000] {dag.py:3089} INFO - Sync 1 DAGs
[2025-11-09T15:19:33.843+0000] {logging_mixin.py:188} INFO - [2025-11-09T15:19:33.843+0000] {dag.py:3947} INFO - Setting next_dagrun for first_dag to 2025-11-09 00:00:00+00:00, run_after=2025-11-10 00:00:00+00:00
[2025-11-09T15:19:33.862+0000] {processor.py:183} INFO - Processing /opt/airflow/dags/first_dag.py took 0.123 seconds
[2025-11-09T15:20:04.045+0000] {processor.py:161} INFO - Started process (PID=1882) to work on /opt/airflow/dags/first_dag.py
[2025-11-09T15:20:04.046+0000] {processor.py:830} INFO - Processing file /opt/airflow/dags/first_dag.py for tasks to queue
[2025-11-09T15:20:04.048+0000] {logging_mixin.py:188} INFO - [2025-11-09T15:20:04.047+0000] {dagbag.py:545} INFO - Filling up the DagBag from /opt/airflow/dags/first_dag.py
[2025-11-09T15:20:04.061+0000] {processor.py:840} INFO - DAG(s) 'first_dag' retrieved from /opt/airflow/dags/first_dag.py
[2025-11-09T15:20:04.090+0000] {logging_mixin.py:188} INFO - [2025-11-09T15:20:04.090+0000] {dag.py:3089} INFO - Sync 1 DAGs
[2025-11-09T15:20:04.116+0000] {logging_mixin.py:188} INFO - [2025-11-09T15:20:04.115+0000] {dag.py:3947} INFO - Setting next_dagrun for first_dag to 2025-11-09 00:00:00+00:00, run_after=2025-11-10 00:00:00+00:00
[2025-11-09T15:20:04.136+0000] {processor.py:183} INFO - Processing /opt/airflow/dags/first_dag.py took 0.099 seconds
[2025-11-09T15:20:34.243+0000] {processor.py:161} INFO - Started process (PID=1892) to work on /opt/airflow/dags/first_dag.py
[2025-11-09T15:20:34.244+0000] {processor.py:830} INFO - Processing file /opt/airflow/dags/first_dag.py for tasks to queue
[2025-11-09T15:20:34.247+0000] {logging_mixin.py:188} INFO - [2025-11-09T15:20:34.246+0000] {dagbag.py:545} INFO - Filling up the DagBag from /opt/airflow/dags/first_dag.py
[2025-11-09T15:20:34.274+0000] {processor.py:840} INFO - DAG(s) 'first_dag' retrieved from /opt/airflow/dags/first_dag.py
[2025-11-09T15:20:34.324+0000] {logging_mixin.py:188} INFO - [2025-11-09T15:20:34.323+0000] {dag.py:3089} INFO - Sync 1 DAGs
[2025-11-09T15:20:34.347+0000] {logging_mixin.py:188} INFO - [2025-11-09T15:20:34.346+0000] {dag.py:3947} INFO - Setting next_dagrun for first_dag to 2025-11-09 00:00:00+00:00, run_after=2025-11-10 00:00:00+00:00
[2025-11-09T15:20:34.364+0000] {processor.py:183} INFO - Processing /opt/airflow/dags/first_dag.py took 0.136 seconds
[2025-11-09T15:21:04.685+0000] {processor.py:161} INFO - Started process (PID=1902) to work on /opt/airflow/dags/first_dag.py
[2025-11-09T15:21:04.687+0000] {processor.py:830} INFO - Processing file /opt/airflow/dags/first_dag.py for tasks to queue
[2025-11-09T15:21:04.691+0000] {logging_mixin.py:188} INFO - [2025-11-09T15:21:04.690+0000] {dagbag.py:545} INFO - Filling up the DagBag from /opt/airflow/dags/first_dag.py
[2025-11-09T15:21:04.725+0000] {processor.py:840} INFO - DAG(s) 'first_dag' retrieved from /opt/airflow/dags/first_dag.py
[2025-11-09T15:21:04.768+0000] {logging_mixin.py:188} INFO - [2025-11-09T15:21:04.768+0000] {dag.py:3089} INFO - Sync 1 DAGs
[2025-11-09T15:21:04.799+0000] {logging_mixin.py:188} INFO - [2025-11-09T15:21:04.799+0000] {dag.py:3947} INFO - Setting next_dagrun for first_dag to 2025-11-09 00:00:00+00:00, run_after=2025-11-10 00:00:00+00:00
[2025-11-09T15:21:04.830+0000] {processor.py:183} INFO - Processing /opt/airflow/dags/first_dag.py took 0.161 seconds
[2025-11-09T15:21:34.950+0000] {processor.py:161} INFO - Started process (PID=1912) to work on /opt/airflow/dags/first_dag.py
[2025-11-09T15:21:34.953+0000] {processor.py:830} INFO - Processing file /opt/airflow/dags/first_dag.py for tasks to queue
[2025-11-09T15:21:34.956+0000] {logging_mixin.py:188} INFO - [2025-11-09T15:21:34.955+0000] {dagbag.py:545} INFO - Filling up the DagBag from /opt/airflow/dags/first_dag.py
[2025-11-09T15:21:34.976+0000] {processor.py:840} INFO - DAG(s) 'first_dag' retrieved from /opt/airflow/dags/first_dag.py
[2025-11-09T15:21:35.027+0000] {logging_mixin.py:188} INFO - [2025-11-09T15:21:35.026+0000] {dag.py:3089} INFO - Sync 1 DAGs
[2025-11-09T15:21:35.060+0000] {logging_mixin.py:188} INFO - [2025-11-09T15:21:35.059+0000] {dag.py:3947} INFO - Setting next_dagrun for first_dag to 2025-11-09 00:00:00+00:00, run_after=2025-11-10 00:00:00+00:00
[2025-11-09T15:21:35.094+0000] {processor.py:183} INFO - Processing /opt/airflow/dags/first_dag.py took 0.153 seconds
[2025-11-09T15:22:05.362+0000] {processor.py:161} INFO - Started process (PID=1922) to work on /opt/airflow/dags/first_dag.py
[2025-11-09T15:22:05.366+0000] {processor.py:830} INFO - Processing file /opt/airflow/dags/first_dag.py for tasks to queue
[2025-11-09T15:22:05.372+0000] {logging_mixin.py:188} INFO - [2025-11-09T15:22:05.371+0000] {dagbag.py:545} INFO - Filling up the DagBag from /opt/airflow/dags/first_dag.py
[2025-11-09T15:22:05.406+0000] {processor.py:840} INFO - DAG(s) 'first_dag' retrieved from /opt/airflow/dags/first_dag.py
[2025-11-09T15:22:05.495+0000] {logging_mixin.py:188} INFO - [2025-11-09T15:22:05.494+0000] {dag.py:3089} INFO - Sync 1 DAGs
[2025-11-09T15:22:05.552+0000] {logging_mixin.py:188} INFO - [2025-11-09T15:22:05.551+0000] {dag.py:3947} INFO - Setting next_dagrun for first_dag to 2025-11-09 00:00:00+00:00, run_after=2025-11-10 00:00:00+00:00
[2025-11-09T15:22:05.585+0000] {processor.py:183} INFO - Processing /opt/airflow/dags/first_dag.py took 0.238 seconds
[2025-11-09T15:22:35.678+0000] {processor.py:161} INFO - Started process (PID=1932) to work on /opt/airflow/dags/first_dag.py
[2025-11-09T15:22:35.681+0000] {processor.py:830} INFO - Processing file /opt/airflow/dags/first_dag.py for tasks to queue
[2025-11-09T15:22:35.686+0000] {logging_mixin.py:188} INFO - [2025-11-09T15:22:35.684+0000] {dagbag.py:545} INFO - Filling up the DagBag from /opt/airflow/dags/first_dag.py
[2025-11-09T15:22:35.721+0000] {processor.py:840} INFO - DAG(s) 'first_dag' retrieved from /opt/airflow/dags/first_dag.py
[2025-11-09T15:22:35.790+0000] {logging_mixin.py:188} INFO - [2025-11-09T15:22:35.790+0000] {dag.py:3089} INFO - Sync 1 DAGs
[2025-11-09T15:22:35.821+0000] {logging_mixin.py:188} INFO - [2025-11-09T15:22:35.821+0000] {dag.py:3947} INFO - Setting next_dagrun for first_dag to 2025-11-09 00:00:00+00:00, run_after=2025-11-10 00:00:00+00:00
[2025-11-09T15:22:35.851+0000] {processor.py:183} INFO - Processing /opt/airflow/dags/first_dag.py took 0.193 seconds
[2025-11-09T15:23:05.913+0000] {processor.py:161} INFO - Started process (PID=1942) to work on /opt/airflow/dags/first_dag.py
[2025-11-09T15:23:05.915+0000] {processor.py:830} INFO - Processing file /opt/airflow/dags/first_dag.py for tasks to queue
[2025-11-09T15:23:05.916+0000] {logging_mixin.py:188} INFO - [2025-11-09T15:23:05.916+0000] {dagbag.py:545} INFO - Filling up the DagBag from /opt/airflow/dags/first_dag.py
[2025-11-09T15:23:05.937+0000] {processor.py:840} INFO - DAG(s) 'first_dag' retrieved from /opt/airflow/dags/first_dag.py
[2025-11-09T15:23:05.978+0000] {logging_mixin.py:188} INFO - [2025-11-09T15:23:05.977+0000] {dag.py:3089} INFO - Sync 1 DAGs
[2025-11-09T15:23:06.010+0000] {logging_mixin.py:188} INFO - [2025-11-09T15:23:06.010+0000] {dag.py:3947} INFO - Setting next_dagrun for first_dag to 2025-11-09 00:00:00+00:00, run_after=2025-11-10 00:00:00+00:00
[2025-11-09T15:23:06.054+0000] {processor.py:183} INFO - Processing /opt/airflow/dags/first_dag.py took 0.153 seconds
[2025-11-09T15:23:36.330+0000] {processor.py:161} INFO - Started process (PID=1952) to work on /opt/airflow/dags/first_dag.py
[2025-11-09T15:23:36.331+0000] {processor.py:830} INFO - Processing file /opt/airflow/dags/first_dag.py for tasks to queue
[2025-11-09T15:23:36.333+0000] {logging_mixin.py:188} INFO - [2025-11-09T15:23:36.332+0000] {dagbag.py:545} INFO - Filling up the DagBag from /opt/airflow/dags/first_dag.py
[2025-11-09T15:23:36.354+0000] {processor.py:840} INFO - DAG(s) 'first_dag' retrieved from /opt/airflow/dags/first_dag.py
[2025-11-09T15:23:36.402+0000] {logging_mixin.py:188} INFO - [2025-11-09T15:23:36.401+0000] {dag.py:3089} INFO - Sync 1 DAGs
[2025-11-09T15:23:36.443+0000] {logging_mixin.py:188} INFO - [2025-11-09T15:23:36.443+0000] {dag.py:3947} INFO - Setting next_dagrun for first_dag to 2025-11-09 00:00:00+00:00, run_after=2025-11-10 00:00:00+00:00
[2025-11-09T15:23:36.481+0000] {processor.py:183} INFO - Processing /opt/airflow/dags/first_dag.py took 0.161 seconds
[2025-11-09T15:24:06.674+0000] {processor.py:161} INFO - Started process (PID=1962) to work on /opt/airflow/dags/first_dag.py
[2025-11-09T15:24:06.677+0000] {processor.py:830} INFO - Processing file /opt/airflow/dags/first_dag.py for tasks to queue
[2025-11-09T15:24:06.680+0000] {logging_mixin.py:188} INFO - [2025-11-09T15:24:06.679+0000] {dagbag.py:545} INFO - Filling up the DagBag from /opt/airflow/dags/first_dag.py
[2025-11-09T15:24:06.718+0000] {processor.py:840} INFO - DAG(s) 'first_dag' retrieved from /opt/airflow/dags/first_dag.py
[2025-11-09T15:24:06.775+0000] {logging_mixin.py:188} INFO - [2025-11-09T15:24:06.775+0000] {dag.py:3089} INFO - Sync 1 DAGs
[2025-11-09T15:24:06.807+0000] {logging_mixin.py:188} INFO - [2025-11-09T15:24:06.806+0000] {dag.py:3947} INFO - Setting next_dagrun for first_dag to 2025-11-09 00:00:00+00:00, run_after=2025-11-10 00:00:00+00:00
[2025-11-09T15:24:06.832+0000] {processor.py:183} INFO - Processing /opt/airflow/dags/first_dag.py took 0.175 seconds
[2025-11-09T15:24:36.969+0000] {processor.py:161} INFO - Started process (PID=1972) to work on /opt/airflow/dags/first_dag.py
[2025-11-09T15:24:36.971+0000] {processor.py:830} INFO - Processing file /opt/airflow/dags/first_dag.py for tasks to queue
[2025-11-09T15:24:36.974+0000] {logging_mixin.py:188} INFO - [2025-11-09T15:24:36.973+0000] {dagbag.py:545} INFO - Filling up the DagBag from /opt/airflow/dags/first_dag.py
[2025-11-09T15:24:37.005+0000] {processor.py:840} INFO - DAG(s) 'first_dag' retrieved from /opt/airflow/dags/first_dag.py
[2025-11-09T15:24:37.053+0000] {logging_mixin.py:188} INFO - [2025-11-09T15:24:37.052+0000] {dag.py:3089} INFO - Sync 1 DAGs
[2025-11-09T15:24:37.086+0000] {logging_mixin.py:188} INFO - [2025-11-09T15:24:37.086+0000] {dag.py:3947} INFO - Setting next_dagrun for first_dag to 2025-11-09 00:00:00+00:00, run_after=2025-11-10 00:00:00+00:00
[2025-11-09T15:24:37.118+0000] {processor.py:183} INFO - Processing /opt/airflow/dags/first_dag.py took 0.168 seconds
[2025-11-09T15:25:07.405+0000] {processor.py:161} INFO - Started process (PID=1982) to work on /opt/airflow/dags/first_dag.py
[2025-11-09T15:25:07.406+0000] {processor.py:830} INFO - Processing file /opt/airflow/dags/first_dag.py for tasks to queue
[2025-11-09T15:25:07.411+0000] {logging_mixin.py:188} INFO - [2025-11-09T15:25:07.410+0000] {dagbag.py:545} INFO - Filling up the DagBag from /opt/airflow/dags/first_dag.py
[2025-11-09T15:25:07.433+0000] {processor.py:840} INFO - DAG(s) 'first_dag' retrieved from /opt/airflow/dags/first_dag.py
[2025-11-09T15:25:07.480+0000] {logging_mixin.py:188} INFO - [2025-11-09T15:25:07.479+0000] {dag.py:3089} INFO - Sync 1 DAGs
[2025-11-09T15:25:07.520+0000] {logging_mixin.py:188} INFO - [2025-11-09T15:25:07.519+0000] {dag.py:3947} INFO - Setting next_dagrun for first_dag to 2025-11-09 00:00:00+00:00, run_after=2025-11-10 00:00:00+00:00
[2025-11-09T15:25:07.553+0000] {processor.py:183} INFO - Processing /opt/airflow/dags/first_dag.py took 0.159 seconds
[2025-11-09T15:25:37.703+0000] {processor.py:161} INFO - Started process (PID=1992) to work on /opt/airflow/dags/first_dag.py
[2025-11-09T15:25:37.705+0000] {processor.py:830} INFO - Processing file /opt/airflow/dags/first_dag.py for tasks to queue
[2025-11-09T15:25:37.710+0000] {logging_mixin.py:188} INFO - [2025-11-09T15:25:37.708+0000] {dagbag.py:545} INFO - Filling up the DagBag from /opt/airflow/dags/first_dag.py
[2025-11-09T15:25:37.759+0000] {processor.py:840} INFO - DAG(s) 'first_dag' retrieved from /opt/airflow/dags/first_dag.py
[2025-11-09T15:25:37.804+0000] {logging_mixin.py:188} INFO - [2025-11-09T15:25:37.803+0000] {dag.py:3089} INFO - Sync 1 DAGs
[2025-11-09T15:25:37.834+0000] {logging_mixin.py:188} INFO - [2025-11-09T15:25:37.833+0000] {dag.py:3947} INFO - Setting next_dagrun for first_dag to 2025-11-09 00:00:00+00:00, run_after=2025-11-10 00:00:00+00:00
[2025-11-09T15:25:37.874+0000] {processor.py:183} INFO - Processing /opt/airflow/dags/first_dag.py took 0.191 seconds
[2025-11-09T15:26:07.978+0000] {processor.py:161} INFO - Started process (PID=2002) to work on /opt/airflow/dags/first_dag.py
[2025-11-09T15:26:07.980+0000] {processor.py:830} INFO - Processing file /opt/airflow/dags/first_dag.py for tasks to queue
[2025-11-09T15:26:07.984+0000] {logging_mixin.py:188} INFO - [2025-11-09T15:26:07.982+0000] {dagbag.py:545} INFO - Filling up the DagBag from /opt/airflow/dags/first_dag.py
[2025-11-09T15:26:08.025+0000] {processor.py:840} INFO - DAG(s) 'first_dag' retrieved from /opt/airflow/dags/first_dag.py
[2025-11-09T15:26:08.099+0000] {logging_mixin.py:188} INFO - [2025-11-09T15:26:08.098+0000] {dag.py:3089} INFO - Sync 1 DAGs
[2025-11-09T15:26:08.172+0000] {logging_mixin.py:188} INFO - [2025-11-09T15:26:08.172+0000] {dag.py:3947} INFO - Setting next_dagrun for first_dag to 2025-11-09 00:00:00+00:00, run_after=2025-11-10 00:00:00+00:00
[2025-11-09T15:26:08.212+0000] {processor.py:183} INFO - Processing /opt/airflow/dags/first_dag.py took 0.252 seconds
[2025-11-09T15:26:38.523+0000] {processor.py:161} INFO - Started process (PID=2012) to work on /opt/airflow/dags/first_dag.py
[2025-11-09T15:26:38.525+0000] {processor.py:830} INFO - Processing file /opt/airflow/dags/first_dag.py for tasks to queue
[2025-11-09T15:26:38.526+0000] {logging_mixin.py:188} INFO - [2025-11-09T15:26:38.525+0000] {dagbag.py:545} INFO - Filling up the DagBag from /opt/airflow/dags/first_dag.py
[2025-11-09T15:26:38.549+0000] {processor.py:840} INFO - DAG(s) 'first_dag' retrieved from /opt/airflow/dags/first_dag.py
[2025-11-09T15:26:38.592+0000] {logging_mixin.py:188} INFO - [2025-11-09T15:26:38.591+0000] {dag.py:3089} INFO - Sync 1 DAGs
[2025-11-09T15:26:38.624+0000] {logging_mixin.py:188} INFO - [2025-11-09T15:26:38.624+0000] {dag.py:3947} INFO - Setting next_dagrun for first_dag to 2025-11-09 00:00:00+00:00, run_after=2025-11-10 00:00:00+00:00
[2025-11-09T15:26:38.657+0000] {processor.py:183} INFO - Processing /opt/airflow/dags/first_dag.py took 0.149 seconds
[2025-11-09T15:27:08.787+0000] {processor.py:161} INFO - Started process (PID=2022) to work on /opt/airflow/dags/first_dag.py
[2025-11-09T15:27:08.789+0000] {processor.py:830} INFO - Processing file /opt/airflow/dags/first_dag.py for tasks to queue
[2025-11-09T15:27:08.797+0000] {logging_mixin.py:188} INFO - [2025-11-09T15:27:08.795+0000] {dagbag.py:545} INFO - Filling up the DagBag from /opt/airflow/dags/first_dag.py
[2025-11-09T15:27:08.833+0000] {processor.py:840} INFO - DAG(s) 'first_dag' retrieved from /opt/airflow/dags/first_dag.py
[2025-11-09T15:27:08.902+0000] {logging_mixin.py:188} INFO - [2025-11-09T15:27:08.902+0000] {dag.py:3089} INFO - Sync 1 DAGs
[2025-11-09T15:27:08.937+0000] {logging_mixin.py:188} INFO - [2025-11-09T15:27:08.936+0000] {dag.py:3947} INFO - Setting next_dagrun for first_dag to 2025-11-09 00:00:00+00:00, run_after=2025-11-10 00:00:00+00:00
[2025-11-09T15:27:08.968+0000] {processor.py:183} INFO - Processing /opt/airflow/dags/first_dag.py took 0.198 seconds
[2025-11-09T15:27:39.102+0000] {processor.py:161} INFO - Started process (PID=2032) to work on /opt/airflow/dags/first_dag.py
[2025-11-09T15:27:39.105+0000] {processor.py:830} INFO - Processing file /opt/airflow/dags/first_dag.py for tasks to queue
[2025-11-09T15:27:39.111+0000] {logging_mixin.py:188} INFO - [2025-11-09T15:27:39.109+0000] {dagbag.py:545} INFO - Filling up the DagBag from /opt/airflow/dags/first_dag.py
[2025-11-09T15:27:39.147+0000] {processor.py:840} INFO - DAG(s) 'first_dag' retrieved from /opt/airflow/dags/first_dag.py
[2025-11-09T15:27:39.213+0000] {logging_mixin.py:188} INFO - [2025-11-09T15:27:39.213+0000] {dag.py:3089} INFO - Sync 1 DAGs
[2025-11-09T15:27:39.279+0000] {logging_mixin.py:188} INFO - [2025-11-09T15:27:39.279+0000] {dag.py:3947} INFO - Setting next_dagrun for first_dag to 2025-11-09 00:00:00+00:00, run_after=2025-11-10 00:00:00+00:00
[2025-11-09T15:27:39.320+0000] {processor.py:183} INFO - Processing /opt/airflow/dags/first_dag.py took 0.237 seconds
[2025-11-09T15:28:09.581+0000] {processor.py:161} INFO - Started process (PID=2042) to work on /opt/airflow/dags/first_dag.py
[2025-11-09T15:28:09.587+0000] {processor.py:830} INFO - Processing file /opt/airflow/dags/first_dag.py for tasks to queue
[2025-11-09T15:28:09.589+0000] {logging_mixin.py:188} INFO - [2025-11-09T15:28:09.588+0000] {dagbag.py:545} INFO - Filling up the DagBag from /opt/airflow/dags/first_dag.py
[2025-11-09T15:28:09.607+0000] {processor.py:840} INFO - DAG(s) 'first_dag' retrieved from /opt/airflow/dags/first_dag.py
[2025-11-09T15:28:09.660+0000] {logging_mixin.py:188} INFO - [2025-11-09T15:28:09.659+0000] {dag.py:3089} INFO - Sync 1 DAGs
[2025-11-09T15:28:09.714+0000] {logging_mixin.py:188} INFO - [2025-11-09T15:28:09.713+0000] {dag.py:3947} INFO - Setting next_dagrun for first_dag to 2025-11-09 00:00:00+00:00, run_after=2025-11-10 00:00:00+00:00
[2025-11-09T15:28:09.754+0000] {processor.py:183} INFO - Processing /opt/airflow/dags/first_dag.py took 0.180 seconds
[2025-11-09T15:28:39.856+0000] {processor.py:161} INFO - Started process (PID=2052) to work on /opt/airflow/dags/first_dag.py
[2025-11-09T15:28:39.858+0000] {processor.py:830} INFO - Processing file /opt/airflow/dags/first_dag.py for tasks to queue
[2025-11-09T15:28:39.864+0000] {logging_mixin.py:188} INFO - [2025-11-09T15:28:39.863+0000] {dagbag.py:545} INFO - Filling up the DagBag from /opt/airflow/dags/first_dag.py
[2025-11-09T15:28:39.907+0000] {processor.py:840} INFO - DAG(s) 'first_dag' retrieved from /opt/airflow/dags/first_dag.py
[2025-11-09T15:28:39.993+0000] {logging_mixin.py:188} INFO - [2025-11-09T15:28:39.993+0000] {dag.py:3089} INFO - Sync 1 DAGs
[2025-11-09T15:28:40.041+0000] {logging_mixin.py:188} INFO - [2025-11-09T15:28:40.041+0000] {dag.py:3947} INFO - Setting next_dagrun for first_dag to 2025-11-09 00:00:00+00:00, run_after=2025-11-10 00:00:00+00:00
[2025-11-09T15:28:40.071+0000] {processor.py:183} INFO - Processing /opt/airflow/dags/first_dag.py took 0.237 seconds
[2025-11-09T15:29:10.200+0000] {processor.py:161} INFO - Started process (PID=2062) to work on /opt/airflow/dags/first_dag.py
[2025-11-09T15:29:10.202+0000] {processor.py:830} INFO - Processing file /opt/airflow/dags/first_dag.py for tasks to queue
[2025-11-09T15:29:10.205+0000] {logging_mixin.py:188} INFO - [2025-11-09T15:29:10.204+0000] {dagbag.py:545} INFO - Filling up the DagBag from /opt/airflow/dags/first_dag.py
[2025-11-09T15:29:10.244+0000] {processor.py:840} INFO - DAG(s) 'first_dag' retrieved from /opt/airflow/dags/first_dag.py
[2025-11-09T15:29:10.315+0000] {logging_mixin.py:188} INFO - [2025-11-09T15:29:10.314+0000] {dag.py:3089} INFO - Sync 1 DAGs
[2025-11-09T15:29:10.364+0000] {logging_mixin.py:188} INFO - [2025-11-09T15:29:10.364+0000] {dag.py:3947} INFO - Setting next_dagrun for first_dag to 2025-11-09 00:00:00+00:00, run_after=2025-11-10 00:00:00+00:00
[2025-11-09T15:29:10.405+0000] {processor.py:183} INFO - Processing /opt/airflow/dags/first_dag.py took 0.224 seconds
[2025-11-09T15:29:40.680+0000] {processor.py:161} INFO - Started process (PID=2072) to work on /opt/airflow/dags/first_dag.py
[2025-11-09T15:29:40.681+0000] {processor.py:830} INFO - Processing file /opt/airflow/dags/first_dag.py for tasks to queue
[2025-11-09T15:29:40.682+0000] {logging_mixin.py:188} INFO - [2025-11-09T15:29:40.682+0000] {dagbag.py:545} INFO - Filling up the DagBag from /opt/airflow/dags/first_dag.py
[2025-11-09T15:29:40.703+0000] {processor.py:840} INFO - DAG(s) 'first_dag' retrieved from /opt/airflow/dags/first_dag.py
[2025-11-09T15:29:40.744+0000] {logging_mixin.py:188} INFO - [2025-11-09T15:29:40.743+0000] {dag.py:3089} INFO - Sync 1 DAGs
[2025-11-09T15:29:40.777+0000] {logging_mixin.py:188} INFO - [2025-11-09T15:29:40.776+0000] {dag.py:3947} INFO - Setting next_dagrun for first_dag to 2025-11-09 00:00:00+00:00, run_after=2025-11-10 00:00:00+00:00
[2025-11-09T15:29:40.825+0000] {processor.py:183} INFO - Processing /opt/airflow/dags/first_dag.py took 0.153 seconds
[2025-11-09T15:30:10.938+0000] {processor.py:161} INFO - Started process (PID=2082) to work on /opt/airflow/dags/first_dag.py
[2025-11-09T15:30:10.941+0000] {processor.py:830} INFO - Processing file /opt/airflow/dags/first_dag.py for tasks to queue
[2025-11-09T15:30:10.944+0000] {logging_mixin.py:188} INFO - [2025-11-09T15:30:10.943+0000] {dagbag.py:545} INFO - Filling up the DagBag from /opt/airflow/dags/first_dag.py
[2025-11-09T15:30:10.977+0000] {processor.py:840} INFO - DAG(s) 'first_dag' retrieved from /opt/airflow/dags/first_dag.py
[2025-11-09T15:30:11.066+0000] {logging_mixin.py:188} INFO - [2025-11-09T15:30:11.066+0000] {dag.py:3089} INFO - Sync 1 DAGs
[2025-11-09T15:30:11.115+0000] {logging_mixin.py:188} INFO - [2025-11-09T15:30:11.114+0000] {dag.py:3947} INFO - Setting next_dagrun for first_dag to 2025-11-09 00:00:00+00:00, run_after=2025-11-10 00:00:00+00:00
[2025-11-09T15:30:11.160+0000] {processor.py:183} INFO - Processing /opt/airflow/dags/first_dag.py took 0.241 seconds
[2025-11-09T15:30:41.272+0000] {processor.py:161} INFO - Started process (PID=2092) to work on /opt/airflow/dags/first_dag.py
[2025-11-09T15:30:41.274+0000] {processor.py:830} INFO - Processing file /opt/airflow/dags/first_dag.py for tasks to queue
[2025-11-09T15:30:41.275+0000] {logging_mixin.py:188} INFO - [2025-11-09T15:30:41.275+0000] {dagbag.py:545} INFO - Filling up the DagBag from /opt/airflow/dags/first_dag.py
[2025-11-09T15:30:41.299+0000] {processor.py:840} INFO - DAG(s) 'first_dag' retrieved from /opt/airflow/dags/first_dag.py
[2025-11-09T15:30:41.351+0000] {logging_mixin.py:188} INFO - [2025-11-09T15:30:41.350+0000] {dag.py:3089} INFO - Sync 1 DAGs
[2025-11-09T15:30:41.394+0000] {logging_mixin.py:188} INFO - [2025-11-09T15:30:41.394+0000] {dag.py:3947} INFO - Setting next_dagrun for first_dag to 2025-11-09 00:00:00+00:00, run_after=2025-11-10 00:00:00+00:00
[2025-11-09T15:30:41.450+0000] {processor.py:183} INFO - Processing /opt/airflow/dags/first_dag.py took 0.189 seconds
[2025-11-09T15:31:11.712+0000] {processor.py:161} INFO - Started process (PID=2102) to work on /opt/airflow/dags/first_dag.py
[2025-11-09T15:31:11.714+0000] {processor.py:830} INFO - Processing file /opt/airflow/dags/first_dag.py for tasks to queue
[2025-11-09T15:31:11.716+0000] {logging_mixin.py:188} INFO - [2025-11-09T15:31:11.715+0000] {dagbag.py:545} INFO - Filling up the DagBag from /opt/airflow/dags/first_dag.py
[2025-11-09T15:31:11.735+0000] {processor.py:840} INFO - DAG(s) 'first_dag' retrieved from /opt/airflow/dags/first_dag.py
[2025-11-09T15:31:11.799+0000] {logging_mixin.py:188} INFO - [2025-11-09T15:31:11.799+0000] {dag.py:3089} INFO - Sync 1 DAGs
[2025-11-09T15:31:11.838+0000] {logging_mixin.py:188} INFO - [2025-11-09T15:31:11.838+0000] {dag.py:3947} INFO - Setting next_dagrun for first_dag to 2025-11-09 00:00:00+00:00, run_after=2025-11-10 00:00:00+00:00
[2025-11-09T15:31:11.872+0000] {processor.py:183} INFO - Processing /opt/airflow/dags/first_dag.py took 0.169 seconds
[2025-11-09T15:31:42.037+0000] {processor.py:161} INFO - Started process (PID=2112) to work on /opt/airflow/dags/first_dag.py
[2025-11-09T15:31:42.041+0000] {processor.py:830} INFO - Processing file /opt/airflow/dags/first_dag.py for tasks to queue
[2025-11-09T15:31:42.048+0000] {logging_mixin.py:188} INFO - [2025-11-09T15:31:42.046+0000] {dagbag.py:545} INFO - Filling up the DagBag from /opt/airflow/dags/first_dag.py
[2025-11-09T15:31:42.098+0000] {processor.py:840} INFO - DAG(s) 'first_dag' retrieved from /opt/airflow/dags/first_dag.py
[2025-11-09T15:31:42.178+0000] {logging_mixin.py:188} INFO - [2025-11-09T15:31:42.177+0000] {dag.py:3089} INFO - Sync 1 DAGs
[2025-11-09T15:31:42.258+0000] {logging_mixin.py:188} INFO - [2025-11-09T15:31:42.257+0000] {dag.py:3947} INFO - Setting next_dagrun for first_dag to 2025-11-09 00:00:00+00:00, run_after=2025-11-10 00:00:00+00:00
[2025-11-09T15:31:42.301+0000] {processor.py:183} INFO - Processing /opt/airflow/dags/first_dag.py took 0.281 seconds
[2025-11-09T15:32:12.526+0000] {processor.py:161} INFO - Started process (PID=2122) to work on /opt/airflow/dags/first_dag.py
[2025-11-09T15:32:12.529+0000] {processor.py:830} INFO - Processing file /opt/airflow/dags/first_dag.py for tasks to queue
[2025-11-09T15:32:12.533+0000] {logging_mixin.py:188} INFO - [2025-11-09T15:32:12.532+0000] {dagbag.py:545} INFO - Filling up the DagBag from /opt/airflow/dags/first_dag.py
[2025-11-09T15:32:12.576+0000] {processor.py:840} INFO - DAG(s) 'first_dag' retrieved from /opt/airflow/dags/first_dag.py
[2025-11-09T15:32:12.656+0000] {logging_mixin.py:188} INFO - [2025-11-09T15:32:12.655+0000] {dag.py:3089} INFO - Sync 1 DAGs
[2025-11-09T15:32:12.691+0000] {logging_mixin.py:188} INFO - [2025-11-09T15:32:12.690+0000] {dag.py:3947} INFO - Setting next_dagrun for first_dag to 2025-11-09 00:00:00+00:00, run_after=2025-11-10 00:00:00+00:00
[2025-11-09T15:32:12.746+0000] {processor.py:183} INFO - Processing /opt/airflow/dags/first_dag.py took 0.239 seconds
[2025-11-09T15:32:42.878+0000] {processor.py:161} INFO - Started process (PID=2132) to work on /opt/airflow/dags/first_dag.py
[2025-11-09T15:32:42.879+0000] {processor.py:830} INFO - Processing file /opt/airflow/dags/first_dag.py for tasks to queue
[2025-11-09T15:32:42.882+0000] {logging_mixin.py:188} INFO - [2025-11-09T15:32:42.881+0000] {dagbag.py:545} INFO - Filling up the DagBag from /opt/airflow/dags/first_dag.py
[2025-11-09T15:32:42.903+0000] {processor.py:840} INFO - DAG(s) 'first_dag' retrieved from /opt/airflow/dags/first_dag.py
[2025-11-09T15:32:42.947+0000] {logging_mixin.py:188} INFO - [2025-11-09T15:32:42.946+0000] {dag.py:3089} INFO - Sync 1 DAGs
[2025-11-09T15:32:42.987+0000] {logging_mixin.py:188} INFO - [2025-11-09T15:32:42.986+0000] {dag.py:3947} INFO - Setting next_dagrun for first_dag to 2025-11-09 00:00:00+00:00, run_after=2025-11-10 00:00:00+00:00
[2025-11-09T15:32:43.022+0000] {processor.py:183} INFO - Processing /opt/airflow/dags/first_dag.py took 0.152 seconds
[2025-11-09T15:33:13.142+0000] {processor.py:161} INFO - Started process (PID=2142) to work on /opt/airflow/dags/first_dag.py
[2025-11-09T15:33:13.146+0000] {processor.py:830} INFO - Processing file /opt/airflow/dags/first_dag.py for tasks to queue
[2025-11-09T15:33:13.151+0000] {logging_mixin.py:188} INFO - [2025-11-09T15:33:13.150+0000] {dagbag.py:545} INFO - Filling up the DagBag from /opt/airflow/dags/first_dag.py
[2025-11-09T15:33:13.194+0000] {processor.py:840} INFO - DAG(s) 'first_dag' retrieved from /opt/airflow/dags/first_dag.py
[2025-11-09T15:33:13.278+0000] {logging_mixin.py:188} INFO - [2025-11-09T15:33:13.277+0000] {dag.py:3089} INFO - Sync 1 DAGs
[2025-11-09T15:33:13.347+0000] {logging_mixin.py:188} INFO - [2025-11-09T15:33:13.346+0000] {dag.py:3947} INFO - Setting next_dagrun for first_dag to 2025-11-09 00:00:00+00:00, run_after=2025-11-10 00:00:00+00:00
[2025-11-09T15:33:13.434+0000] {processor.py:183} INFO - Processing /opt/airflow/dags/first_dag.py took 0.312 seconds
[2025-11-09T15:33:43.510+0000] {processor.py:161} INFO - Started process (PID=2152) to work on /opt/airflow/dags/first_dag.py
[2025-11-09T15:33:43.514+0000] {processor.py:830} INFO - Processing file /opt/airflow/dags/first_dag.py for tasks to queue
[2025-11-09T15:33:43.518+0000] {logging_mixin.py:188} INFO - [2025-11-09T15:33:43.517+0000] {dagbag.py:545} INFO - Filling up the DagBag from /opt/airflow/dags/first_dag.py
[2025-11-09T15:33:43.553+0000] {processor.py:840} INFO - DAG(s) 'first_dag' retrieved from /opt/airflow/dags/first_dag.py
[2025-11-09T15:33:43.627+0000] {logging_mixin.py:188} INFO - [2025-11-09T15:33:43.626+0000] {dag.py:3089} INFO - Sync 1 DAGs
[2025-11-09T15:33:43.687+0000] {logging_mixin.py:188} INFO - [2025-11-09T15:33:43.687+0000] {dag.py:3947} INFO - Setting next_dagrun for first_dag to 2025-11-09 00:00:00+00:00, run_after=2025-11-10 00:00:00+00:00
[2025-11-09T15:33:43.757+0000] {processor.py:183} INFO - Processing /opt/airflow/dags/first_dag.py took 0.271 seconds
[2025-11-09T15:34:14.052+0000] {processor.py:161} INFO - Started process (PID=2162) to work on /opt/airflow/dags/first_dag.py
[2025-11-09T15:34:14.054+0000] {processor.py:830} INFO - Processing file /opt/airflow/dags/first_dag.py for tasks to queue
[2025-11-09T15:34:14.056+0000] {logging_mixin.py:188} INFO - [2025-11-09T15:34:14.056+0000] {dagbag.py:545} INFO - Filling up the DagBag from /opt/airflow/dags/first_dag.py
[2025-11-09T15:34:14.080+0000] {processor.py:840} INFO - DAG(s) 'first_dag' retrieved from /opt/airflow/dags/first_dag.py
[2025-11-09T15:34:14.126+0000] {logging_mixin.py:188} INFO - [2025-11-09T15:34:14.126+0000] {dag.py:3089} INFO - Sync 1 DAGs
[2025-11-09T15:34:14.173+0000] {logging_mixin.py:188} INFO - [2025-11-09T15:34:14.172+0000] {dag.py:3947} INFO - Setting next_dagrun for first_dag to 2025-11-09 00:00:00+00:00, run_after=2025-11-10 00:00:00+00:00
[2025-11-09T15:34:14.206+0000] {processor.py:183} INFO - Processing /opt/airflow/dags/first_dag.py took 0.162 seconds
[2025-11-09T15:34:44.545+0000] {processor.py:161} INFO - Started process (PID=2172) to work on /opt/airflow/dags/first_dag.py
[2025-11-09T15:34:44.550+0000] {processor.py:830} INFO - Processing file /opt/airflow/dags/first_dag.py for tasks to queue
[2025-11-09T15:34:44.555+0000] {logging_mixin.py:188} INFO - [2025-11-09T15:34:44.554+0000] {dagbag.py:545} INFO - Filling up the DagBag from /opt/airflow/dags/first_dag.py
[2025-11-09T15:34:44.588+0000] {processor.py:840} INFO - DAG(s) 'first_dag' retrieved from /opt/airflow/dags/first_dag.py
[2025-11-09T15:34:44.674+0000] {logging_mixin.py:188} INFO - [2025-11-09T15:34:44.674+0000] {dag.py:3089} INFO - Sync 1 DAGs
[2025-11-09T15:34:44.748+0000] {logging_mixin.py:188} INFO - [2025-11-09T15:34:44.748+0000] {dag.py:3947} INFO - Setting next_dagrun for first_dag to 2025-11-09 00:00:00+00:00, run_after=2025-11-10 00:00:00+00:00
[2025-11-09T15:34:44.812+0000] {processor.py:183} INFO - Processing /opt/airflow/dags/first_dag.py took 0.296 seconds
[2025-11-09T15:35:14.875+0000] {processor.py:161} INFO - Started process (PID=2182) to work on /opt/airflow/dags/first_dag.py
[2025-11-09T15:35:14.878+0000] {processor.py:830} INFO - Processing file /opt/airflow/dags/first_dag.py for tasks to queue
[2025-11-09T15:35:14.882+0000] {logging_mixin.py:188} INFO - [2025-11-09T15:35:14.881+0000] {dagbag.py:545} INFO - Filling up the DagBag from /opt/airflow/dags/first_dag.py
[2025-11-09T15:35:14.917+0000] {processor.py:840} INFO - DAG(s) 'first_dag' retrieved from /opt/airflow/dags/first_dag.py
[2025-11-09T15:35:14.989+0000] {logging_mixin.py:188} INFO - [2025-11-09T15:35:14.988+0000] {dag.py:3089} INFO - Sync 1 DAGs
[2025-11-09T15:35:15.036+0000] {logging_mixin.py:188} INFO - [2025-11-09T15:35:15.036+0000] {dag.py:3947} INFO - Setting next_dagrun for first_dag to 2025-11-09 00:00:00+00:00, run_after=2025-11-10 00:00:00+00:00
[2025-11-09T15:35:15.063+0000] {processor.py:183} INFO - Processing /opt/airflow/dags/first_dag.py took 0.205 seconds
[2025-11-09T15:35:45.141+0000] {processor.py:161} INFO - Started process (PID=2192) to work on /opt/airflow/dags/first_dag.py
[2025-11-09T15:35:45.142+0000] {processor.py:830} INFO - Processing file /opt/airflow/dags/first_dag.py for tasks to queue
[2025-11-09T15:35:45.143+0000] {logging_mixin.py:188} INFO - [2025-11-09T15:35:45.143+0000] {dagbag.py:545} INFO - Filling up the DagBag from /opt/airflow/dags/first_dag.py
[2025-11-09T15:35:45.162+0000] {processor.py:840} INFO - DAG(s) 'first_dag' retrieved from /opt/airflow/dags/first_dag.py
[2025-11-09T15:35:45.212+0000] {logging_mixin.py:188} INFO - [2025-11-09T15:35:45.212+0000] {dag.py:3089} INFO - Sync 1 DAGs
[2025-11-09T15:35:45.252+0000] {logging_mixin.py:188} INFO - [2025-11-09T15:35:45.252+0000] {dag.py:3947} INFO - Setting next_dagrun for first_dag to 2025-11-09 00:00:00+00:00, run_after=2025-11-10 00:00:00+00:00
[2025-11-09T15:35:45.290+0000] {processor.py:183} INFO - Processing /opt/airflow/dags/first_dag.py took 0.159 seconds
[2025-11-09T15:36:15.379+0000] {processor.py:161} INFO - Started process (PID=2202) to work on /opt/airflow/dags/first_dag.py
[2025-11-09T15:36:15.381+0000] {processor.py:830} INFO - Processing file /opt/airflow/dags/first_dag.py for tasks to queue
[2025-11-09T15:36:15.384+0000] {logging_mixin.py:188} INFO - [2025-11-09T15:36:15.383+0000] {dagbag.py:545} INFO - Filling up the DagBag from /opt/airflow/dags/first_dag.py
[2025-11-09T15:36:15.423+0000] {processor.py:840} INFO - DAG(s) 'first_dag' retrieved from /opt/airflow/dags/first_dag.py
[2025-11-09T15:36:15.497+0000] {logging_mixin.py:188} INFO - [2025-11-09T15:36:15.497+0000] {dag.py:3089} INFO - Sync 1 DAGs
[2025-11-09T15:36:15.559+0000] {logging_mixin.py:188} INFO - [2025-11-09T15:36:15.558+0000] {dag.py:3947} INFO - Setting next_dagrun for first_dag to 2025-11-09 00:00:00+00:00, run_after=2025-11-10 00:00:00+00:00
[2025-11-09T15:36:15.599+0000] {processor.py:183} INFO - Processing /opt/airflow/dags/first_dag.py took 0.235 seconds
[2025-11-09T15:36:45.656+0000] {processor.py:161} INFO - Started process (PID=2212) to work on /opt/airflow/dags/first_dag.py
[2025-11-09T15:36:45.658+0000] {processor.py:830} INFO - Processing file /opt/airflow/dags/first_dag.py for tasks to queue
[2025-11-09T15:36:45.661+0000] {logging_mixin.py:188} INFO - [2025-11-09T15:36:45.660+0000] {dagbag.py:545} INFO - Filling up the DagBag from /opt/airflow/dags/first_dag.py
[2025-11-09T15:36:45.688+0000] {processor.py:840} INFO - DAG(s) 'first_dag' retrieved from /opt/airflow/dags/first_dag.py
[2025-11-09T15:36:45.723+0000] {logging_mixin.py:188} INFO - [2025-11-09T15:36:45.722+0000] {dag.py:3089} INFO - Sync 1 DAGs
[2025-11-09T15:36:45.751+0000] {logging_mixin.py:188} INFO - [2025-11-09T15:36:45.750+0000] {dag.py:3947} INFO - Setting next_dagrun for first_dag to 2025-11-09 00:00:00+00:00, run_after=2025-11-10 00:00:00+00:00
[2025-11-09T15:36:45.773+0000] {processor.py:183} INFO - Processing /opt/airflow/dags/first_dag.py took 0.131 seconds
[2025-11-09T15:37:16.090+0000] {processor.py:161} INFO - Started process (PID=2222) to work on /opt/airflow/dags/first_dag.py
[2025-11-09T15:37:16.091+0000] {processor.py:830} INFO - Processing file /opt/airflow/dags/first_dag.py for tasks to queue
[2025-11-09T15:37:16.093+0000] {logging_mixin.py:188} INFO - [2025-11-09T15:37:16.092+0000] {dagbag.py:545} INFO - Filling up the DagBag from /opt/airflow/dags/first_dag.py
[2025-11-09T15:37:16.122+0000] {processor.py:840} INFO - DAG(s) 'first_dag' retrieved from /opt/airflow/dags/first_dag.py
[2025-11-09T15:37:16.192+0000] {logging_mixin.py:188} INFO - [2025-11-09T15:37:16.191+0000] {dag.py:3089} INFO - Sync 1 DAGs
[2025-11-09T15:37:16.253+0000] {logging_mixin.py:188} INFO - [2025-11-09T15:37:16.252+0000] {dag.py:3947} INFO - Setting next_dagrun for first_dag to 2025-11-09 00:00:00+00:00, run_after=2025-11-10 00:00:00+00:00
[2025-11-09T15:37:16.302+0000] {processor.py:183} INFO - Processing /opt/airflow/dags/first_dag.py took 0.226 seconds
[2025-11-09T15:37:46.382+0000] {processor.py:161} INFO - Started process (PID=2232) to work on /opt/airflow/dags/first_dag.py
[2025-11-09T15:37:46.383+0000] {processor.py:830} INFO - Processing file /opt/airflow/dags/first_dag.py for tasks to queue
[2025-11-09T15:37:46.384+0000] {logging_mixin.py:188} INFO - [2025-11-09T15:37:46.384+0000] {dagbag.py:545} INFO - Filling up the DagBag from /opt/airflow/dags/first_dag.py
[2025-11-09T15:37:46.403+0000] {processor.py:840} INFO - DAG(s) 'first_dag' retrieved from /opt/airflow/dags/first_dag.py
[2025-11-09T15:37:46.460+0000] {logging_mixin.py:188} INFO - [2025-11-09T15:37:46.459+0000] {dag.py:3089} INFO - Sync 1 DAGs
[2025-11-09T15:37:46.497+0000] {logging_mixin.py:188} INFO - [2025-11-09T15:37:46.497+0000] {dag.py:3947} INFO - Setting next_dagrun for first_dag to 2025-11-09 00:00:00+00:00, run_after=2025-11-10 00:00:00+00:00
[2025-11-09T15:37:46.532+0000] {processor.py:183} INFO - Processing /opt/airflow/dags/first_dag.py took 0.158 seconds
[2025-11-09T15:38:16.827+0000] {processor.py:161} INFO - Started process (PID=2242) to work on /opt/airflow/dags/first_dag.py
[2025-11-09T15:38:16.829+0000] {processor.py:830} INFO - Processing file /opt/airflow/dags/first_dag.py for tasks to queue
[2025-11-09T15:38:16.832+0000] {logging_mixin.py:188} INFO - [2025-11-09T15:38:16.831+0000] {dagbag.py:545} INFO - Filling up the DagBag from /opt/airflow/dags/first_dag.py
[2025-11-09T15:38:16.868+0000] {processor.py:840} INFO - DAG(s) 'first_dag' retrieved from /opt/airflow/dags/first_dag.py
[2025-11-09T15:38:16.927+0000] {logging_mixin.py:188} INFO - [2025-11-09T15:38:16.927+0000] {dag.py:3089} INFO - Sync 1 DAGs
[2025-11-09T15:38:16.961+0000] {logging_mixin.py:188} INFO - [2025-11-09T15:38:16.961+0000] {dag.py:3947} INFO - Setting next_dagrun for first_dag to 2025-11-09 00:00:00+00:00, run_after=2025-11-10 00:00:00+00:00
[2025-11-09T15:38:16.993+0000] {processor.py:183} INFO - Processing /opt/airflow/dags/first_dag.py took 0.180 seconds
[2025-11-09T15:38:47.243+0000] {processor.py:161} INFO - Started process (PID=2252) to work on /opt/airflow/dags/first_dag.py
[2025-11-09T15:38:47.245+0000] {processor.py:830} INFO - Processing file /opt/airflow/dags/first_dag.py for tasks to queue
[2025-11-09T15:38:47.247+0000] {logging_mixin.py:188} INFO - [2025-11-09T15:38:47.246+0000] {dagbag.py:545} INFO - Filling up the DagBag from /opt/airflow/dags/first_dag.py
[2025-11-09T15:38:47.262+0000] {processor.py:840} INFO - DAG(s) 'first_dag' retrieved from /opt/airflow/dags/first_dag.py
[2025-11-09T15:38:47.298+0000] {logging_mixin.py:188} INFO - [2025-11-09T15:38:47.297+0000] {dag.py:3089} INFO - Sync 1 DAGs
[2025-11-09T15:38:47.338+0000] {logging_mixin.py:188} INFO - [2025-11-09T15:38:47.338+0000] {dag.py:3947} INFO - Setting next_dagrun for first_dag to 2025-11-09 00:00:00+00:00, run_after=2025-11-10 00:00:00+00:00
[2025-11-09T15:38:47.363+0000] {processor.py:183} INFO - Processing /opt/airflow/dags/first_dag.py took 0.132 seconds
[2025-11-09T15:39:17.626+0000] {processor.py:161} INFO - Started process (PID=2262) to work on /opt/airflow/dags/first_dag.py
[2025-11-09T15:39:17.629+0000] {processor.py:830} INFO - Processing file /opt/airflow/dags/first_dag.py for tasks to queue
[2025-11-09T15:39:17.634+0000] {logging_mixin.py:188} INFO - [2025-11-09T15:39:17.633+0000] {dagbag.py:545} INFO - Filling up the DagBag from /opt/airflow/dags/first_dag.py
[2025-11-09T15:39:17.657+0000] {processor.py:840} INFO - DAG(s) 'first_dag' retrieved from /opt/airflow/dags/first_dag.py
[2025-11-09T15:39:17.707+0000] {logging_mixin.py:188} INFO - [2025-11-09T15:39:17.706+0000] {dag.py:3089} INFO - Sync 1 DAGs
[2025-11-09T15:39:17.740+0000] {logging_mixin.py:188} INFO - [2025-11-09T15:39:17.739+0000] {dag.py:3947} INFO - Setting next_dagrun for first_dag to 2025-11-09 00:00:00+00:00, run_after=2025-11-10 00:00:00+00:00
[2025-11-09T15:39:17.770+0000] {processor.py:183} INFO - Processing /opt/airflow/dags/first_dag.py took 0.151 seconds
[2025-11-09T15:39:48.023+0000] {processor.py:161} INFO - Started process (PID=2272) to work on /opt/airflow/dags/first_dag.py
[2025-11-09T15:39:48.025+0000] {processor.py:830} INFO - Processing file /opt/airflow/dags/first_dag.py for tasks to queue
[2025-11-09T15:39:48.030+0000] {logging_mixin.py:188} INFO - [2025-11-09T15:39:48.028+0000] {dagbag.py:545} INFO - Filling up the DagBag from /opt/airflow/dags/first_dag.py
[2025-11-09T15:39:48.066+0000] {processor.py:840} INFO - DAG(s) 'first_dag' retrieved from /opt/airflow/dags/first_dag.py
[2025-11-09T15:39:48.114+0000] {logging_mixin.py:188} INFO - [2025-11-09T15:39:48.113+0000] {dag.py:3089} INFO - Sync 1 DAGs
[2025-11-09T15:39:48.157+0000] {logging_mixin.py:188} INFO - [2025-11-09T15:39:48.156+0000] {dag.py:3947} INFO - Setting next_dagrun for first_dag to 2025-11-09 00:00:00+00:00, run_after=2025-11-10 00:00:00+00:00
[2025-11-09T15:39:48.198+0000] {processor.py:183} INFO - Processing /opt/airflow/dags/first_dag.py took 0.197 seconds
[2025-11-09T15:40:18.460+0000] {processor.py:161} INFO - Started process (PID=2282) to work on /opt/airflow/dags/first_dag.py
[2025-11-09T15:40:18.463+0000] {processor.py:830} INFO - Processing file /opt/airflow/dags/first_dag.py for tasks to queue
[2025-11-09T15:40:18.466+0000] {logging_mixin.py:188} INFO - [2025-11-09T15:40:18.465+0000] {dagbag.py:545} INFO - Filling up the DagBag from /opt/airflow/dags/first_dag.py
[2025-11-09T15:40:18.488+0000] {processor.py:840} INFO - DAG(s) 'first_dag' retrieved from /opt/airflow/dags/first_dag.py
[2025-11-09T15:40:18.557+0000] {logging_mixin.py:188} INFO - [2025-11-09T15:40:18.557+0000] {dag.py:3089} INFO - Sync 1 DAGs
[2025-11-09T15:40:18.608+0000] {logging_mixin.py:188} INFO - [2025-11-09T15:40:18.608+0000] {dag.py:3947} INFO - Setting next_dagrun for first_dag to 2025-11-09 00:00:00+00:00, run_after=2025-11-10 00:00:00+00:00
[2025-11-09T15:40:18.652+0000] {processor.py:183} INFO - Processing /opt/airflow/dags/first_dag.py took 0.200 seconds
[2025-11-09T15:40:48.797+0000] {processor.py:161} INFO - Started process (PID=2292) to work on /opt/airflow/dags/first_dag.py
[2025-11-09T15:40:48.799+0000] {processor.py:830} INFO - Processing file /opt/airflow/dags/first_dag.py for tasks to queue
[2025-11-09T15:40:48.806+0000] {logging_mixin.py:188} INFO - [2025-11-09T15:40:48.803+0000] {dagbag.py:545} INFO - Filling up the DagBag from /opt/airflow/dags/first_dag.py
[2025-11-09T15:40:48.842+0000] {processor.py:840} INFO - DAG(s) 'first_dag' retrieved from /opt/airflow/dags/first_dag.py
[2025-11-09T15:40:48.906+0000] {logging_mixin.py:188} INFO - [2025-11-09T15:40:48.905+0000] {dag.py:3089} INFO - Sync 1 DAGs
[2025-11-09T15:40:48.962+0000] {logging_mixin.py:188} INFO - [2025-11-09T15:40:48.962+0000] {dag.py:3947} INFO - Setting next_dagrun for first_dag to 2025-11-09 00:00:00+00:00, run_after=2025-11-10 00:00:00+00:00
[2025-11-09T15:40:49.022+0000] {processor.py:183} INFO - Processing /opt/airflow/dags/first_dag.py took 0.240 seconds
[2025-11-09T15:41:19.093+0000] {processor.py:161} INFO - Started process (PID=2302) to work on /opt/airflow/dags/first_dag.py
[2025-11-09T15:41:19.097+0000] {processor.py:830} INFO - Processing file /opt/airflow/dags/first_dag.py for tasks to queue
[2025-11-09T15:41:19.101+0000] {logging_mixin.py:188} INFO - [2025-11-09T15:41:19.099+0000] {dagbag.py:545} INFO - Filling up the DagBag from /opt/airflow/dags/first_dag.py
[2025-11-09T15:41:19.134+0000] {processor.py:840} INFO - DAG(s) 'first_dag' retrieved from /opt/airflow/dags/first_dag.py
[2025-11-09T15:41:19.213+0000] {logging_mixin.py:188} INFO - [2025-11-09T15:41:19.212+0000] {dag.py:3089} INFO - Sync 1 DAGs
[2025-11-09T15:41:19.259+0000] {logging_mixin.py:188} INFO - [2025-11-09T15:41:19.258+0000] {dag.py:3947} INFO - Setting next_dagrun for first_dag to 2025-11-09 00:00:00+00:00, run_after=2025-11-10 00:00:00+00:00
[2025-11-09T15:41:19.286+0000] {processor.py:183} INFO - Processing /opt/airflow/dags/first_dag.py took 0.209 seconds
[2025-11-09T15:41:49.443+0000] {processor.py:161} INFO - Started process (PID=2312) to work on /opt/airflow/dags/first_dag.py
[2025-11-09T15:41:49.445+0000] {processor.py:830} INFO - Processing file /opt/airflow/dags/first_dag.py for tasks to queue
[2025-11-09T15:41:49.448+0000] {logging_mixin.py:188} INFO - [2025-11-09T15:41:49.447+0000] {dagbag.py:545} INFO - Filling up the DagBag from /opt/airflow/dags/first_dag.py
[2025-11-09T15:41:49.480+0000] {processor.py:840} INFO - DAG(s) 'first_dag' retrieved from /opt/airflow/dags/first_dag.py
[2025-11-09T15:41:49.540+0000] {logging_mixin.py:188} INFO - [2025-11-09T15:41:49.540+0000] {dag.py:3089} INFO - Sync 1 DAGs
[2025-11-09T15:41:49.570+0000] {logging_mixin.py:188} INFO - [2025-11-09T15:41:49.570+0000] {dag.py:3947} INFO - Setting next_dagrun for first_dag to 2025-11-09 00:00:00+00:00, run_after=2025-11-10 00:00:00+00:00
[2025-11-09T15:41:49.603+0000] {processor.py:183} INFO - Processing /opt/airflow/dags/first_dag.py took 0.177 seconds
[2025-11-09T15:42:19.779+0000] {processor.py:161} INFO - Started process (PID=2322) to work on /opt/airflow/dags/first_dag.py
[2025-11-09T15:42:19.780+0000] {processor.py:830} INFO - Processing file /opt/airflow/dags/first_dag.py for tasks to queue
[2025-11-09T15:42:19.782+0000] {logging_mixin.py:188} INFO - [2025-11-09T15:42:19.782+0000] {dagbag.py:545} INFO - Filling up the DagBag from /opt/airflow/dags/first_dag.py
[2025-11-09T15:42:19.805+0000] {processor.py:840} INFO - DAG(s) 'first_dag' retrieved from /opt/airflow/dags/first_dag.py
[2025-11-09T15:42:19.862+0000] {logging_mixin.py:188} INFO - [2025-11-09T15:42:19.861+0000] {dag.py:3089} INFO - Sync 1 DAGs
[2025-11-09T15:42:19.909+0000] {logging_mixin.py:188} INFO - [2025-11-09T15:42:19.909+0000] {dag.py:3947} INFO - Setting next_dagrun for first_dag to 2025-11-09 00:00:00+00:00, run_after=2025-11-10 00:00:00+00:00
[2025-11-09T15:42:19.950+0000] {processor.py:183} INFO - Processing /opt/airflow/dags/first_dag.py took 0.180 seconds
[2025-11-09T15:42:50.056+0000] {processor.py:161} INFO - Started process (PID=2332) to work on /opt/airflow/dags/first_dag.py
[2025-11-09T15:42:50.059+0000] {processor.py:830} INFO - Processing file /opt/airflow/dags/first_dag.py for tasks to queue
[2025-11-09T15:42:50.062+0000] {logging_mixin.py:188} INFO - [2025-11-09T15:42:50.061+0000] {dagbag.py:545} INFO - Filling up the DagBag from /opt/airflow/dags/first_dag.py
[2025-11-09T15:42:50.110+0000] {processor.py:840} INFO - DAG(s) 'first_dag' retrieved from /opt/airflow/dags/first_dag.py
[2025-11-09T15:42:50.166+0000] {logging_mixin.py:188} INFO - [2025-11-09T15:42:50.166+0000] {dag.py:3089} INFO - Sync 1 DAGs
[2025-11-09T15:42:50.208+0000] {logging_mixin.py:188} INFO - [2025-11-09T15:42:50.208+0000] {dag.py:3947} INFO - Setting next_dagrun for first_dag to 2025-11-09 00:00:00+00:00, run_after=2025-11-10 00:00:00+00:00
[2025-11-09T15:42:50.235+0000] {processor.py:183} INFO - Processing /opt/airflow/dags/first_dag.py took 0.200 seconds
[2025-11-09T15:43:20.509+0000] {processor.py:161} INFO - Started process (PID=2342) to work on /opt/airflow/dags/first_dag.py
[2025-11-09T15:43:20.511+0000] {processor.py:830} INFO - Processing file /opt/airflow/dags/first_dag.py for tasks to queue
[2025-11-09T15:43:20.517+0000] {logging_mixin.py:188} INFO - [2025-11-09T15:43:20.514+0000] {dagbag.py:545} INFO - Filling up the DagBag from /opt/airflow/dags/first_dag.py
[2025-11-09T15:43:20.550+0000] {processor.py:840} INFO - DAG(s) 'first_dag' retrieved from /opt/airflow/dags/first_dag.py
[2025-11-09T15:43:20.635+0000] {logging_mixin.py:188} INFO - [2025-11-09T15:43:20.634+0000] {dag.py:3089} INFO - Sync 1 DAGs
[2025-11-09T15:43:20.673+0000] {logging_mixin.py:188} INFO - [2025-11-09T15:43:20.673+0000] {dag.py:3947} INFO - Setting next_dagrun for first_dag to 2025-11-09 00:00:00+00:00, run_after=2025-11-10 00:00:00+00:00
[2025-11-09T15:43:20.731+0000] {processor.py:183} INFO - Processing /opt/airflow/dags/first_dag.py took 0.239 seconds
[2025-11-09T15:43:50.852+0000] {processor.py:161} INFO - Started process (PID=2352) to work on /opt/airflow/dags/first_dag.py
[2025-11-09T15:43:50.859+0000] {processor.py:830} INFO - Processing file /opt/airflow/dags/first_dag.py for tasks to queue
[2025-11-09T15:43:50.863+0000] {logging_mixin.py:188} INFO - [2025-11-09T15:43:50.862+0000] {dagbag.py:545} INFO - Filling up the DagBag from /opt/airflow/dags/first_dag.py
[2025-11-09T15:43:50.905+0000] {processor.py:840} INFO - DAG(s) 'first_dag' retrieved from /opt/airflow/dags/first_dag.py
[2025-11-09T15:43:51.011+0000] {logging_mixin.py:188} INFO - [2025-11-09T15:43:51.010+0000] {dag.py:3089} INFO - Sync 1 DAGs
[2025-11-09T15:43:51.101+0000] {logging_mixin.py:188} INFO - [2025-11-09T15:43:51.101+0000] {dag.py:3947} INFO - Setting next_dagrun for first_dag to 2025-11-09 00:00:00+00:00, run_after=2025-11-10 00:00:00+00:00
[2025-11-09T15:43:51.214+0000] {processor.py:183} INFO - Processing /opt/airflow/dags/first_dag.py took 0.379 seconds
[2025-11-09T15:44:22.191+0000] {processor.py:161} INFO - Started process (PID=2362) to work on /opt/airflow/dags/first_dag.py
[2025-11-09T15:44:22.193+0000] {processor.py:830} INFO - Processing file /opt/airflow/dags/first_dag.py for tasks to queue
[2025-11-09T15:44:22.198+0000] {logging_mixin.py:188} INFO - [2025-11-09T15:44:22.197+0000] {dagbag.py:545} INFO - Filling up the DagBag from /opt/airflow/dags/first_dag.py
[2025-11-09T15:44:22.236+0000] {processor.py:840} INFO - DAG(s) 'first_dag' retrieved from /opt/airflow/dags/first_dag.py
[2025-11-09T15:44:22.283+0000] {logging_mixin.py:188} INFO - [2025-11-09T15:44:22.283+0000] {dag.py:3089} INFO - Sync 1 DAGs
[2025-11-09T15:44:22.315+0000] {logging_mixin.py:188} INFO - [2025-11-09T15:44:22.315+0000] {dag.py:3947} INFO - Setting next_dagrun for first_dag to 2025-11-09 00:00:00+00:00, run_after=2025-11-10 00:00:00+00:00
[2025-11-09T15:44:22.363+0000] {processor.py:183} INFO - Processing /opt/airflow/dags/first_dag.py took 0.190 seconds
[2025-11-09T15:44:52.469+0000] {processor.py:161} INFO - Started process (PID=2372) to work on /opt/airflow/dags/first_dag.py
[2025-11-09T15:44:52.471+0000] {processor.py:830} INFO - Processing file /opt/airflow/dags/first_dag.py for tasks to queue
[2025-11-09T15:44:52.474+0000] {logging_mixin.py:188} INFO - [2025-11-09T15:44:52.473+0000] {dagbag.py:545} INFO - Filling up the DagBag from /opt/airflow/dags/first_dag.py
[2025-11-09T15:44:52.495+0000] {processor.py:840} INFO - DAG(s) 'first_dag' retrieved from /opt/airflow/dags/first_dag.py
[2025-11-09T15:44:52.544+0000] {logging_mixin.py:188} INFO - [2025-11-09T15:44:52.544+0000] {dag.py:3089} INFO - Sync 1 DAGs
[2025-11-09T15:44:52.594+0000] {logging_mixin.py:188} INFO - [2025-11-09T15:44:52.594+0000] {dag.py:3947} INFO - Setting next_dagrun for first_dag to 2025-11-09 00:00:00+00:00, run_after=2025-11-10 00:00:00+00:00
[2025-11-09T15:44:52.622+0000] {processor.py:183} INFO - Processing /opt/airflow/dags/first_dag.py took 0.162 seconds
[2025-11-09T15:45:22.881+0000] {processor.py:161} INFO - Started process (PID=2382) to work on /opt/airflow/dags/first_dag.py
[2025-11-09T15:45:22.884+0000] {processor.py:830} INFO - Processing file /opt/airflow/dags/first_dag.py for tasks to queue
[2025-11-09T15:45:22.888+0000] {logging_mixin.py:188} INFO - [2025-11-09T15:45:22.887+0000] {dagbag.py:545} INFO - Filling up the DagBag from /opt/airflow/dags/first_dag.py
[2025-11-09T15:45:22.927+0000] {processor.py:840} INFO - DAG(s) 'first_dag' retrieved from /opt/airflow/dags/first_dag.py
[2025-11-09T15:45:22.994+0000] {logging_mixin.py:188} INFO - [2025-11-09T15:45:22.993+0000] {dag.py:3089} INFO - Sync 1 DAGs
[2025-11-09T15:45:23.049+0000] {logging_mixin.py:188} INFO - [2025-11-09T15:45:23.048+0000] {dag.py:3947} INFO - Setting next_dagrun for first_dag to 2025-11-09 00:00:00+00:00, run_after=2025-11-10 00:00:00+00:00
[2025-11-09T15:45:23.072+0000] {processor.py:183} INFO - Processing /opt/airflow/dags/first_dag.py took 0.211 seconds
[2025-11-09T15:45:53.185+0000] {processor.py:161} INFO - Started process (PID=2392) to work on /opt/airflow/dags/first_dag.py
[2025-11-09T15:45:53.187+0000] {processor.py:830} INFO - Processing file /opt/airflow/dags/first_dag.py for tasks to queue
[2025-11-09T15:45:53.190+0000] {logging_mixin.py:188} INFO - [2025-11-09T15:45:53.189+0000] {dagbag.py:545} INFO - Filling up the DagBag from /opt/airflow/dags/first_dag.py
[2025-11-09T15:45:53.224+0000] {processor.py:840} INFO - DAG(s) 'first_dag' retrieved from /opt/airflow/dags/first_dag.py
[2025-11-09T15:45:53.285+0000] {logging_mixin.py:188} INFO - [2025-11-09T15:45:53.285+0000] {dag.py:3089} INFO - Sync 1 DAGs
[2025-11-09T15:45:53.312+0000] {logging_mixin.py:188} INFO - [2025-11-09T15:45:53.312+0000] {dag.py:3947} INFO - Setting next_dagrun for first_dag to 2025-11-09 00:00:00+00:00, run_after=2025-11-10 00:00:00+00:00
[2025-11-09T15:45:53.333+0000] {processor.py:183} INFO - Processing /opt/airflow/dags/first_dag.py took 0.163 seconds
[2025-11-09T15:46:23.608+0000] {processor.py:161} INFO - Started process (PID=2402) to work on /opt/airflow/dags/first_dag.py
[2025-11-09T15:46:23.610+0000] {processor.py:830} INFO - Processing file /opt/airflow/dags/first_dag.py for tasks to queue
[2025-11-09T15:46:23.612+0000] {logging_mixin.py:188} INFO - [2025-11-09T15:46:23.611+0000] {dagbag.py:545} INFO - Filling up the DagBag from /opt/airflow/dags/first_dag.py
[2025-11-09T15:46:23.628+0000] {processor.py:840} INFO - DAG(s) 'first_dag' retrieved from /opt/airflow/dags/first_dag.py
[2025-11-09T15:46:23.679+0000] {logging_mixin.py:188} INFO - [2025-11-09T15:46:23.679+0000] {dag.py:3089} INFO - Sync 1 DAGs
[2025-11-09T15:46:23.718+0000] {logging_mixin.py:188} INFO - [2025-11-09T15:46:23.717+0000] {dag.py:3947} INFO - Setting next_dagrun for first_dag to 2025-11-09 00:00:00+00:00, run_after=2025-11-10 00:00:00+00:00
[2025-11-09T15:46:23.751+0000] {processor.py:183} INFO - Processing /opt/airflow/dags/first_dag.py took 0.152 seconds
[2025-11-09T15:46:53.894+0000] {processor.py:161} INFO - Started process (PID=2412) to work on /opt/airflow/dags/first_dag.py
[2025-11-09T15:46:53.895+0000] {processor.py:830} INFO - Processing file /opt/airflow/dags/first_dag.py for tasks to queue
[2025-11-09T15:46:53.897+0000] {logging_mixin.py:188} INFO - [2025-11-09T15:46:53.896+0000] {dagbag.py:545} INFO - Filling up the DagBag from /opt/airflow/dags/first_dag.py
[2025-11-09T15:46:53.916+0000] {processor.py:840} INFO - DAG(s) 'first_dag' retrieved from /opt/airflow/dags/first_dag.py
[2025-11-09T15:46:53.975+0000] {logging_mixin.py:188} INFO - [2025-11-09T15:46:53.974+0000] {dag.py:3089} INFO - Sync 1 DAGs
[2025-11-09T15:46:54.012+0000] {logging_mixin.py:188} INFO - [2025-11-09T15:46:54.012+0000] {dag.py:3947} INFO - Setting next_dagrun for first_dag to 2025-11-09 00:00:00+00:00, run_after=2025-11-10 00:00:00+00:00
[2025-11-09T15:46:54.046+0000] {processor.py:183} INFO - Processing /opt/airflow/dags/first_dag.py took 0.163 seconds
[2025-11-09T15:47:24.208+0000] {processor.py:161} INFO - Started process (PID=2422) to work on /opt/airflow/dags/first_dag.py
[2025-11-09T15:47:24.210+0000] {processor.py:830} INFO - Processing file /opt/airflow/dags/first_dag.py for tasks to queue
[2025-11-09T15:47:24.212+0000] {logging_mixin.py:188} INFO - [2025-11-09T15:47:24.211+0000] {dagbag.py:545} INFO - Filling up the DagBag from /opt/airflow/dags/first_dag.py
[2025-11-09T15:47:24.230+0000] {processor.py:840} INFO - DAG(s) 'first_dag' retrieved from /opt/airflow/dags/first_dag.py
[2025-11-09T15:47:24.272+0000] {logging_mixin.py:188} INFO - [2025-11-09T15:47:24.271+0000] {dag.py:3089} INFO - Sync 1 DAGs
[2025-11-09T15:47:24.302+0000] {logging_mixin.py:188} INFO - [2025-11-09T15:47:24.301+0000] {dag.py:3947} INFO - Setting next_dagrun for first_dag to 2025-11-09 00:00:00+00:00, run_after=2025-11-10 00:00:00+00:00
[2025-11-09T15:47:24.320+0000] {processor.py:183} INFO - Processing /opt/airflow/dags/first_dag.py took 0.126 seconds
[2025-11-09T15:47:54.609+0000] {processor.py:161} INFO - Started process (PID=2432) to work on /opt/airflow/dags/first_dag.py
[2025-11-09T15:47:54.612+0000] {processor.py:830} INFO - Processing file /opt/airflow/dags/first_dag.py for tasks to queue
[2025-11-09T15:47:54.620+0000] {logging_mixin.py:188} INFO - [2025-11-09T15:47:54.617+0000] {dagbag.py:545} INFO - Filling up the DagBag from /opt/airflow/dags/first_dag.py
[2025-11-09T15:47:54.656+0000] {processor.py:840} INFO - DAG(s) 'first_dag' retrieved from /opt/airflow/dags/first_dag.py
[2025-11-09T15:47:54.717+0000] {logging_mixin.py:188} INFO - [2025-11-09T15:47:54.717+0000] {dag.py:3089} INFO - Sync 1 DAGs
[2025-11-09T15:47:54.750+0000] {logging_mixin.py:188} INFO - [2025-11-09T15:47:54.750+0000] {dag.py:3947} INFO - Setting next_dagrun for first_dag to 2025-11-09 00:00:00+00:00, run_after=2025-11-10 00:00:00+00:00
[2025-11-09T15:47:54.785+0000] {processor.py:183} INFO - Processing /opt/airflow/dags/first_dag.py took 0.195 seconds
[2025-11-09T15:48:24.850+0000] {processor.py:161} INFO - Started process (PID=2442) to work on /opt/airflow/dags/first_dag.py
[2025-11-09T15:48:24.851+0000] {processor.py:830} INFO - Processing file /opt/airflow/dags/first_dag.py for tasks to queue
[2025-11-09T15:48:24.853+0000] {logging_mixin.py:188} INFO - [2025-11-09T15:48:24.852+0000] {dagbag.py:545} INFO - Filling up the DagBag from /opt/airflow/dags/first_dag.py
[2025-11-09T15:48:24.873+0000] {processor.py:840} INFO - DAG(s) 'first_dag' retrieved from /opt/airflow/dags/first_dag.py
[2025-11-09T15:48:24.911+0000] {logging_mixin.py:188} INFO - [2025-11-09T15:48:24.911+0000] {dag.py:3089} INFO - Sync 1 DAGs
[2025-11-09T15:48:24.944+0000] {logging_mixin.py:188} INFO - [2025-11-09T15:48:24.944+0000] {dag.py:3947} INFO - Setting next_dagrun for first_dag to 2025-11-09 00:00:00+00:00, run_after=2025-11-10 00:00:00+00:00
[2025-11-09T15:48:24.966+0000] {processor.py:183} INFO - Processing /opt/airflow/dags/first_dag.py took 0.127 seconds
[2025-11-09T15:48:55.224+0000] {processor.py:161} INFO - Started process (PID=2452) to work on /opt/airflow/dags/first_dag.py
[2025-11-09T15:48:55.229+0000] {processor.py:830} INFO - Processing file /opt/airflow/dags/first_dag.py for tasks to queue
[2025-11-09T15:48:55.232+0000] {logging_mixin.py:188} INFO - [2025-11-09T15:48:55.231+0000] {dagbag.py:545} INFO - Filling up the DagBag from /opt/airflow/dags/first_dag.py
[2025-11-09T15:48:55.284+0000] {processor.py:840} INFO - DAG(s) 'first_dag' retrieved from /opt/airflow/dags/first_dag.py
[2025-11-09T15:48:55.363+0000] {logging_mixin.py:188} INFO - [2025-11-09T15:48:55.363+0000] {dag.py:3089} INFO - Sync 1 DAGs
[2025-11-09T15:48:55.423+0000] {logging_mixin.py:188} INFO - [2025-11-09T15:48:55.422+0000] {dag.py:3947} INFO - Setting next_dagrun for first_dag to 2025-11-09 00:00:00+00:00, run_after=2025-11-10 00:00:00+00:00
[2025-11-09T15:48:55.477+0000] {processor.py:183} INFO - Processing /opt/airflow/dags/first_dag.py took 0.270 seconds
[2025-11-09T15:49:25.673+0000] {processor.py:161} INFO - Started process (PID=2462) to work on /opt/airflow/dags/first_dag.py
[2025-11-09T15:49:25.675+0000] {processor.py:830} INFO - Processing file /opt/airflow/dags/first_dag.py for tasks to queue
[2025-11-09T15:49:25.678+0000] {logging_mixin.py:188} INFO - [2025-11-09T15:49:25.677+0000] {dagbag.py:545} INFO - Filling up the DagBag from /opt/airflow/dags/first_dag.py
[2025-11-09T15:49:25.724+0000] {processor.py:840} INFO - DAG(s) 'first_dag' retrieved from /opt/airflow/dags/first_dag.py
[2025-11-09T15:49:25.807+0000] {logging_mixin.py:188} INFO - [2025-11-09T15:49:25.807+0000] {dag.py:3089} INFO - Sync 1 DAGs
[2025-11-09T15:49:25.840+0000] {logging_mixin.py:188} INFO - [2025-11-09T15:49:25.839+0000] {dag.py:3947} INFO - Setting next_dagrun for first_dag to 2025-11-09 00:00:00+00:00, run_after=2025-11-10 00:00:00+00:00
[2025-11-09T15:49:25.876+0000] {processor.py:183} INFO - Processing /opt/airflow/dags/first_dag.py took 0.219 seconds
[2025-11-09T15:49:56.005+0000] {processor.py:161} INFO - Started process (PID=2472) to work on /opt/airflow/dags/first_dag.py
[2025-11-09T15:49:56.006+0000] {processor.py:830} INFO - Processing file /opt/airflow/dags/first_dag.py for tasks to queue
[2025-11-09T15:49:56.008+0000] {logging_mixin.py:188} INFO - [2025-11-09T15:49:56.007+0000] {dagbag.py:545} INFO - Filling up the DagBag from /opt/airflow/dags/first_dag.py
[2025-11-09T15:49:56.036+0000] {processor.py:840} INFO - DAG(s) 'first_dag' retrieved from /opt/airflow/dags/first_dag.py
[2025-11-09T15:49:56.081+0000] {logging_mixin.py:188} INFO - [2025-11-09T15:49:56.081+0000] {dag.py:3089} INFO - Sync 1 DAGs
[2025-11-09T15:49:56.124+0000] {logging_mixin.py:188} INFO - [2025-11-09T15:49:56.124+0000] {dag.py:3947} INFO - Setting next_dagrun for first_dag to 2025-11-09 00:00:00+00:00, run_after=2025-11-10 00:00:00+00:00
[2025-11-09T15:49:56.166+0000] {processor.py:183} INFO - Processing /opt/airflow/dags/first_dag.py took 0.177 seconds
[2025-11-09T15:50:26.237+0000] {processor.py:161} INFO - Started process (PID=2482) to work on /opt/airflow/dags/first_dag.py
[2025-11-09T15:50:26.240+0000] {processor.py:830} INFO - Processing file /opt/airflow/dags/first_dag.py for tasks to queue
[2025-11-09T15:50:26.243+0000] {logging_mixin.py:188} INFO - [2025-11-09T15:50:26.241+0000] {dagbag.py:545} INFO - Filling up the DagBag from /opt/airflow/dags/first_dag.py
[2025-11-09T15:50:26.269+0000] {processor.py:840} INFO - DAG(s) 'first_dag' retrieved from /opt/airflow/dags/first_dag.py
[2025-11-09T15:50:26.339+0000] {logging_mixin.py:188} INFO - [2025-11-09T15:50:26.339+0000] {dag.py:3089} INFO - Sync 1 DAGs
[2025-11-09T15:50:26.363+0000] {logging_mixin.py:188} INFO - [2025-11-09T15:50:26.363+0000] {dag.py:3947} INFO - Setting next_dagrun for first_dag to 2025-11-09 00:00:00+00:00, run_after=2025-11-10 00:00:00+00:00
[2025-11-09T15:50:26.392+0000] {processor.py:183} INFO - Processing /opt/airflow/dags/first_dag.py took 0.172 seconds
[2025-11-09T15:50:56.531+0000] {processor.py:161} INFO - Started process (PID=2492) to work on /opt/airflow/dags/first_dag.py
[2025-11-09T15:50:56.533+0000] {processor.py:830} INFO - Processing file /opt/airflow/dags/first_dag.py for tasks to queue
[2025-11-09T15:50:56.535+0000] {logging_mixin.py:188} INFO - [2025-11-09T15:50:56.534+0000] {dagbag.py:545} INFO - Filling up the DagBag from /opt/airflow/dags/first_dag.py
[2025-11-09T15:50:56.564+0000] {processor.py:840} INFO - DAG(s) 'first_dag' retrieved from /opt/airflow/dags/first_dag.py
[2025-11-09T15:50:56.642+0000] {logging_mixin.py:188} INFO - [2025-11-09T15:50:56.641+0000] {dag.py:3089} INFO - Sync 1 DAGs
[2025-11-09T15:50:56.671+0000] {logging_mixin.py:188} INFO - [2025-11-09T15:50:56.671+0000] {dag.py:3947} INFO - Setting next_dagrun for first_dag to 2025-11-09 00:00:00+00:00, run_after=2025-11-10 00:00:00+00:00
[2025-11-09T15:50:56.693+0000] {processor.py:183} INFO - Processing /opt/airflow/dags/first_dag.py took 0.177 seconds
[2025-11-09T15:51:26.887+0000] {processor.py:161} INFO - Started process (PID=2502) to work on /opt/airflow/dags/first_dag.py
[2025-11-09T15:51:26.888+0000] {processor.py:830} INFO - Processing file /opt/airflow/dags/first_dag.py for tasks to queue
[2025-11-09T15:51:26.890+0000] {logging_mixin.py:188} INFO - [2025-11-09T15:51:26.890+0000] {dagbag.py:545} INFO - Filling up the DagBag from /opt/airflow/dags/first_dag.py
[2025-11-09T15:51:26.908+0000] {processor.py:840} INFO - DAG(s) 'first_dag' retrieved from /opt/airflow/dags/first_dag.py
[2025-11-09T15:51:26.947+0000] {logging_mixin.py:188} INFO - [2025-11-09T15:51:26.947+0000] {dag.py:3089} INFO - Sync 1 DAGs
[2025-11-09T15:51:26.988+0000] {logging_mixin.py:188} INFO - [2025-11-09T15:51:26.987+0000] {dag.py:3947} INFO - Setting next_dagrun for first_dag to 2025-11-09 00:00:00+00:00, run_after=2025-11-10 00:00:00+00:00
[2025-11-09T15:51:27.014+0000] {processor.py:183} INFO - Processing /opt/airflow/dags/first_dag.py took 0.137 seconds
[2025-11-09T15:51:57.121+0000] {processor.py:161} INFO - Started process (PID=2512) to work on /opt/airflow/dags/first_dag.py
[2025-11-09T15:51:57.124+0000] {processor.py:830} INFO - Processing file /opt/airflow/dags/first_dag.py for tasks to queue
[2025-11-09T15:51:57.129+0000] {logging_mixin.py:188} INFO - [2025-11-09T15:51:57.127+0000] {dagbag.py:545} INFO - Filling up the DagBag from /opt/airflow/dags/first_dag.py
[2025-11-09T15:51:57.162+0000] {processor.py:840} INFO - DAG(s) 'first_dag' retrieved from /opt/airflow/dags/first_dag.py
[2025-11-09T15:51:57.231+0000] {logging_mixin.py:188} INFO - [2025-11-09T15:51:57.230+0000] {dag.py:3089} INFO - Sync 1 DAGs
[2025-11-09T15:51:57.284+0000] {logging_mixin.py:188} INFO - [2025-11-09T15:51:57.283+0000] {dag.py:3947} INFO - Setting next_dagrun for first_dag to 2025-11-09 00:00:00+00:00, run_after=2025-11-10 00:00:00+00:00
[2025-11-09T15:51:57.316+0000] {processor.py:183} INFO - Processing /opt/airflow/dags/first_dag.py took 0.210 seconds
[2025-11-09T15:52:27.374+0000] {processor.py:161} INFO - Started process (PID=2522) to work on /opt/airflow/dags/first_dag.py
[2025-11-09T15:52:27.376+0000] {processor.py:830} INFO - Processing file /opt/airflow/dags/first_dag.py for tasks to queue
[2025-11-09T15:52:27.379+0000] {logging_mixin.py:188} INFO - [2025-11-09T15:52:27.378+0000] {dagbag.py:545} INFO - Filling up the DagBag from /opt/airflow/dags/first_dag.py
[2025-11-09T15:52:27.404+0000] {processor.py:840} INFO - DAG(s) 'first_dag' retrieved from /opt/airflow/dags/first_dag.py
[2025-11-09T15:52:27.472+0000] {logging_mixin.py:188} INFO - [2025-11-09T15:52:27.472+0000] {dag.py:3089} INFO - Sync 1 DAGs
[2025-11-09T15:52:27.498+0000] {logging_mixin.py:188} INFO - [2025-11-09T15:52:27.498+0000] {dag.py:3947} INFO - Setting next_dagrun for first_dag to 2025-11-09 00:00:00+00:00, run_after=2025-11-10 00:00:00+00:00
[2025-11-09T15:52:27.525+0000] {processor.py:183} INFO - Processing /opt/airflow/dags/first_dag.py took 0.166 seconds
[2025-11-09T15:52:57.742+0000] {processor.py:161} INFO - Started process (PID=2532) to work on /opt/airflow/dags/first_dag.py
[2025-11-09T15:52:57.743+0000] {processor.py:830} INFO - Processing file /opt/airflow/dags/first_dag.py for tasks to queue
[2025-11-09T15:52:57.744+0000] {logging_mixin.py:188} INFO - [2025-11-09T15:52:57.744+0000] {dagbag.py:545} INFO - Filling up the DagBag from /opt/airflow/dags/first_dag.py
[2025-11-09T15:52:57.765+0000] {processor.py:840} INFO - DAG(s) 'first_dag' retrieved from /opt/airflow/dags/first_dag.py
[2025-11-09T15:52:57.809+0000] {logging_mixin.py:188} INFO - [2025-11-09T15:52:57.808+0000] {dag.py:3089} INFO - Sync 1 DAGs
[2025-11-09T15:52:57.846+0000] {logging_mixin.py:188} INFO - [2025-11-09T15:52:57.845+0000] {dag.py:3947} INFO - Setting next_dagrun for first_dag to 2025-11-09 00:00:00+00:00, run_after=2025-11-10 00:00:00+00:00
[2025-11-09T15:52:57.877+0000] {processor.py:183} INFO - Processing /opt/airflow/dags/first_dag.py took 0.144 seconds
[2025-11-09T15:53:27.974+0000] {processor.py:161} INFO - Started process (PID=2542) to work on /opt/airflow/dags/first_dag.py
[2025-11-09T15:53:27.976+0000] {processor.py:830} INFO - Processing file /opt/airflow/dags/first_dag.py for tasks to queue
[2025-11-09T15:53:27.979+0000] {logging_mixin.py:188} INFO - [2025-11-09T15:53:27.978+0000] {dagbag.py:545} INFO - Filling up the DagBag from /opt/airflow/dags/first_dag.py
[2025-11-09T15:53:28.010+0000] {processor.py:840} INFO - DAG(s) 'first_dag' retrieved from /opt/airflow/dags/first_dag.py
[2025-11-09T15:53:28.075+0000] {logging_mixin.py:188} INFO - [2025-11-09T15:53:28.075+0000] {dag.py:3089} INFO - Sync 1 DAGs
[2025-11-09T15:53:28.101+0000] {logging_mixin.py:188} INFO - [2025-11-09T15:53:28.101+0000] {dag.py:3947} INFO - Setting next_dagrun for first_dag to 2025-11-09 00:00:00+00:00, run_after=2025-11-10 00:00:00+00:00
[2025-11-09T15:53:28.122+0000] {processor.py:183} INFO - Processing /opt/airflow/dags/first_dag.py took 0.164 seconds
[2025-11-09T15:53:58.247+0000] {processor.py:161} INFO - Started process (PID=2552) to work on /opt/airflow/dags/first_dag.py
[2025-11-09T15:53:58.250+0000] {processor.py:830} INFO - Processing file /opt/airflow/dags/first_dag.py for tasks to queue
[2025-11-09T15:53:58.255+0000] {logging_mixin.py:188} INFO - [2025-11-09T15:53:58.252+0000] {dagbag.py:545} INFO - Filling up the DagBag from /opt/airflow/dags/first_dag.py
[2025-11-09T15:53:58.288+0000] {processor.py:840} INFO - DAG(s) 'first_dag' retrieved from /opt/airflow/dags/first_dag.py
[2025-11-09T15:53:58.339+0000] {logging_mixin.py:188} INFO - [2025-11-09T15:53:58.339+0000] {dag.py:3089} INFO - Sync 1 DAGs
[2025-11-09T15:53:58.373+0000] {logging_mixin.py:188} INFO - [2025-11-09T15:53:58.373+0000] {dag.py:3947} INFO - Setting next_dagrun for first_dag to 2025-11-09 00:00:00+00:00, run_after=2025-11-10 00:00:00+00:00
[2025-11-09T15:53:58.396+0000] {processor.py:183} INFO - Processing /opt/airflow/dags/first_dag.py took 0.168 seconds
[2025-11-09T15:54:28.469+0000] {processor.py:161} INFO - Started process (PID=2562) to work on /opt/airflow/dags/first_dag.py
[2025-11-09T15:54:28.470+0000] {processor.py:830} INFO - Processing file /opt/airflow/dags/first_dag.py for tasks to queue
[2025-11-09T15:54:28.471+0000] {logging_mixin.py:188} INFO - [2025-11-09T15:54:28.471+0000] {dagbag.py:545} INFO - Filling up the DagBag from /opt/airflow/dags/first_dag.py
[2025-11-09T15:54:28.486+0000] {processor.py:840} INFO - DAG(s) 'first_dag' retrieved from /opt/airflow/dags/first_dag.py
[2025-11-09T15:54:28.520+0000] {logging_mixin.py:188} INFO - [2025-11-09T15:54:28.520+0000] {dag.py:3089} INFO - Sync 1 DAGs
[2025-11-09T15:54:28.556+0000] {logging_mixin.py:188} INFO - [2025-11-09T15:54:28.556+0000] {dag.py:3947} INFO - Setting next_dagrun for first_dag to 2025-11-09 00:00:00+00:00, run_after=2025-11-10 00:00:00+00:00
[2025-11-09T15:54:28.606+0000] {processor.py:183} INFO - Processing /opt/airflow/dags/first_dag.py took 0.148 seconds
[2025-11-09T15:54:58.839+0000] {processor.py:161} INFO - Started process (PID=2572) to work on /opt/airflow/dags/first_dag.py
[2025-11-09T15:54:58.842+0000] {processor.py:830} INFO - Processing file /opt/airflow/dags/first_dag.py for tasks to queue
[2025-11-09T15:54:58.846+0000] {logging_mixin.py:188} INFO - [2025-11-09T15:54:58.845+0000] {dagbag.py:545} INFO - Filling up the DagBag from /opt/airflow/dags/first_dag.py
[2025-11-09T15:54:58.877+0000] {processor.py:840} INFO - DAG(s) 'first_dag' retrieved from /opt/airflow/dags/first_dag.py
[2025-11-09T15:54:58.939+0000] {logging_mixin.py:188} INFO - [2025-11-09T15:54:58.939+0000] {dag.py:3089} INFO - Sync 1 DAGs
[2025-11-09T15:54:58.968+0000] {logging_mixin.py:188} INFO - [2025-11-09T15:54:58.968+0000] {dag.py:3947} INFO - Setting next_dagrun for first_dag to 2025-11-09 00:00:00+00:00, run_after=2025-11-10 00:00:00+00:00
[2025-11-09T15:54:58.986+0000] {processor.py:183} INFO - Processing /opt/airflow/dags/first_dag.py took 0.162 seconds
[2025-11-09T15:55:29.044+0000] {processor.py:161} INFO - Started process (PID=2582) to work on /opt/airflow/dags/first_dag.py
[2025-11-09T15:55:29.047+0000] {processor.py:830} INFO - Processing file /opt/airflow/dags/first_dag.py for tasks to queue
[2025-11-09T15:55:29.050+0000] {logging_mixin.py:188} INFO - [2025-11-09T15:55:29.049+0000] {dagbag.py:545} INFO - Filling up the DagBag from /opt/airflow/dags/first_dag.py
[2025-11-09T15:55:29.089+0000] {processor.py:840} INFO - DAG(s) 'first_dag' retrieved from /opt/airflow/dags/first_dag.py
[2025-11-09T15:55:29.158+0000] {logging_mixin.py:188} INFO - [2025-11-09T15:55:29.158+0000] {dag.py:3089} INFO - Sync 1 DAGs
[2025-11-09T15:55:29.211+0000] {logging_mixin.py:188} INFO - [2025-11-09T15:55:29.210+0000] {dag.py:3947} INFO - Setting next_dagrun for first_dag to 2025-11-09 00:00:00+00:00, run_after=2025-11-10 00:00:00+00:00
[2025-11-09T15:55:29.247+0000] {processor.py:183} INFO - Processing /opt/airflow/dags/first_dag.py took 0.221 seconds
[2025-11-09T15:55:59.303+0000] {processor.py:161} INFO - Started process (PID=2592) to work on /opt/airflow/dags/first_dag.py
[2025-11-09T15:55:59.304+0000] {processor.py:830} INFO - Processing file /opt/airflow/dags/first_dag.py for tasks to queue
[2025-11-09T15:55:59.305+0000] {logging_mixin.py:188} INFO - [2025-11-09T15:55:59.305+0000] {dagbag.py:545} INFO - Filling up the DagBag from /opt/airflow/dags/first_dag.py
[2025-11-09T15:55:59.324+0000] {processor.py:840} INFO - DAG(s) 'first_dag' retrieved from /opt/airflow/dags/first_dag.py
[2025-11-09T15:55:59.361+0000] {logging_mixin.py:188} INFO - [2025-11-09T15:55:59.361+0000] {dag.py:3089} INFO - Sync 1 DAGs
[2025-11-09T15:55:59.393+0000] {logging_mixin.py:188} INFO - [2025-11-09T15:55:59.393+0000] {dag.py:3947} INFO - Setting next_dagrun for first_dag to 2025-11-09 00:00:00+00:00, run_after=2025-11-10 00:00:00+00:00
[2025-11-09T15:55:59.425+0000] {processor.py:183} INFO - Processing /opt/airflow/dags/first_dag.py took 0.133 seconds
[2025-11-09T15:56:29.664+0000] {processor.py:161} INFO - Started process (PID=2602) to work on /opt/airflow/dags/first_dag.py
[2025-11-09T15:56:29.666+0000] {processor.py:830} INFO - Processing file /opt/airflow/dags/first_dag.py for tasks to queue
[2025-11-09T15:56:29.669+0000] {logging_mixin.py:188} INFO - [2025-11-09T15:56:29.668+0000] {dagbag.py:545} INFO - Filling up the DagBag from /opt/airflow/dags/first_dag.py
[2025-11-09T15:56:29.698+0000] {processor.py:840} INFO - DAG(s) 'first_dag' retrieved from /opt/airflow/dags/first_dag.py
[2025-11-09T15:56:29.770+0000] {logging_mixin.py:188} INFO - [2025-11-09T15:56:29.769+0000] {dag.py:3089} INFO - Sync 1 DAGs
[2025-11-09T15:56:29.822+0000] {logging_mixin.py:188} INFO - [2025-11-09T15:56:29.821+0000] {dag.py:3947} INFO - Setting next_dagrun for first_dag to 2025-11-09 00:00:00+00:00, run_after=2025-11-10 00:00:00+00:00
[2025-11-09T15:56:29.873+0000] {processor.py:183} INFO - Processing /opt/airflow/dags/first_dag.py took 0.229 seconds
[2025-11-09T15:56:59.939+0000] {processor.py:161} INFO - Started process (PID=2612) to work on /opt/airflow/dags/first_dag.py
[2025-11-09T15:56:59.942+0000] {processor.py:830} INFO - Processing file /opt/airflow/dags/first_dag.py for tasks to queue
[2025-11-09T15:56:59.945+0000] {logging_mixin.py:188} INFO - [2025-11-09T15:56:59.944+0000] {dagbag.py:545} INFO - Filling up the DagBag from /opt/airflow/dags/first_dag.py
[2025-11-09T15:56:59.983+0000] {processor.py:840} INFO - DAG(s) 'first_dag' retrieved from /opt/airflow/dags/first_dag.py
[2025-11-09T15:57:00.069+0000] {logging_mixin.py:188} INFO - [2025-11-09T15:57:00.069+0000] {dag.py:3089} INFO - Sync 1 DAGs
[2025-11-09T15:57:00.102+0000] {logging_mixin.py:188} INFO - [2025-11-09T15:57:00.102+0000] {dag.py:3947} INFO - Setting next_dagrun for first_dag to 2025-11-09 00:00:00+00:00, run_after=2025-11-10 00:00:00+00:00
[2025-11-09T15:57:00.126+0000] {processor.py:183} INFO - Processing /opt/airflow/dags/first_dag.py took 0.202 seconds
[2025-11-09T15:57:30.174+0000] {processor.py:161} INFO - Started process (PID=2622) to work on /opt/airflow/dags/first_dag.py
[2025-11-09T15:57:30.176+0000] {processor.py:830} INFO - Processing file /opt/airflow/dags/first_dag.py for tasks to queue
[2025-11-09T15:57:30.179+0000] {logging_mixin.py:188} INFO - [2025-11-09T15:57:30.178+0000] {dagbag.py:545} INFO - Filling up the DagBag from /opt/airflow/dags/first_dag.py
[2025-11-09T15:57:30.208+0000] {processor.py:840} INFO - DAG(s) 'first_dag' retrieved from /opt/airflow/dags/first_dag.py
[2025-11-09T15:57:30.287+0000] {logging_mixin.py:188} INFO - [2025-11-09T15:57:30.286+0000] {dag.py:3089} INFO - Sync 1 DAGs
[2025-11-09T15:57:30.341+0000] {logging_mixin.py:188} INFO - [2025-11-09T15:57:30.340+0000] {dag.py:3947} INFO - Setting next_dagrun for first_dag to 2025-11-09 00:00:00+00:00, run_after=2025-11-10 00:00:00+00:00
[2025-11-09T15:57:30.369+0000] {processor.py:183} INFO - Processing /opt/airflow/dags/first_dag.py took 0.211 seconds
[2025-11-09T15:58:00.466+0000] {processor.py:161} INFO - Started process (PID=2632) to work on /opt/airflow/dags/first_dag.py
[2025-11-09T15:58:00.468+0000] {processor.py:830} INFO - Processing file /opt/airflow/dags/first_dag.py for tasks to queue
[2025-11-09T15:58:00.471+0000] {logging_mixin.py:188} INFO - [2025-11-09T15:58:00.470+0000] {dagbag.py:545} INFO - Filling up the DagBag from /opt/airflow/dags/first_dag.py
[2025-11-09T15:58:00.488+0000] {processor.py:840} INFO - DAG(s) 'first_dag' retrieved from /opt/airflow/dags/first_dag.py
[2025-11-09T15:58:00.523+0000] {logging_mixin.py:188} INFO - [2025-11-09T15:58:00.523+0000] {dag.py:3089} INFO - Sync 1 DAGs
[2025-11-09T15:58:00.563+0000] {logging_mixin.py:188} INFO - [2025-11-09T15:58:00.563+0000] {dag.py:3947} INFO - Setting next_dagrun for first_dag to 2025-11-09 00:00:00+00:00, run_after=2025-11-10 00:00:00+00:00
[2025-11-09T15:58:00.595+0000] {processor.py:183} INFO - Processing /opt/airflow/dags/first_dag.py took 0.136 seconds
[2025-11-09T15:58:30.814+0000] {processor.py:161} INFO - Started process (PID=2642) to work on /opt/airflow/dags/first_dag.py
[2025-11-09T15:58:30.816+0000] {processor.py:830} INFO - Processing file /opt/airflow/dags/first_dag.py for tasks to queue
[2025-11-09T15:58:30.819+0000] {logging_mixin.py:188} INFO - [2025-11-09T15:58:30.818+0000] {dagbag.py:545} INFO - Filling up the DagBag from /opt/airflow/dags/first_dag.py
[2025-11-09T15:58:30.853+0000] {processor.py:840} INFO - DAG(s) 'first_dag' retrieved from /opt/airflow/dags/first_dag.py
[2025-11-09T15:58:30.921+0000] {logging_mixin.py:188} INFO - [2025-11-09T15:58:30.920+0000] {dag.py:3089} INFO - Sync 1 DAGs
[2025-11-09T15:58:30.957+0000] {logging_mixin.py:188} INFO - [2025-11-09T15:58:30.957+0000] {dag.py:3947} INFO - Setting next_dagrun for first_dag to 2025-11-09 00:00:00+00:00, run_after=2025-11-10 00:00:00+00:00
[2025-11-09T15:58:30.982+0000] {processor.py:183} INFO - Processing /opt/airflow/dags/first_dag.py took 0.183 seconds
[2025-11-09T15:59:01.075+0000] {processor.py:161} INFO - Started process (PID=2652) to work on /opt/airflow/dags/first_dag.py
[2025-11-09T15:59:01.082+0000] {processor.py:830} INFO - Processing file /opt/airflow/dags/first_dag.py for tasks to queue
[2025-11-09T15:59:01.085+0000] {logging_mixin.py:188} INFO - [2025-11-09T15:59:01.084+0000] {dagbag.py:545} INFO - Filling up the DagBag from /opt/airflow/dags/first_dag.py
[2025-11-09T15:59:01.119+0000] {processor.py:840} INFO - DAG(s) 'first_dag' retrieved from /opt/airflow/dags/first_dag.py
[2025-11-09T15:59:01.191+0000] {logging_mixin.py:188} INFO - [2025-11-09T15:59:01.190+0000] {dag.py:3089} INFO - Sync 1 DAGs
[2025-11-09T15:59:01.232+0000] {logging_mixin.py:188} INFO - [2025-11-09T15:59:01.232+0000] {dag.py:3947} INFO - Setting next_dagrun for first_dag to 2025-11-09 00:00:00+00:00, run_after=2025-11-10 00:00:00+00:00
[2025-11-09T15:59:01.254+0000] {processor.py:183} INFO - Processing /opt/airflow/dags/first_dag.py took 0.193 seconds
[2025-11-09T15:59:31.309+0000] {processor.py:161} INFO - Started process (PID=2662) to work on /opt/airflow/dags/first_dag.py
[2025-11-09T15:59:31.311+0000] {processor.py:830} INFO - Processing file /opt/airflow/dags/first_dag.py for tasks to queue
[2025-11-09T15:59:31.312+0000] {logging_mixin.py:188} INFO - [2025-11-09T15:59:31.312+0000] {dagbag.py:545} INFO - Filling up the DagBag from /opt/airflow/dags/first_dag.py
[2025-11-09T15:59:31.326+0000] {processor.py:840} INFO - DAG(s) 'first_dag' retrieved from /opt/airflow/dags/first_dag.py
[2025-11-09T15:59:31.377+0000] {logging_mixin.py:188} INFO - [2025-11-09T15:59:31.376+0000] {dag.py:3089} INFO - Sync 1 DAGs
[2025-11-09T15:59:31.430+0000] {logging_mixin.py:188} INFO - [2025-11-09T15:59:31.429+0000] {dag.py:3947} INFO - Setting next_dagrun for first_dag to 2025-11-09 00:00:00+00:00, run_after=2025-11-10 00:00:00+00:00
[2025-11-09T15:59:31.479+0000] {processor.py:183} INFO - Processing /opt/airflow/dags/first_dag.py took 0.179 seconds
[2025-11-09T16:00:01.620+0000] {processor.py:161} INFO - Started process (PID=2672) to work on /opt/airflow/dags/first_dag.py
[2025-11-09T16:00:01.622+0000] {processor.py:830} INFO - Processing file /opt/airflow/dags/first_dag.py for tasks to queue
[2025-11-09T16:00:01.623+0000] {logging_mixin.py:188} INFO - [2025-11-09T16:00:01.623+0000] {dagbag.py:545} INFO - Filling up the DagBag from /opt/airflow/dags/first_dag.py
[2025-11-09T16:00:01.641+0000] {processor.py:840} INFO - DAG(s) 'first_dag' retrieved from /opt/airflow/dags/first_dag.py
[2025-11-09T16:00:01.677+0000] {logging_mixin.py:188} INFO - [2025-11-09T16:00:01.677+0000] {dag.py:3089} INFO - Sync 1 DAGs
[2025-11-09T16:00:01.711+0000] {logging_mixin.py:188} INFO - [2025-11-09T16:00:01.711+0000] {dag.py:3947} INFO - Setting next_dagrun for first_dag to 2025-11-09 00:00:00+00:00, run_after=2025-11-10 00:00:00+00:00
[2025-11-09T16:00:01.743+0000] {processor.py:183} INFO - Processing /opt/airflow/dags/first_dag.py took 0.132 seconds
[2025-11-09T16:00:31.972+0000] {processor.py:161} INFO - Started process (PID=2682) to work on /opt/airflow/dags/first_dag.py
[2025-11-09T16:00:31.974+0000] {processor.py:830} INFO - Processing file /opt/airflow/dags/first_dag.py for tasks to queue
[2025-11-09T16:00:31.977+0000] {logging_mixin.py:188} INFO - [2025-11-09T16:00:31.976+0000] {dagbag.py:545} INFO - Filling up the DagBag from /opt/airflow/dags/first_dag.py
[2025-11-09T16:00:32.008+0000] {processor.py:840} INFO - DAG(s) 'first_dag' retrieved from /opt/airflow/dags/first_dag.py
[2025-11-09T16:00:32.079+0000] {logging_mixin.py:188} INFO - [2025-11-09T16:00:32.078+0000] {dag.py:3089} INFO - Sync 1 DAGs
[2025-11-09T16:00:32.144+0000] {logging_mixin.py:188} INFO - [2025-11-09T16:00:32.143+0000] {dag.py:3947} INFO - Setting next_dagrun for first_dag to 2025-11-09 00:00:00+00:00, run_after=2025-11-10 00:00:00+00:00
[2025-11-09T16:00:32.177+0000] {processor.py:183} INFO - Processing /opt/airflow/dags/first_dag.py took 0.220 seconds
[2025-11-09T16:01:02.285+0000] {processor.py:161} INFO - Started process (PID=2692) to work on /opt/airflow/dags/first_dag.py
[2025-11-09T16:01:02.286+0000] {processor.py:830} INFO - Processing file /opt/airflow/dags/first_dag.py for tasks to queue
[2025-11-09T16:01:02.287+0000] {logging_mixin.py:188} INFO - [2025-11-09T16:01:02.286+0000] {dagbag.py:545} INFO - Filling up the DagBag from /opt/airflow/dags/first_dag.py
[2025-11-09T16:01:02.306+0000] {processor.py:840} INFO - DAG(s) 'first_dag' retrieved from /opt/airflow/dags/first_dag.py
[2025-11-09T16:01:02.343+0000] {logging_mixin.py:188} INFO - [2025-11-09T16:01:02.343+0000] {dag.py:3089} INFO - Sync 1 DAGs
[2025-11-09T16:01:02.380+0000] {logging_mixin.py:188} INFO - [2025-11-09T16:01:02.380+0000] {dag.py:3947} INFO - Setting next_dagrun for first_dag to 2025-11-09 00:00:00+00:00, run_after=2025-11-10 00:00:00+00:00
[2025-11-09T16:01:02.403+0000] {processor.py:183} INFO - Processing /opt/airflow/dags/first_dag.py took 0.127 seconds
[2025-11-09T16:01:32.515+0000] {processor.py:161} INFO - Started process (PID=2702) to work on /opt/airflow/dags/first_dag.py
[2025-11-09T16:01:32.517+0000] {processor.py:830} INFO - Processing file /opt/airflow/dags/first_dag.py for tasks to queue
[2025-11-09T16:01:32.521+0000] {logging_mixin.py:188} INFO - [2025-11-09T16:01:32.520+0000] {dagbag.py:545} INFO - Filling up the DagBag from /opt/airflow/dags/first_dag.py
[2025-11-09T16:01:32.550+0000] {processor.py:840} INFO - DAG(s) 'first_dag' retrieved from /opt/airflow/dags/first_dag.py
[2025-11-09T16:01:32.625+0000] {logging_mixin.py:188} INFO - [2025-11-09T16:01:32.625+0000] {dag.py:3089} INFO - Sync 1 DAGs
[2025-11-09T16:01:32.682+0000] {logging_mixin.py:188} INFO - [2025-11-09T16:01:32.681+0000] {dag.py:3947} INFO - Setting next_dagrun for first_dag to 2025-11-09 00:00:00+00:00, run_after=2025-11-10 00:00:00+00:00
[2025-11-09T16:01:32.731+0000] {processor.py:183} INFO - Processing /opt/airflow/dags/first_dag.py took 0.233 seconds
[2025-11-09T16:02:02.950+0000] {processor.py:161} INFO - Started process (PID=2712) to work on /opt/airflow/dags/first_dag.py
[2025-11-09T16:02:02.952+0000] {processor.py:830} INFO - Processing file /opt/airflow/dags/first_dag.py for tasks to queue
[2025-11-09T16:02:02.955+0000] {logging_mixin.py:188} INFO - [2025-11-09T16:02:02.954+0000] {dagbag.py:545} INFO - Filling up the DagBag from /opt/airflow/dags/first_dag.py
[2025-11-09T16:02:02.985+0000] {processor.py:840} INFO - DAG(s) 'first_dag' retrieved from /opt/airflow/dags/first_dag.py
[2025-11-09T16:02:03.048+0000] {logging_mixin.py:188} INFO - [2025-11-09T16:02:03.048+0000] {dag.py:3089} INFO - Sync 1 DAGs
[2025-11-09T16:02:03.077+0000] {logging_mixin.py:188} INFO - [2025-11-09T16:02:03.077+0000] {dag.py:3947} INFO - Setting next_dagrun for first_dag to 2025-11-09 00:00:00+00:00, run_after=2025-11-10 00:00:00+00:00
[2025-11-09T16:02:03.100+0000] {processor.py:183} INFO - Processing /opt/airflow/dags/first_dag.py took 0.165 seconds
[2025-11-09T16:02:33.222+0000] {processor.py:161} INFO - Started process (PID=2722) to work on /opt/airflow/dags/first_dag.py
[2025-11-09T16:02:33.226+0000] {processor.py:830} INFO - Processing file /opt/airflow/dags/first_dag.py for tasks to queue
[2025-11-09T16:02:33.229+0000] {logging_mixin.py:188} INFO - [2025-11-09T16:02:33.228+0000] {dagbag.py:545} INFO - Filling up the DagBag from /opt/airflow/dags/first_dag.py
[2025-11-09T16:02:33.271+0000] {processor.py:840} INFO - DAG(s) 'first_dag' retrieved from /opt/airflow/dags/first_dag.py
[2025-11-09T16:02:33.372+0000] {logging_mixin.py:188} INFO - [2025-11-09T16:02:33.372+0000] {dag.py:3089} INFO - Sync 1 DAGs
[2025-11-09T16:02:33.444+0000] {logging_mixin.py:188} INFO - [2025-11-09T16:02:33.444+0000] {dag.py:3947} INFO - Setting next_dagrun for first_dag to 2025-11-09 00:00:00+00:00, run_after=2025-11-10 00:00:00+00:00
[2025-11-09T16:02:33.491+0000] {processor.py:183} INFO - Processing /opt/airflow/dags/first_dag.py took 0.290 seconds
[2025-11-09T16:03:03.563+0000] {processor.py:161} INFO - Started process (PID=2732) to work on /opt/airflow/dags/first_dag.py
[2025-11-09T16:03:03.565+0000] {processor.py:830} INFO - Processing file /opt/airflow/dags/first_dag.py for tasks to queue
[2025-11-09T16:03:03.568+0000] {logging_mixin.py:188} INFO - [2025-11-09T16:03:03.567+0000] {dagbag.py:545} INFO - Filling up the DagBag from /opt/airflow/dags/first_dag.py
[2025-11-09T16:03:03.597+0000] {processor.py:840} INFO - DAG(s) 'first_dag' retrieved from /opt/airflow/dags/first_dag.py
[2025-11-09T16:03:03.684+0000] {logging_mixin.py:188} INFO - [2025-11-09T16:03:03.683+0000] {dag.py:3089} INFO - Sync 1 DAGs
[2025-11-09T16:03:03.727+0000] {logging_mixin.py:188} INFO - [2025-11-09T16:03:03.727+0000] {dag.py:3947} INFO - Setting next_dagrun for first_dag to 2025-11-09 00:00:00+00:00, run_after=2025-11-10 00:00:00+00:00
[2025-11-09T16:03:03.758+0000] {processor.py:183} INFO - Processing /opt/airflow/dags/first_dag.py took 0.211 seconds
[2025-11-09T16:03:33.870+0000] {processor.py:161} INFO - Started process (PID=2742) to work on /opt/airflow/dags/first_dag.py
[2025-11-09T16:03:33.873+0000] {processor.py:830} INFO - Processing file /opt/airflow/dags/first_dag.py for tasks to queue
[2025-11-09T16:03:33.876+0000] {logging_mixin.py:188} INFO - [2025-11-09T16:03:33.875+0000] {dagbag.py:545} INFO - Filling up the DagBag from /opt/airflow/dags/first_dag.py
[2025-11-09T16:03:33.906+0000] {processor.py:840} INFO - DAG(s) 'first_dag' retrieved from /opt/airflow/dags/first_dag.py
[2025-11-09T16:03:33.974+0000] {logging_mixin.py:188} INFO - [2025-11-09T16:03:33.974+0000] {dag.py:3089} INFO - Sync 1 DAGs
[2025-11-09T16:03:34.029+0000] {logging_mixin.py:188} INFO - [2025-11-09T16:03:34.029+0000] {dag.py:3947} INFO - Setting next_dagrun for first_dag to 2025-11-09 00:00:00+00:00, run_after=2025-11-10 00:00:00+00:00
[2025-11-09T16:03:34.074+0000] {processor.py:183} INFO - Processing /opt/airflow/dags/first_dag.py took 0.219 seconds
[2025-11-09T16:04:04.184+0000] {processor.py:161} INFO - Started process (PID=2752) to work on /opt/airflow/dags/first_dag.py
[2025-11-09T16:04:04.185+0000] {processor.py:830} INFO - Processing file /opt/airflow/dags/first_dag.py for tasks to queue
[2025-11-09T16:04:04.187+0000] {logging_mixin.py:188} INFO - [2025-11-09T16:04:04.186+0000] {dagbag.py:545} INFO - Filling up the DagBag from /opt/airflow/dags/first_dag.py
[2025-11-09T16:04:04.200+0000] {processor.py:840} INFO - DAG(s) 'first_dag' retrieved from /opt/airflow/dags/first_dag.py
[2025-11-09T16:04:04.250+0000] {logging_mixin.py:188} INFO - [2025-11-09T16:04:04.250+0000] {dag.py:3089} INFO - Sync 1 DAGs
[2025-11-09T16:04:04.284+0000] {logging_mixin.py:188} INFO - [2025-11-09T16:04:04.284+0000] {dag.py:3947} INFO - Setting next_dagrun for first_dag to 2025-11-09 00:00:00+00:00, run_after=2025-11-10 00:00:00+00:00
[2025-11-09T16:04:04.312+0000] {processor.py:183} INFO - Processing /opt/airflow/dags/first_dag.py took 0.134 seconds
[2025-11-09T16:04:34.404+0000] {processor.py:161} INFO - Started process (PID=2762) to work on /opt/airflow/dags/first_dag.py
[2025-11-09T16:04:34.406+0000] {processor.py:830} INFO - Processing file /opt/airflow/dags/first_dag.py for tasks to queue
[2025-11-09T16:04:34.410+0000] {logging_mixin.py:188} INFO - [2025-11-09T16:04:34.409+0000] {dagbag.py:545} INFO - Filling up the DagBag from /opt/airflow/dags/first_dag.py
[2025-11-09T16:04:34.442+0000] {processor.py:840} INFO - DAG(s) 'first_dag' retrieved from /opt/airflow/dags/first_dag.py
[2025-11-09T16:04:34.510+0000] {logging_mixin.py:188} INFO - [2025-11-09T16:04:34.509+0000] {dag.py:3089} INFO - Sync 1 DAGs
[2025-11-09T16:04:34.543+0000] {logging_mixin.py:188} INFO - [2025-11-09T16:04:34.543+0000] {dag.py:3947} INFO - Setting next_dagrun for first_dag to 2025-11-09 00:00:00+00:00, run_after=2025-11-10 00:00:00+00:00
[2025-11-09T16:04:34.581+0000] {processor.py:183} INFO - Processing /opt/airflow/dags/first_dag.py took 0.192 seconds
[2025-11-09T16:05:04.714+0000] {processor.py:161} INFO - Started process (PID=2772) to work on /opt/airflow/dags/first_dag.py
[2025-11-09T16:05:04.716+0000] {processor.py:830} INFO - Processing file /opt/airflow/dags/first_dag.py for tasks to queue
[2025-11-09T16:05:04.719+0000] {logging_mixin.py:188} INFO - [2025-11-09T16:05:04.718+0000] {dagbag.py:545} INFO - Filling up the DagBag from /opt/airflow/dags/first_dag.py
[2025-11-09T16:05:04.749+0000] {processor.py:840} INFO - DAG(s) 'first_dag' retrieved from /opt/airflow/dags/first_dag.py
[2025-11-09T16:05:04.807+0000] {logging_mixin.py:188} INFO - [2025-11-09T16:05:04.806+0000] {dag.py:3089} INFO - Sync 1 DAGs
[2025-11-09T16:05:04.852+0000] {logging_mixin.py:188} INFO - [2025-11-09T16:05:04.852+0000] {dag.py:3947} INFO - Setting next_dagrun for first_dag to 2025-11-09 00:00:00+00:00, run_after=2025-11-10 00:00:00+00:00
[2025-11-09T16:05:04.894+0000] {processor.py:183} INFO - Processing /opt/airflow/dags/first_dag.py took 0.195 seconds
[2025-11-09T16:05:35.019+0000] {processor.py:161} INFO - Started process (PID=2782) to work on /opt/airflow/dags/first_dag.py
[2025-11-09T16:05:35.020+0000] {processor.py:830} INFO - Processing file /opt/airflow/dags/first_dag.py for tasks to queue
[2025-11-09T16:05:35.022+0000] {logging_mixin.py:188} INFO - [2025-11-09T16:05:35.021+0000] {dagbag.py:545} INFO - Filling up the DagBag from /opt/airflow/dags/first_dag.py
[2025-11-09T16:05:35.037+0000] {processor.py:840} INFO - DAG(s) 'first_dag' retrieved from /opt/airflow/dags/first_dag.py
[2025-11-09T16:05:35.073+0000] {logging_mixin.py:188} INFO - [2025-11-09T16:05:35.073+0000] {dag.py:3089} INFO - Sync 1 DAGs
[2025-11-09T16:05:35.102+0000] {logging_mixin.py:188} INFO - [2025-11-09T16:05:35.102+0000] {dag.py:3947} INFO - Setting next_dagrun for first_dag to 2025-11-09 00:00:00+00:00, run_after=2025-11-10 00:00:00+00:00
[2025-11-09T16:05:35.126+0000] {processor.py:183} INFO - Processing /opt/airflow/dags/first_dag.py took 0.114 seconds
[2025-11-09T16:06:05.364+0000] {processor.py:161} INFO - Started process (PID=2792) to work on /opt/airflow/dags/first_dag.py
[2025-11-09T16:06:05.366+0000] {processor.py:830} INFO - Processing file /opt/airflow/dags/first_dag.py for tasks to queue
[2025-11-09T16:06:05.369+0000] {logging_mixin.py:188} INFO - [2025-11-09T16:06:05.368+0000] {dagbag.py:545} INFO - Filling up the DagBag from /opt/airflow/dags/first_dag.py
[2025-11-09T16:06:05.400+0000] {processor.py:840} INFO - DAG(s) 'first_dag' retrieved from /opt/airflow/dags/first_dag.py
[2025-11-09T16:06:05.454+0000] {logging_mixin.py:188} INFO - [2025-11-09T16:06:05.454+0000] {dag.py:3089} INFO - Sync 1 DAGs
[2025-11-09T16:06:05.480+0000] {logging_mixin.py:188} INFO - [2025-11-09T16:06:05.480+0000] {dag.py:3947} INFO - Setting next_dagrun for first_dag to 2025-11-09 00:00:00+00:00, run_after=2025-11-10 00:00:00+00:00
[2025-11-09T16:06:05.501+0000] {processor.py:183} INFO - Processing /opt/airflow/dags/first_dag.py took 0.151 seconds
[2025-11-09T16:06:35.608+0000] {processor.py:161} INFO - Started process (PID=2802) to work on /opt/airflow/dags/first_dag.py
[2025-11-09T16:06:35.610+0000] {processor.py:830} INFO - Processing file /opt/airflow/dags/first_dag.py for tasks to queue
[2025-11-09T16:06:35.614+0000] {logging_mixin.py:188} INFO - [2025-11-09T16:06:35.613+0000] {dagbag.py:545} INFO - Filling up the DagBag from /opt/airflow/dags/first_dag.py
[2025-11-09T16:06:35.644+0000] {processor.py:840} INFO - DAG(s) 'first_dag' retrieved from /opt/airflow/dags/first_dag.py
[2025-11-09T16:06:35.716+0000] {logging_mixin.py:188} INFO - [2025-11-09T16:06:35.715+0000] {dag.py:3089} INFO - Sync 1 DAGs
[2025-11-09T16:06:35.776+0000] {logging_mixin.py:188} INFO - [2025-11-09T16:06:35.776+0000] {dag.py:3947} INFO - Setting next_dagrun for first_dag to 2025-11-09 00:00:00+00:00, run_after=2025-11-10 00:00:00+00:00
[2025-11-09T16:06:35.825+0000] {processor.py:183} INFO - Processing /opt/airflow/dags/first_dag.py took 0.233 seconds
[2025-11-09T16:07:05.963+0000] {processor.py:161} INFO - Started process (PID=2812) to work on /opt/airflow/dags/first_dag.py
[2025-11-09T16:07:05.965+0000] {processor.py:830} INFO - Processing file /opt/airflow/dags/first_dag.py for tasks to queue
[2025-11-09T16:07:05.967+0000] {logging_mixin.py:188} INFO - [2025-11-09T16:07:05.966+0000] {dagbag.py:545} INFO - Filling up the DagBag from /opt/airflow/dags/first_dag.py
[2025-11-09T16:07:05.985+0000] {processor.py:840} INFO - DAG(s) 'first_dag' retrieved from /opt/airflow/dags/first_dag.py
[2025-11-09T16:07:06.021+0000] {logging_mixin.py:188} INFO - [2025-11-09T16:07:06.021+0000] {dag.py:3089} INFO - Sync 1 DAGs
[2025-11-09T16:07:06.051+0000] {logging_mixin.py:188} INFO - [2025-11-09T16:07:06.050+0000] {dag.py:3947} INFO - Setting next_dagrun for first_dag to 2025-11-09 00:00:00+00:00, run_after=2025-11-10 00:00:00+00:00
[2025-11-09T16:07:06.077+0000] {processor.py:183} INFO - Processing /opt/airflow/dags/first_dag.py took 0.126 seconds
[2025-11-09T16:07:36.142+0000] {processor.py:161} INFO - Started process (PID=2822) to work on /opt/airflow/dags/first_dag.py
[2025-11-09T16:07:36.143+0000] {processor.py:830} INFO - Processing file /opt/airflow/dags/first_dag.py for tasks to queue
[2025-11-09T16:07:36.145+0000] {logging_mixin.py:188} INFO - [2025-11-09T16:07:36.144+0000] {dagbag.py:545} INFO - Filling up the DagBag from /opt/airflow/dags/first_dag.py
[2025-11-09T16:07:36.158+0000] {processor.py:840} INFO - DAG(s) 'first_dag' retrieved from /opt/airflow/dags/first_dag.py
[2025-11-09T16:07:36.189+0000] {logging_mixin.py:188} INFO - [2025-11-09T16:07:36.189+0000] {dag.py:3089} INFO - Sync 1 DAGs
[2025-11-09T16:07:36.216+0000] {logging_mixin.py:188} INFO - [2025-11-09T16:07:36.215+0000] {dag.py:3947} INFO - Setting next_dagrun for first_dag to 2025-11-09 00:00:00+00:00, run_after=2025-11-10 00:00:00+00:00
[2025-11-09T16:07:36.239+0000] {processor.py:183} INFO - Processing /opt/airflow/dags/first_dag.py took 0.104 seconds
[2025-11-09T16:08:06.516+0000] {processor.py:161} INFO - Started process (PID=2832) to work on /opt/airflow/dags/first_dag.py
[2025-11-09T16:08:06.518+0000] {processor.py:830} INFO - Processing file /opt/airflow/dags/first_dag.py for tasks to queue
[2025-11-09T16:08:06.522+0000] {logging_mixin.py:188} INFO - [2025-11-09T16:08:06.520+0000] {dagbag.py:545} INFO - Filling up the DagBag from /opt/airflow/dags/first_dag.py
[2025-11-09T16:08:06.556+0000] {processor.py:840} INFO - DAG(s) 'first_dag' retrieved from /opt/airflow/dags/first_dag.py
[2025-11-09T16:08:06.612+0000] {logging_mixin.py:188} INFO - [2025-11-09T16:08:06.611+0000] {dag.py:3089} INFO - Sync 1 DAGs
[2025-11-09T16:08:06.638+0000] {logging_mixin.py:188} INFO - [2025-11-09T16:08:06.637+0000] {dag.py:3947} INFO - Setting next_dagrun for first_dag to 2025-11-09 00:00:00+00:00, run_after=2025-11-10 00:00:00+00:00
[2025-11-09T16:08:06.661+0000] {processor.py:183} INFO - Processing /opt/airflow/dags/first_dag.py took 0.159 seconds
[2025-11-09T16:08:36.910+0000] {processor.py:161} INFO - Started process (PID=2842) to work on /opt/airflow/dags/first_dag.py
[2025-11-09T16:08:36.913+0000] {processor.py:830} INFO - Processing file /opt/airflow/dags/first_dag.py for tasks to queue
[2025-11-09T16:08:36.916+0000] {logging_mixin.py:188} INFO - [2025-11-09T16:08:36.914+0000] {dagbag.py:545} INFO - Filling up the DagBag from /opt/airflow/dags/first_dag.py
[2025-11-09T16:08:36.945+0000] {processor.py:840} INFO - DAG(s) 'first_dag' retrieved from /opt/airflow/dags/first_dag.py
[2025-11-09T16:08:36.991+0000] {logging_mixin.py:188} INFO - [2025-11-09T16:08:36.990+0000] {dag.py:3089} INFO - Sync 1 DAGs
[2025-11-09T16:08:37.017+0000] {logging_mixin.py:188} INFO - [2025-11-09T16:08:37.017+0000] {dag.py:3947} INFO - Setting next_dagrun for first_dag to 2025-11-09 00:00:00+00:00, run_after=2025-11-10 00:00:00+00:00
[2025-11-09T16:08:37.038+0000] {processor.py:183} INFO - Processing /opt/airflow/dags/first_dag.py took 0.143 seconds
[2025-11-09T16:09:07.100+0000] {processor.py:161} INFO - Started process (PID=2852) to work on /opt/airflow/dags/first_dag.py
[2025-11-09T16:09:07.101+0000] {processor.py:830} INFO - Processing file /opt/airflow/dags/first_dag.py for tasks to queue
[2025-11-09T16:09:07.103+0000] {logging_mixin.py:188} INFO - [2025-11-09T16:09:07.102+0000] {dagbag.py:545} INFO - Filling up the DagBag from /opt/airflow/dags/first_dag.py
[2025-11-09T16:09:07.117+0000] {processor.py:840} INFO - DAG(s) 'first_dag' retrieved from /opt/airflow/dags/first_dag.py
[2025-11-09T16:09:07.154+0000] {logging_mixin.py:188} INFO - [2025-11-09T16:09:07.153+0000] {dag.py:3089} INFO - Sync 1 DAGs
[2025-11-09T16:09:07.190+0000] {logging_mixin.py:188} INFO - [2025-11-09T16:09:07.190+0000] {dag.py:3947} INFO - Setting next_dagrun for first_dag to 2025-11-09 00:00:00+00:00, run_after=2025-11-10 00:00:00+00:00
[2025-11-09T16:09:07.218+0000] {processor.py:183} INFO - Processing /opt/airflow/dags/first_dag.py took 0.127 seconds
[2025-11-09T16:09:37.491+0000] {processor.py:161} INFO - Started process (PID=2862) to work on /opt/airflow/dags/first_dag.py
[2025-11-09T16:09:37.494+0000] {processor.py:830} INFO - Processing file /opt/airflow/dags/first_dag.py for tasks to queue
[2025-11-09T16:09:37.500+0000] {logging_mixin.py:188} INFO - [2025-11-09T16:09:37.499+0000] {dagbag.py:545} INFO - Filling up the DagBag from /opt/airflow/dags/first_dag.py
[2025-11-09T16:09:37.533+0000] {processor.py:840} INFO - DAG(s) 'first_dag' retrieved from /opt/airflow/dags/first_dag.py
[2025-11-09T16:09:37.596+0000] {logging_mixin.py:188} INFO - [2025-11-09T16:09:37.595+0000] {dag.py:3089} INFO - Sync 1 DAGs
[2025-11-09T16:09:37.638+0000] {logging_mixin.py:188} INFO - [2025-11-09T16:09:37.637+0000] {dag.py:3947} INFO - Setting next_dagrun for first_dag to 2025-11-09 00:00:00+00:00, run_after=2025-11-10 00:00:00+00:00
[2025-11-09T16:09:37.691+0000] {processor.py:183} INFO - Processing /opt/airflow/dags/first_dag.py took 0.220 seconds
[2025-11-09T16:10:07.830+0000] {processor.py:161} INFO - Started process (PID=2872) to work on /opt/airflow/dags/first_dag.py
[2025-11-09T16:10:07.832+0000] {processor.py:830} INFO - Processing file /opt/airflow/dags/first_dag.py for tasks to queue
[2025-11-09T16:10:07.836+0000] {logging_mixin.py:188} INFO - [2025-11-09T16:10:07.835+0000] {dagbag.py:545} INFO - Filling up the DagBag from /opt/airflow/dags/first_dag.py
[2025-11-09T16:10:07.878+0000] {processor.py:840} INFO - DAG(s) 'first_dag' retrieved from /opt/airflow/dags/first_dag.py
[2025-11-09T16:10:07.950+0000] {logging_mixin.py:188} INFO - [2025-11-09T16:10:07.950+0000] {dag.py:3089} INFO - Sync 1 DAGs
[2025-11-09T16:10:08.008+0000] {logging_mixin.py:188} INFO - [2025-11-09T16:10:08.008+0000] {dag.py:3947} INFO - Setting next_dagrun for first_dag to 2025-11-09 00:00:00+00:00, run_after=2025-11-10 00:00:00+00:00
[2025-11-09T16:10:08.056+0000] {processor.py:183} INFO - Processing /opt/airflow/dags/first_dag.py took 0.244 seconds
[2025-11-09T16:10:38.172+0000] {processor.py:161} INFO - Started process (PID=2882) to work on /opt/airflow/dags/first_dag.py
[2025-11-09T16:10:38.174+0000] {processor.py:830} INFO - Processing file /opt/airflow/dags/first_dag.py for tasks to queue
[2025-11-09T16:10:38.176+0000] {logging_mixin.py:188} INFO - [2025-11-09T16:10:38.175+0000] {dagbag.py:545} INFO - Filling up the DagBag from /opt/airflow/dags/first_dag.py
[2025-11-09T16:10:38.195+0000] {processor.py:840} INFO - DAG(s) 'first_dag' retrieved from /opt/airflow/dags/first_dag.py
[2025-11-09T16:10:38.255+0000] {logging_mixin.py:188} INFO - [2025-11-09T16:10:38.255+0000] {dag.py:3089} INFO - Sync 1 DAGs
[2025-11-09T16:10:38.295+0000] {logging_mixin.py:188} INFO - [2025-11-09T16:10:38.294+0000] {dag.py:3947} INFO - Setting next_dagrun for first_dag to 2025-11-09 00:00:00+00:00, run_after=2025-11-10 00:00:00+00:00
[2025-11-09T16:10:38.329+0000] {processor.py:183} INFO - Processing /opt/airflow/dags/first_dag.py took 0.165 seconds
[2025-11-09T16:11:08.391+0000] {processor.py:161} INFO - Started process (PID=2892) to work on /opt/airflow/dags/first_dag.py
[2025-11-09T16:11:08.393+0000] {processor.py:830} INFO - Processing file /opt/airflow/dags/first_dag.py for tasks to queue
[2025-11-09T16:11:08.397+0000] {logging_mixin.py:188} INFO - [2025-11-09T16:11:08.395+0000] {dagbag.py:545} INFO - Filling up the DagBag from /opt/airflow/dags/first_dag.py
[2025-11-09T16:11:08.433+0000] {processor.py:840} INFO - DAG(s) 'first_dag' retrieved from /opt/airflow/dags/first_dag.py
[2025-11-09T16:11:08.485+0000] {logging_mixin.py:188} INFO - [2025-11-09T16:11:08.485+0000] {dag.py:3089} INFO - Sync 1 DAGs
[2025-11-09T16:11:08.522+0000] {logging_mixin.py:188} INFO - [2025-11-09T16:11:08.522+0000] {dag.py:3947} INFO - Setting next_dagrun for first_dag to 2025-11-09 00:00:00+00:00, run_after=2025-11-10 00:00:00+00:00
[2025-11-09T16:11:08.555+0000] {processor.py:183} INFO - Processing /opt/airflow/dags/first_dag.py took 0.179 seconds
[2025-11-09T16:11:38.687+0000] {processor.py:161} INFO - Started process (PID=2902) to work on /opt/airflow/dags/first_dag.py
[2025-11-09T16:11:38.689+0000] {processor.py:830} INFO - Processing file /opt/airflow/dags/first_dag.py for tasks to queue
[2025-11-09T16:11:38.691+0000] {logging_mixin.py:188} INFO - [2025-11-09T16:11:38.690+0000] {dagbag.py:545} INFO - Filling up the DagBag from /opt/airflow/dags/first_dag.py
[2025-11-09T16:11:38.711+0000] {processor.py:840} INFO - DAG(s) 'first_dag' retrieved from /opt/airflow/dags/first_dag.py
[2025-11-09T16:11:38.759+0000] {logging_mixin.py:188} INFO - [2025-11-09T16:11:38.759+0000] {dag.py:3089} INFO - Sync 1 DAGs
[2025-11-09T16:11:38.805+0000] {logging_mixin.py:188} INFO - [2025-11-09T16:11:38.804+0000] {dag.py:3947} INFO - Setting next_dagrun for first_dag to 2025-11-09 00:00:00+00:00, run_after=2025-11-10 00:00:00+00:00
[2025-11-09T16:11:38.862+0000] {processor.py:183} INFO - Processing /opt/airflow/dags/first_dag.py took 0.193 seconds
[2025-11-09T16:12:09.126+0000] {processor.py:161} INFO - Started process (PID=2912) to work on /opt/airflow/dags/first_dag.py
[2025-11-09T16:12:09.127+0000] {processor.py:830} INFO - Processing file /opt/airflow/dags/first_dag.py for tasks to queue
[2025-11-09T16:12:09.128+0000] {logging_mixin.py:188} INFO - [2025-11-09T16:12:09.127+0000] {dagbag.py:545} INFO - Filling up the DagBag from /opt/airflow/dags/first_dag.py
[2025-11-09T16:12:09.142+0000] {processor.py:840} INFO - DAG(s) 'first_dag' retrieved from /opt/airflow/dags/first_dag.py
[2025-11-09T16:12:09.186+0000] {logging_mixin.py:188} INFO - [2025-11-09T16:12:09.186+0000] {dag.py:3089} INFO - Sync 1 DAGs
[2025-11-09T16:12:09.222+0000] {logging_mixin.py:188} INFO - [2025-11-09T16:12:09.221+0000] {dag.py:3947} INFO - Setting next_dagrun for first_dag to 2025-11-09 00:00:00+00:00, run_after=2025-11-10 00:00:00+00:00
[2025-11-09T16:12:09.254+0000] {processor.py:183} INFO - Processing /opt/airflow/dags/first_dag.py took 0.136 seconds
[2025-11-09T16:12:39.354+0000] {processor.py:161} INFO - Started process (PID=2922) to work on /opt/airflow/dags/first_dag.py
[2025-11-09T16:12:39.358+0000] {processor.py:830} INFO - Processing file /opt/airflow/dags/first_dag.py for tasks to queue
[2025-11-09T16:12:39.365+0000] {logging_mixin.py:188} INFO - [2025-11-09T16:12:39.364+0000] {dagbag.py:545} INFO - Filling up the DagBag from /opt/airflow/dags/first_dag.py
[2025-11-09T16:12:39.401+0000] {processor.py:840} INFO - DAG(s) 'first_dag' retrieved from /opt/airflow/dags/first_dag.py
[2025-11-09T16:12:39.469+0000] {logging_mixin.py:188} INFO - [2025-11-09T16:12:39.469+0000] {dag.py:3089} INFO - Sync 1 DAGs
[2025-11-09T16:12:39.521+0000] {logging_mixin.py:188} INFO - [2025-11-09T16:12:39.520+0000] {dag.py:3947} INFO - Setting next_dagrun for first_dag to 2025-11-09 00:00:00+00:00, run_after=2025-11-10 00:00:00+00:00
[2025-11-09T16:12:39.549+0000] {processor.py:183} INFO - Processing /opt/airflow/dags/first_dag.py took 0.215 seconds
[2025-11-09T16:13:09.638+0000] {processor.py:161} INFO - Started process (PID=2932) to work on /opt/airflow/dags/first_dag.py
[2025-11-09T16:13:09.641+0000] {processor.py:830} INFO - Processing file /opt/airflow/dags/first_dag.py for tasks to queue
[2025-11-09T16:13:09.643+0000] {logging_mixin.py:188} INFO - [2025-11-09T16:13:09.642+0000] {dagbag.py:545} INFO - Filling up the DagBag from /opt/airflow/dags/first_dag.py
[2025-11-09T16:13:09.662+0000] {processor.py:840} INFO - DAG(s) 'first_dag' retrieved from /opt/airflow/dags/first_dag.py
[2025-11-09T16:13:09.708+0000] {logging_mixin.py:188} INFO - [2025-11-09T16:13:09.707+0000] {dag.py:3089} INFO - Sync 1 DAGs
[2025-11-09T16:13:09.763+0000] {logging_mixin.py:188} INFO - [2025-11-09T16:13:09.762+0000] {dag.py:3947} INFO - Setting next_dagrun for first_dag to 2025-11-09 00:00:00+00:00, run_after=2025-11-10 00:00:00+00:00
[2025-11-09T16:13:09.811+0000] {processor.py:183} INFO - Processing /opt/airflow/dags/first_dag.py took 0.184 seconds
[2025-11-09T16:13:39.873+0000] {processor.py:161} INFO - Started process (PID=2942) to work on /opt/airflow/dags/first_dag.py
[2025-11-09T16:13:39.874+0000] {processor.py:830} INFO - Processing file /opt/airflow/dags/first_dag.py for tasks to queue
[2025-11-09T16:13:39.875+0000] {logging_mixin.py:188} INFO - [2025-11-09T16:13:39.875+0000] {dagbag.py:545} INFO - Filling up the DagBag from /opt/airflow/dags/first_dag.py
[2025-11-09T16:13:39.889+0000] {processor.py:840} INFO - DAG(s) 'first_dag' retrieved from /opt/airflow/dags/first_dag.py
[2025-11-09T16:13:39.925+0000] {logging_mixin.py:188} INFO - [2025-11-09T16:13:39.925+0000] {dag.py:3089} INFO - Sync 1 DAGs
[2025-11-09T16:13:39.962+0000] {logging_mixin.py:188} INFO - [2025-11-09T16:13:39.961+0000] {dag.py:3947} INFO - Setting next_dagrun for first_dag to 2025-11-09 00:00:00+00:00, run_after=2025-11-10 00:00:00+00:00
[2025-11-09T16:13:39.990+0000] {processor.py:183} INFO - Processing /opt/airflow/dags/first_dag.py took 0.126 seconds
[2025-11-09T16:14:10.225+0000] {processor.py:161} INFO - Started process (PID=2952) to work on /opt/airflow/dags/first_dag.py
[2025-11-09T16:14:10.229+0000] {processor.py:830} INFO - Processing file /opt/airflow/dags/first_dag.py for tasks to queue
[2025-11-09T16:14:10.232+0000] {logging_mixin.py:188} INFO - [2025-11-09T16:14:10.231+0000] {dagbag.py:545} INFO - Filling up the DagBag from /opt/airflow/dags/first_dag.py
[2025-11-09T16:14:10.266+0000] {processor.py:840} INFO - DAG(s) 'first_dag' retrieved from /opt/airflow/dags/first_dag.py
[2025-11-09T16:14:10.335+0000] {logging_mixin.py:188} INFO - [2025-11-09T16:14:10.334+0000] {dag.py:3089} INFO - Sync 1 DAGs
[2025-11-09T16:14:10.393+0000] {logging_mixin.py:188} INFO - [2025-11-09T16:14:10.393+0000] {dag.py:3947} INFO - Setting next_dagrun for first_dag to 2025-11-09 00:00:00+00:00, run_after=2025-11-10 00:00:00+00:00
[2025-11-09T16:14:10.427+0000] {processor.py:183} INFO - Processing /opt/airflow/dags/first_dag.py took 0.216 seconds
[2025-11-09T16:14:40.508+0000] {processor.py:161} INFO - Started process (PID=2962) to work on /opt/airflow/dags/first_dag.py
[2025-11-09T16:14:40.510+0000] {processor.py:830} INFO - Processing file /opt/airflow/dags/first_dag.py for tasks to queue
[2025-11-09T16:14:40.513+0000] {logging_mixin.py:188} INFO - [2025-11-09T16:14:40.512+0000] {dagbag.py:545} INFO - Filling up the DagBag from /opt/airflow/dags/first_dag.py
[2025-11-09T16:14:40.539+0000] {processor.py:840} INFO - DAG(s) 'first_dag' retrieved from /opt/airflow/dags/first_dag.py
[2025-11-09T16:14:40.575+0000] {logging_mixin.py:188} INFO - [2025-11-09T16:14:40.575+0000] {dag.py:3089} INFO - Sync 1 DAGs
[2025-11-09T16:14:40.617+0000] {logging_mixin.py:188} INFO - [2025-11-09T16:14:40.617+0000] {dag.py:3947} INFO - Setting next_dagrun for first_dag to 2025-11-09 00:00:00+00:00, run_after=2025-11-10 00:00:00+00:00
[2025-11-09T16:14:40.644+0000] {processor.py:183} INFO - Processing /opt/airflow/dags/first_dag.py took 0.152 seconds
[2025-11-09T16:15:10.906+0000] {processor.py:161} INFO - Started process (PID=2972) to work on /opt/airflow/dags/first_dag.py
[2025-11-09T16:15:10.907+0000] {processor.py:830} INFO - Processing file /opt/airflow/dags/first_dag.py for tasks to queue
[2025-11-09T16:15:10.909+0000] {logging_mixin.py:188} INFO - [2025-11-09T16:15:10.909+0000] {dagbag.py:545} INFO - Filling up the DagBag from /opt/airflow/dags/first_dag.py
[2025-11-09T16:15:10.925+0000] {processor.py:840} INFO - DAG(s) 'first_dag' retrieved from /opt/airflow/dags/first_dag.py
[2025-11-09T16:15:10.966+0000] {logging_mixin.py:188} INFO - [2025-11-09T16:15:10.966+0000] {dag.py:3089} INFO - Sync 1 DAGs
[2025-11-09T16:15:11.002+0000] {logging_mixin.py:188} INFO - [2025-11-09T16:15:11.002+0000] {dag.py:3947} INFO - Setting next_dagrun for first_dag to 2025-11-09 00:00:00+00:00, run_after=2025-11-10 00:00:00+00:00
[2025-11-09T16:15:11.035+0000] {processor.py:183} INFO - Processing /opt/airflow/dags/first_dag.py took 0.140 seconds
[2025-11-09T16:15:41.171+0000] {processor.py:161} INFO - Started process (PID=2982) to work on /opt/airflow/dags/first_dag.py
[2025-11-09T16:15:41.173+0000] {processor.py:830} INFO - Processing file /opt/airflow/dags/first_dag.py for tasks to queue
[2025-11-09T16:15:41.174+0000] {logging_mixin.py:188} INFO - [2025-11-09T16:15:41.174+0000] {dagbag.py:545} INFO - Filling up the DagBag from /opt/airflow/dags/first_dag.py
[2025-11-09T16:15:41.198+0000] {processor.py:840} INFO - DAG(s) 'first_dag' retrieved from /opt/airflow/dags/first_dag.py
[2025-11-09T16:15:41.246+0000] {logging_mixin.py:188} INFO - [2025-11-09T16:15:41.245+0000] {dag.py:3089} INFO - Sync 1 DAGs
[2025-11-09T16:15:41.291+0000] {logging_mixin.py:188} INFO - [2025-11-09T16:15:41.290+0000] {dag.py:3947} INFO - Setting next_dagrun for first_dag to 2025-11-09 00:00:00+00:00, run_after=2025-11-10 00:00:00+00:00
[2025-11-09T16:15:41.328+0000] {processor.py:183} INFO - Processing /opt/airflow/dags/first_dag.py took 0.169 seconds
[2025-11-09T16:16:11.531+0000] {processor.py:161} INFO - Started process (PID=2992) to work on /opt/airflow/dags/first_dag.py
[2025-11-09T16:16:11.536+0000] {processor.py:830} INFO - Processing file /opt/airflow/dags/first_dag.py for tasks to queue
[2025-11-09T16:16:11.539+0000] {logging_mixin.py:188} INFO - [2025-11-09T16:16:11.538+0000] {dagbag.py:545} INFO - Filling up the DagBag from /opt/airflow/dags/first_dag.py
[2025-11-09T16:16:11.589+0000] {processor.py:840} INFO - DAG(s) 'first_dag' retrieved from /opt/airflow/dags/first_dag.py
[2025-11-09T16:16:11.644+0000] {logging_mixin.py:188} INFO - [2025-11-09T16:16:11.644+0000] {dag.py:3089} INFO - Sync 1 DAGs
[2025-11-09T16:16:11.691+0000] {logging_mixin.py:188} INFO - [2025-11-09T16:16:11.690+0000] {dag.py:3947} INFO - Setting next_dagrun for first_dag to 2025-11-09 00:00:00+00:00, run_after=2025-11-10 00:00:00+00:00
[2025-11-09T16:16:11.730+0000] {processor.py:183} INFO - Processing /opt/airflow/dags/first_dag.py took 0.225 seconds
[2025-11-09T16:16:41.909+0000] {processor.py:161} INFO - Started process (PID=3002) to work on /opt/airflow/dags/first_dag.py
[2025-11-09T16:16:41.911+0000] {processor.py:830} INFO - Processing file /opt/airflow/dags/first_dag.py for tasks to queue
[2025-11-09T16:16:41.912+0000] {logging_mixin.py:188} INFO - [2025-11-09T16:16:41.912+0000] {dagbag.py:545} INFO - Filling up the DagBag from /opt/airflow/dags/first_dag.py
[2025-11-09T16:16:41.929+0000] {processor.py:840} INFO - DAG(s) 'first_dag' retrieved from /opt/airflow/dags/first_dag.py
[2025-11-09T16:16:41.977+0000] {logging_mixin.py:188} INFO - [2025-11-09T16:16:41.976+0000] {dag.py:3089} INFO - Sync 1 DAGs
[2025-11-09T16:16:42.013+0000] {logging_mixin.py:188} INFO - [2025-11-09T16:16:42.012+0000] {dag.py:3947} INFO - Setting next_dagrun for first_dag to 2025-11-09 00:00:00+00:00, run_after=2025-11-10 00:00:00+00:00
[2025-11-09T16:16:42.044+0000] {processor.py:183} INFO - Processing /opt/airflow/dags/first_dag.py took 0.145 seconds
[2025-11-09T16:17:12.130+0000] {processor.py:161} INFO - Started process (PID=3012) to work on /opt/airflow/dags/first_dag.py
[2025-11-09T16:17:12.132+0000] {processor.py:830} INFO - Processing file /opt/airflow/dags/first_dag.py for tasks to queue
[2025-11-09T16:17:12.135+0000] {logging_mixin.py:188} INFO - [2025-11-09T16:17:12.134+0000] {dagbag.py:545} INFO - Filling up the DagBag from /opt/airflow/dags/first_dag.py
[2025-11-09T16:17:12.155+0000] {processor.py:840} INFO - DAG(s) 'first_dag' retrieved from /opt/airflow/dags/first_dag.py
[2025-11-09T16:17:12.208+0000] {logging_mixin.py:188} INFO - [2025-11-09T16:17:12.208+0000] {dag.py:3089} INFO - Sync 1 DAGs
[2025-11-09T16:17:12.252+0000] {logging_mixin.py:188} INFO - [2025-11-09T16:17:12.251+0000] {dag.py:3947} INFO - Setting next_dagrun for first_dag to 2025-11-09 00:00:00+00:00, run_after=2025-11-10 00:00:00+00:00
[2025-11-09T16:17:12.281+0000] {processor.py:183} INFO - Processing /opt/airflow/dags/first_dag.py took 0.158 seconds
[2025-11-09T16:17:42.527+0000] {processor.py:161} INFO - Started process (PID=3022) to work on /opt/airflow/dags/first_dag.py
[2025-11-09T16:17:42.529+0000] {processor.py:830} INFO - Processing file /opt/airflow/dags/first_dag.py for tasks to queue
[2025-11-09T16:17:42.534+0000] {logging_mixin.py:188} INFO - [2025-11-09T16:17:42.532+0000] {dagbag.py:545} INFO - Filling up the DagBag from /opt/airflow/dags/first_dag.py
[2025-11-09T16:17:42.568+0000] {processor.py:840} INFO - DAG(s) 'first_dag' retrieved from /opt/airflow/dags/first_dag.py
[2025-11-09T16:17:42.650+0000] {logging_mixin.py:188} INFO - [2025-11-09T16:17:42.649+0000] {dag.py:3089} INFO - Sync 1 DAGs
[2025-11-09T16:17:42.690+0000] {logging_mixin.py:188} INFO - [2025-11-09T16:17:42.689+0000] {dag.py:3947} INFO - Setting next_dagrun for first_dag to 2025-11-09 00:00:00+00:00, run_after=2025-11-10 00:00:00+00:00
[2025-11-09T16:17:42.741+0000] {processor.py:183} INFO - Processing /opt/airflow/dags/first_dag.py took 0.230 seconds
[2025-11-09T16:18:12.901+0000] {processor.py:161} INFO - Started process (PID=3032) to work on /opt/airflow/dags/first_dag.py
[2025-11-09T16:18:12.903+0000] {processor.py:830} INFO - Processing file /opt/airflow/dags/first_dag.py for tasks to queue
[2025-11-09T16:18:12.904+0000] {logging_mixin.py:188} INFO - [2025-11-09T16:18:12.904+0000] {dagbag.py:545} INFO - Filling up the DagBag from /opt/airflow/dags/first_dag.py
[2025-11-09T16:18:12.923+0000] {processor.py:840} INFO - DAG(s) 'first_dag' retrieved from /opt/airflow/dags/first_dag.py
[2025-11-09T16:18:12.977+0000] {logging_mixin.py:188} INFO - [2025-11-09T16:18:12.977+0000] {dag.py:3089} INFO - Sync 1 DAGs
[2025-11-09T16:18:13.022+0000] {logging_mixin.py:188} INFO - [2025-11-09T16:18:13.022+0000] {dag.py:3947} INFO - Setting next_dagrun for first_dag to 2025-11-09 00:00:00+00:00, run_after=2025-11-10 00:00:00+00:00
[2025-11-09T16:18:13.064+0000] {processor.py:183} INFO - Processing /opt/airflow/dags/first_dag.py took 0.176 seconds
[2025-11-09T16:18:43.245+0000] {processor.py:161} INFO - Started process (PID=3042) to work on /opt/airflow/dags/first_dag.py
[2025-11-09T16:18:43.247+0000] {processor.py:830} INFO - Processing file /opt/airflow/dags/first_dag.py for tasks to queue
[2025-11-09T16:18:43.249+0000] {logging_mixin.py:188} INFO - [2025-11-09T16:18:43.248+0000] {dagbag.py:545} INFO - Filling up the DagBag from /opt/airflow/dags/first_dag.py
[2025-11-09T16:18:43.267+0000] {processor.py:840} INFO - DAG(s) 'first_dag' retrieved from /opt/airflow/dags/first_dag.py
[2025-11-09T16:18:43.312+0000] {logging_mixin.py:188} INFO - [2025-11-09T16:18:43.312+0000] {dag.py:3089} INFO - Sync 1 DAGs
[2025-11-09T16:18:43.346+0000] {logging_mixin.py:188} INFO - [2025-11-09T16:18:43.346+0000] {dag.py:3947} INFO - Setting next_dagrun for first_dag to 2025-11-09 00:00:00+00:00, run_after=2025-11-10 00:00:00+00:00
[2025-11-09T16:18:43.376+0000] {processor.py:183} INFO - Processing /opt/airflow/dags/first_dag.py took 0.143 seconds
[2025-11-09T16:19:13.514+0000] {processor.py:161} INFO - Started process (PID=3052) to work on /opt/airflow/dags/first_dag.py
[2025-11-09T16:19:13.517+0000] {processor.py:830} INFO - Processing file /opt/airflow/dags/first_dag.py for tasks to queue
[2025-11-09T16:19:13.521+0000] {logging_mixin.py:188} INFO - [2025-11-09T16:19:13.520+0000] {dagbag.py:545} INFO - Filling up the DagBag from /opt/airflow/dags/first_dag.py
[2025-11-09T16:19:13.553+0000] {processor.py:840} INFO - DAG(s) 'first_dag' retrieved from /opt/airflow/dags/first_dag.py
[2025-11-09T16:19:13.631+0000] {logging_mixin.py:188} INFO - [2025-11-09T16:19:13.631+0000] {dag.py:3089} INFO - Sync 1 DAGs
[2025-11-09T16:19:13.672+0000] {logging_mixin.py:188} INFO - [2025-11-09T16:19:13.672+0000] {dag.py:3947} INFO - Setting next_dagrun for first_dag to 2025-11-09 00:00:00+00:00, run_after=2025-11-10 00:00:00+00:00
[2025-11-09T16:19:13.697+0000] {processor.py:183} INFO - Processing /opt/airflow/dags/first_dag.py took 0.202 seconds
[2025-11-09T16:19:44.153+0000] {processor.py:161} INFO - Started process (PID=3062) to work on /opt/airflow/dags/first_dag.py
[2025-11-09T16:19:44.155+0000] {processor.py:830} INFO - Processing file /opt/airflow/dags/first_dag.py for tasks to queue
[2025-11-09T16:19:44.159+0000] {logging_mixin.py:188} INFO - [2025-11-09T16:19:44.158+0000] {dagbag.py:545} INFO - Filling up the DagBag from /opt/airflow/dags/first_dag.py
[2025-11-09T16:19:44.190+0000] {processor.py:840} INFO - DAG(s) 'first_dag' retrieved from /opt/airflow/dags/first_dag.py
[2025-11-09T16:19:44.270+0000] {logging_mixin.py:188} INFO - [2025-11-09T16:19:44.269+0000] {dag.py:3089} INFO - Sync 1 DAGs
[2025-11-09T16:19:44.311+0000] {logging_mixin.py:188} INFO - [2025-11-09T16:19:44.311+0000] {dag.py:3947} INFO - Setting next_dagrun for first_dag to 2025-11-09 00:00:00+00:00, run_after=2025-11-10 00:00:00+00:00
[2025-11-09T16:19:44.346+0000] {processor.py:183} INFO - Processing /opt/airflow/dags/first_dag.py took 0.219 seconds
[2025-11-09T16:20:14.487+0000] {processor.py:161} INFO - Started process (PID=3072) to work on /opt/airflow/dags/first_dag.py
[2025-11-09T16:20:14.488+0000] {processor.py:830} INFO - Processing file /opt/airflow/dags/first_dag.py for tasks to queue
[2025-11-09T16:20:14.490+0000] {logging_mixin.py:188} INFO - [2025-11-09T16:20:14.489+0000] {dagbag.py:545} INFO - Filling up the DagBag from /opt/airflow/dags/first_dag.py
[2025-11-09T16:20:14.512+0000] {processor.py:840} INFO - DAG(s) 'first_dag' retrieved from /opt/airflow/dags/first_dag.py
[2025-11-09T16:20:14.565+0000] {logging_mixin.py:188} INFO - [2025-11-09T16:20:14.565+0000] {dag.py:3089} INFO - Sync 1 DAGs
[2025-11-09T16:20:14.603+0000] {logging_mixin.py:188} INFO - [2025-11-09T16:20:14.602+0000] {dag.py:3947} INFO - Setting next_dagrun for first_dag to 2025-11-09 00:00:00+00:00, run_after=2025-11-10 00:00:00+00:00
[2025-11-09T16:20:14.633+0000] {processor.py:183} INFO - Processing /opt/airflow/dags/first_dag.py took 0.157 seconds
[2025-11-09T16:20:44.729+0000] {processor.py:161} INFO - Started process (PID=3082) to work on /opt/airflow/dags/first_dag.py
[2025-11-09T16:20:44.731+0000] {processor.py:830} INFO - Processing file /opt/airflow/dags/first_dag.py for tasks to queue
[2025-11-09T16:20:44.733+0000] {logging_mixin.py:188} INFO - [2025-11-09T16:20:44.733+0000] {dagbag.py:545} INFO - Filling up the DagBag from /opt/airflow/dags/first_dag.py
[2025-11-09T16:20:44.755+0000] {processor.py:840} INFO - DAG(s) 'first_dag' retrieved from /opt/airflow/dags/first_dag.py
[2025-11-09T16:20:44.837+0000] {logging_mixin.py:188} INFO - [2025-11-09T16:20:44.836+0000] {dag.py:3089} INFO - Sync 1 DAGs
[2025-11-09T16:20:44.917+0000] {logging_mixin.py:188} INFO - [2025-11-09T16:20:44.917+0000] {dag.py:3947} INFO - Setting next_dagrun for first_dag to 2025-11-09 00:00:00+00:00, run_after=2025-11-10 00:00:00+00:00
[2025-11-09T16:20:45.004+0000] {processor.py:183} INFO - Processing /opt/airflow/dags/first_dag.py took 0.293 seconds
[2025-11-09T16:21:15.192+0000] {processor.py:161} INFO - Started process (PID=3092) to work on /opt/airflow/dags/first_dag.py
[2025-11-09T16:21:15.195+0000] {processor.py:830} INFO - Processing file /opt/airflow/dags/first_dag.py for tasks to queue
[2025-11-09T16:21:15.197+0000] {logging_mixin.py:188} INFO - [2025-11-09T16:21:15.196+0000] {dagbag.py:545} INFO - Filling up the DagBag from /opt/airflow/dags/first_dag.py
[2025-11-09T16:21:15.232+0000] {processor.py:840} INFO - DAG(s) 'first_dag' retrieved from /opt/airflow/dags/first_dag.py
[2025-11-09T16:21:15.322+0000] {logging_mixin.py:188} INFO - [2025-11-09T16:21:15.321+0000] {dag.py:3089} INFO - Sync 1 DAGs
[2025-11-09T16:21:15.372+0000] {logging_mixin.py:188} INFO - [2025-11-09T16:21:15.369+0000] {dag.py:3947} INFO - Setting next_dagrun for first_dag to 2025-11-09 00:00:00+00:00, run_after=2025-11-10 00:00:00+00:00
[2025-11-09T16:21:15.412+0000] {processor.py:183} INFO - Processing /opt/airflow/dags/first_dag.py took 0.243 seconds
[2025-11-09T16:21:45.517+0000] {processor.py:161} INFO - Started process (PID=3102) to work on /opt/airflow/dags/first_dag.py
[2025-11-09T16:21:45.519+0000] {processor.py:830} INFO - Processing file /opt/airflow/dags/first_dag.py for tasks to queue
[2025-11-09T16:21:45.521+0000] {logging_mixin.py:188} INFO - [2025-11-09T16:21:45.521+0000] {dagbag.py:545} INFO - Filling up the DagBag from /opt/airflow/dags/first_dag.py
[2025-11-09T16:21:45.540+0000] {processor.py:840} INFO - DAG(s) 'first_dag' retrieved from /opt/airflow/dags/first_dag.py
[2025-11-09T16:21:45.598+0000] {logging_mixin.py:188} INFO - [2025-11-09T16:21:45.597+0000] {dag.py:3089} INFO - Sync 1 DAGs
[2025-11-09T16:21:45.642+0000] {logging_mixin.py:188} INFO - [2025-11-09T16:21:45.642+0000] {dag.py:3947} INFO - Setting next_dagrun for first_dag to 2025-11-09 00:00:00+00:00, run_after=2025-11-10 00:00:00+00:00
[2025-11-09T16:21:45.676+0000] {processor.py:183} INFO - Processing /opt/airflow/dags/first_dag.py took 0.169 seconds
[2025-11-09T16:22:16.053+0000] {processor.py:161} INFO - Started process (PID=3112) to work on /opt/airflow/dags/first_dag.py
[2025-11-09T16:22:16.056+0000] {processor.py:830} INFO - Processing file /opt/airflow/dags/first_dag.py for tasks to queue
[2025-11-09T16:22:16.060+0000] {logging_mixin.py:188} INFO - [2025-11-09T16:22:16.058+0000] {dagbag.py:545} INFO - Filling up the DagBag from /opt/airflow/dags/first_dag.py
[2025-11-09T16:22:16.089+0000] {processor.py:840} INFO - DAG(s) 'first_dag' retrieved from /opt/airflow/dags/first_dag.py
[2025-11-09T16:22:16.131+0000] {logging_mixin.py:188} INFO - [2025-11-09T16:22:16.130+0000] {dag.py:3089} INFO - Sync 1 DAGs
[2025-11-09T16:22:16.188+0000] {logging_mixin.py:188} INFO - [2025-11-09T16:22:16.188+0000] {dag.py:3947} INFO - Setting next_dagrun for first_dag to 2025-11-09 00:00:00+00:00, run_after=2025-11-10 00:00:00+00:00
[2025-11-09T16:22:16.252+0000] {processor.py:183} INFO - Processing /opt/airflow/dags/first_dag.py took 0.219 seconds
[2025-11-09T16:22:46.338+0000] {processor.py:161} INFO - Started process (PID=3122) to work on /opt/airflow/dags/first_dag.py
[2025-11-09T16:22:46.342+0000] {processor.py:830} INFO - Processing file /opt/airflow/dags/first_dag.py for tasks to queue
[2025-11-09T16:22:46.348+0000] {logging_mixin.py:188} INFO - [2025-11-09T16:22:46.346+0000] {dagbag.py:545} INFO - Filling up the DagBag from /opt/airflow/dags/first_dag.py
[2025-11-09T16:22:46.384+0000] {processor.py:840} INFO - DAG(s) 'first_dag' retrieved from /opt/airflow/dags/first_dag.py
[2025-11-09T16:22:46.426+0000] {logging_mixin.py:188} INFO - [2025-11-09T16:22:46.426+0000] {dag.py:3089} INFO - Sync 1 DAGs
[2025-11-09T16:22:46.463+0000] {logging_mixin.py:188} INFO - [2025-11-09T16:22:46.463+0000] {dag.py:3947} INFO - Setting next_dagrun for first_dag to 2025-11-09 00:00:00+00:00, run_after=2025-11-10 00:00:00+00:00
[2025-11-09T16:22:46.552+0000] {processor.py:183} INFO - Processing /opt/airflow/dags/first_dag.py took 0.233 seconds
[2025-11-09T16:23:16.658+0000] {processor.py:161} INFO - Started process (PID=3132) to work on /opt/airflow/dags/first_dag.py
[2025-11-09T16:23:16.660+0000] {processor.py:830} INFO - Processing file /opt/airflow/dags/first_dag.py for tasks to queue
[2025-11-09T16:23:16.661+0000] {logging_mixin.py:188} INFO - [2025-11-09T16:23:16.661+0000] {dagbag.py:545} INFO - Filling up the DagBag from /opt/airflow/dags/first_dag.py
[2025-11-09T16:23:16.680+0000] {processor.py:840} INFO - DAG(s) 'first_dag' retrieved from /opt/airflow/dags/first_dag.py
[2025-11-09T16:23:16.754+0000] {logging_mixin.py:188} INFO - [2025-11-09T16:23:16.753+0000] {dag.py:3089} INFO - Sync 1 DAGs
[2025-11-09T16:23:16.798+0000] {logging_mixin.py:188} INFO - [2025-11-09T16:23:16.798+0000] {dag.py:3947} INFO - Setting next_dagrun for first_dag to 2025-11-09 00:00:00+00:00, run_after=2025-11-10 00:00:00+00:00
[2025-11-09T16:23:16.829+0000] {processor.py:183} INFO - Processing /opt/airflow/dags/first_dag.py took 0.182 seconds
[2025-11-09T16:23:47.164+0000] {processor.py:161} INFO - Started process (PID=3142) to work on /opt/airflow/dags/first_dag.py
[2025-11-09T16:23:47.171+0000] {processor.py:830} INFO - Processing file /opt/airflow/dags/first_dag.py for tasks to queue
[2025-11-09T16:23:47.193+0000] {logging_mixin.py:188} INFO - [2025-11-09T16:23:47.187+0000] {dagbag.py:545} INFO - Filling up the DagBag from /opt/airflow/dags/first_dag.py
[2025-11-09T16:23:47.233+0000] {processor.py:840} INFO - DAG(s) 'first_dag' retrieved from /opt/airflow/dags/first_dag.py
[2025-11-09T16:23:47.289+0000] {logging_mixin.py:188} INFO - [2025-11-09T16:23:47.289+0000] {dag.py:3089} INFO - Sync 1 DAGs
[2025-11-09T16:23:47.327+0000] {logging_mixin.py:188} INFO - [2025-11-09T16:23:47.327+0000] {dag.py:3947} INFO - Setting next_dagrun for first_dag to 2025-11-09 00:00:00+00:00, run_after=2025-11-10 00:00:00+00:00
[2025-11-09T16:23:47.374+0000] {processor.py:183} INFO - Processing /opt/airflow/dags/first_dag.py took 0.229 seconds
[2025-11-09T16:24:17.473+0000] {processor.py:161} INFO - Started process (PID=3152) to work on /opt/airflow/dags/first_dag.py
[2025-11-09T16:24:17.475+0000] {processor.py:830} INFO - Processing file /opt/airflow/dags/first_dag.py for tasks to queue
[2025-11-09T16:24:17.480+0000] {logging_mixin.py:188} INFO - [2025-11-09T16:24:17.479+0000] {dagbag.py:545} INFO - Filling up the DagBag from /opt/airflow/dags/first_dag.py
[2025-11-09T16:24:17.516+0000] {processor.py:840} INFO - DAG(s) 'first_dag' retrieved from /opt/airflow/dags/first_dag.py
[2025-11-09T16:24:17.602+0000] {logging_mixin.py:188} INFO - [2025-11-09T16:24:17.601+0000] {dag.py:3089} INFO - Sync 1 DAGs
[2025-11-09T16:24:17.639+0000] {logging_mixin.py:188} INFO - [2025-11-09T16:24:17.639+0000] {dag.py:3947} INFO - Setting next_dagrun for first_dag to 2025-11-09 00:00:00+00:00, run_after=2025-11-10 00:00:00+00:00
[2025-11-09T16:24:17.666+0000] {processor.py:183} INFO - Processing /opt/airflow/dags/first_dag.py took 0.222 seconds
[2025-11-09T16:24:47.814+0000] {processor.py:161} INFO - Started process (PID=3162) to work on /opt/airflow/dags/first_dag.py
[2025-11-09T16:24:47.816+0000] {processor.py:830} INFO - Processing file /opt/airflow/dags/first_dag.py for tasks to queue
[2025-11-09T16:24:47.817+0000] {logging_mixin.py:188} INFO - [2025-11-09T16:24:47.816+0000] {dagbag.py:545} INFO - Filling up the DagBag from /opt/airflow/dags/first_dag.py
[2025-11-09T16:24:47.835+0000] {processor.py:840} INFO - DAG(s) 'first_dag' retrieved from /opt/airflow/dags/first_dag.py
[2025-11-09T16:24:47.887+0000] {logging_mixin.py:188} INFO - [2025-11-09T16:24:47.886+0000] {dag.py:3089} INFO - Sync 1 DAGs
[2025-11-09T16:24:47.921+0000] {logging_mixin.py:188} INFO - [2025-11-09T16:24:47.921+0000] {dag.py:3947} INFO - Setting next_dagrun for first_dag to 2025-11-09 00:00:00+00:00, run_after=2025-11-10 00:00:00+00:00
[2025-11-09T16:24:47.971+0000] {processor.py:183} INFO - Processing /opt/airflow/dags/first_dag.py took 0.168 seconds
[2025-11-09T16:25:18.152+0000] {processor.py:161} INFO - Started process (PID=3172) to work on /opt/airflow/dags/first_dag.py
[2025-11-09T16:25:18.155+0000] {processor.py:830} INFO - Processing file /opt/airflow/dags/first_dag.py for tasks to queue
[2025-11-09T16:25:18.160+0000] {logging_mixin.py:188} INFO - [2025-11-09T16:25:18.158+0000] {dagbag.py:545} INFO - Filling up the DagBag from /opt/airflow/dags/first_dag.py
[2025-11-09T16:25:18.212+0000] {processor.py:840} INFO - DAG(s) 'first_dag' retrieved from /opt/airflow/dags/first_dag.py
[2025-11-09T16:25:18.270+0000] {logging_mixin.py:188} INFO - [2025-11-09T16:25:18.270+0000] {dag.py:3089} INFO - Sync 1 DAGs
[2025-11-09T16:25:18.306+0000] {logging_mixin.py:188} INFO - [2025-11-09T16:25:18.305+0000] {dag.py:3947} INFO - Setting next_dagrun for first_dag to 2025-11-09 00:00:00+00:00, run_after=2025-11-10 00:00:00+00:00
[2025-11-09T16:25:18.348+0000] {processor.py:183} INFO - Processing /opt/airflow/dags/first_dag.py took 0.213 seconds
[2025-11-09T16:25:48.513+0000] {processor.py:161} INFO - Started process (PID=3182) to work on /opt/airflow/dags/first_dag.py
[2025-11-09T16:25:48.516+0000] {processor.py:830} INFO - Processing file /opt/airflow/dags/first_dag.py for tasks to queue
[2025-11-09T16:25:48.523+0000] {logging_mixin.py:188} INFO - [2025-11-09T16:25:48.522+0000] {dagbag.py:545} INFO - Filling up the DagBag from /opt/airflow/dags/first_dag.py
[2025-11-09T16:25:48.564+0000] {processor.py:840} INFO - DAG(s) 'first_dag' retrieved from /opt/airflow/dags/first_dag.py
[2025-11-09T16:25:48.647+0000] {logging_mixin.py:188} INFO - [2025-11-09T16:25:48.647+0000] {dag.py:3089} INFO - Sync 1 DAGs
[2025-11-09T16:25:48.679+0000] {logging_mixin.py:188} INFO - [2025-11-09T16:25:48.679+0000] {dag.py:3947} INFO - Setting next_dagrun for first_dag to 2025-11-09 00:00:00+00:00, run_after=2025-11-10 00:00:00+00:00
[2025-11-09T16:25:48.708+0000] {processor.py:183} INFO - Processing /opt/airflow/dags/first_dag.py took 0.211 seconds
[2025-11-09T16:26:18.973+0000] {processor.py:161} INFO - Started process (PID=3192) to work on /opt/airflow/dags/first_dag.py
[2025-11-09T16:26:18.974+0000] {processor.py:830} INFO - Processing file /opt/airflow/dags/first_dag.py for tasks to queue
[2025-11-09T16:26:18.975+0000] {logging_mixin.py:188} INFO - [2025-11-09T16:26:18.974+0000] {dagbag.py:545} INFO - Filling up the DagBag from /opt/airflow/dags/first_dag.py
[2025-11-09T16:26:19.000+0000] {processor.py:840} INFO - DAG(s) 'first_dag' retrieved from /opt/airflow/dags/first_dag.py
[2025-11-09T16:26:19.084+0000] {logging_mixin.py:188} INFO - [2025-11-09T16:26:19.084+0000] {dag.py:3089} INFO - Sync 1 DAGs
[2025-11-09T16:26:19.200+0000] {logging_mixin.py:188} INFO - [2025-11-09T16:26:19.193+0000] {dag.py:3947} INFO - Setting next_dagrun for first_dag to 2025-11-09 00:00:00+00:00, run_after=2025-11-10 00:00:00+00:00
[2025-11-09T16:26:19.254+0000] {processor.py:183} INFO - Processing /opt/airflow/dags/first_dag.py took 0.293 seconds
[2025-11-09T16:26:49.303+0000] {processor.py:161} INFO - Started process (PID=3202) to work on /opt/airflow/dags/first_dag.py
[2025-11-09T16:26:49.304+0000] {processor.py:830} INFO - Processing file /opt/airflow/dags/first_dag.py for tasks to queue
[2025-11-09T16:26:49.306+0000] {logging_mixin.py:188} INFO - [2025-11-09T16:26:49.305+0000] {dagbag.py:545} INFO - Filling up the DagBag from /opt/airflow/dags/first_dag.py
[2025-11-09T16:26:49.324+0000] {processor.py:840} INFO - DAG(s) 'first_dag' retrieved from /opt/airflow/dags/first_dag.py
[2025-11-09T16:26:49.368+0000] {logging_mixin.py:188} INFO - [2025-11-09T16:26:49.367+0000] {dag.py:3089} INFO - Sync 1 DAGs
[2025-11-09T16:26:49.400+0000] {logging_mixin.py:188} INFO - [2025-11-09T16:26:49.400+0000] {dag.py:3947} INFO - Setting next_dagrun for first_dag to 2025-11-09 00:00:00+00:00, run_after=2025-11-10 00:00:00+00:00
[2025-11-09T16:26:49.445+0000] {processor.py:183} INFO - Processing /opt/airflow/dags/first_dag.py took 0.154 seconds
[2025-11-09T16:27:19.563+0000] {processor.py:161} INFO - Started process (PID=3212) to work on /opt/airflow/dags/first_dag.py
[2025-11-09T16:27:19.565+0000] {processor.py:830} INFO - Processing file /opt/airflow/dags/first_dag.py for tasks to queue
[2025-11-09T16:27:19.568+0000] {logging_mixin.py:188} INFO - [2025-11-09T16:27:19.567+0000] {dagbag.py:545} INFO - Filling up the DagBag from /opt/airflow/dags/first_dag.py
[2025-11-09T16:27:19.608+0000] {processor.py:840} INFO - DAG(s) 'first_dag' retrieved from /opt/airflow/dags/first_dag.py
[2025-11-09T16:27:19.654+0000] {logging_mixin.py:188} INFO - [2025-11-09T16:27:19.653+0000] {dag.py:3089} INFO - Sync 1 DAGs
[2025-11-09T16:27:19.686+0000] {logging_mixin.py:188} INFO - [2025-11-09T16:27:19.686+0000] {dag.py:3947} INFO - Setting next_dagrun for first_dag to 2025-11-09 00:00:00+00:00, run_after=2025-11-10 00:00:00+00:00
[2025-11-09T16:27:19.725+0000] {processor.py:183} INFO - Processing /opt/airflow/dags/first_dag.py took 0.180 seconds
[2025-11-09T16:27:50.017+0000] {processor.py:161} INFO - Started process (PID=3222) to work on /opt/airflow/dags/first_dag.py
[2025-11-09T16:27:50.020+0000] {processor.py:830} INFO - Processing file /opt/airflow/dags/first_dag.py for tasks to queue
[2025-11-09T16:27:50.024+0000] {logging_mixin.py:188} INFO - [2025-11-09T16:27:50.023+0000] {dagbag.py:545} INFO - Filling up the DagBag from /opt/airflow/dags/first_dag.py
[2025-11-09T16:27:50.044+0000] {processor.py:840} INFO - DAG(s) 'first_dag' retrieved from /opt/airflow/dags/first_dag.py
[2025-11-09T16:27:50.093+0000] {logging_mixin.py:188} INFO - [2025-11-09T16:27:50.092+0000] {dag.py:3089} INFO - Sync 1 DAGs
[2025-11-09T16:27:50.129+0000] {logging_mixin.py:188} INFO - [2025-11-09T16:27:50.129+0000] {dag.py:3947} INFO - Setting next_dagrun for first_dag to 2025-11-09 00:00:00+00:00, run_after=2025-11-10 00:00:00+00:00
[2025-11-09T16:27:50.163+0000] {processor.py:183} INFO - Processing /opt/airflow/dags/first_dag.py took 0.154 seconds
[2025-11-09T16:28:20.370+0000] {processor.py:161} INFO - Started process (PID=3232) to work on /opt/airflow/dags/first_dag.py
[2025-11-09T16:28:20.373+0000] {processor.py:830} INFO - Processing file /opt/airflow/dags/first_dag.py for tasks to queue
[2025-11-09T16:28:20.377+0000] {logging_mixin.py:188} INFO - [2025-11-09T16:28:20.376+0000] {dagbag.py:545} INFO - Filling up the DagBag from /opt/airflow/dags/first_dag.py
[2025-11-09T16:28:20.412+0000] {processor.py:840} INFO - DAG(s) 'first_dag' retrieved from /opt/airflow/dags/first_dag.py
[2025-11-09T16:28:20.461+0000] {logging_mixin.py:188} INFO - [2025-11-09T16:28:20.460+0000] {dag.py:3089} INFO - Sync 1 DAGs
[2025-11-09T16:28:20.492+0000] {logging_mixin.py:188} INFO - [2025-11-09T16:28:20.492+0000] {dag.py:3947} INFO - Setting next_dagrun for first_dag to 2025-11-09 00:00:00+00:00, run_after=2025-11-10 00:00:00+00:00
[2025-11-09T16:28:20.524+0000] {processor.py:183} INFO - Processing /opt/airflow/dags/first_dag.py took 0.170 seconds
[2025-11-09T16:28:50.703+0000] {processor.py:161} INFO - Started process (PID=3242) to work on /opt/airflow/dags/first_dag.py
[2025-11-09T16:28:50.706+0000] {processor.py:830} INFO - Processing file /opt/airflow/dags/first_dag.py for tasks to queue
[2025-11-09T16:28:50.710+0000] {logging_mixin.py:188} INFO - [2025-11-09T16:28:50.708+0000] {dagbag.py:545} INFO - Filling up the DagBag from /opt/airflow/dags/first_dag.py
[2025-11-09T16:28:50.759+0000] {processor.py:840} INFO - DAG(s) 'first_dag' retrieved from /opt/airflow/dags/first_dag.py
[2025-11-09T16:28:50.830+0000] {logging_mixin.py:188} INFO - [2025-11-09T16:28:50.829+0000] {dag.py:3089} INFO - Sync 1 DAGs
[2025-11-09T16:28:50.870+0000] {logging_mixin.py:188} INFO - [2025-11-09T16:28:50.870+0000] {dag.py:3947} INFO - Setting next_dagrun for first_dag to 2025-11-09 00:00:00+00:00, run_after=2025-11-10 00:00:00+00:00
[2025-11-09T16:28:50.902+0000] {processor.py:183} INFO - Processing /opt/airflow/dags/first_dag.py took 0.228 seconds
[2025-11-09T16:29:21.239+0000] {processor.py:161} INFO - Started process (PID=3252) to work on /opt/airflow/dags/first_dag.py
[2025-11-09T16:29:21.246+0000] {processor.py:830} INFO - Processing file /opt/airflow/dags/first_dag.py for tasks to queue
[2025-11-09T16:29:21.248+0000] {logging_mixin.py:188} INFO - [2025-11-09T16:29:21.247+0000] {dagbag.py:545} INFO - Filling up the DagBag from /opt/airflow/dags/first_dag.py
[2025-11-09T16:29:21.271+0000] {processor.py:840} INFO - DAG(s) 'first_dag' retrieved from /opt/airflow/dags/first_dag.py
[2025-11-09T16:29:21.328+0000] {logging_mixin.py:188} INFO - [2025-11-09T16:29:21.327+0000] {dag.py:3089} INFO - Sync 1 DAGs
[2025-11-09T16:29:21.369+0000] {logging_mixin.py:188} INFO - [2025-11-09T16:29:21.369+0000] {dag.py:3947} INFO - Setting next_dagrun for first_dag to 2025-11-09 00:00:00+00:00, run_after=2025-11-10 00:00:00+00:00
[2025-11-09T16:29:21.403+0000] {processor.py:183} INFO - Processing /opt/airflow/dags/first_dag.py took 0.175 seconds
[2025-11-09T16:29:51.509+0000] {processor.py:161} INFO - Started process (PID=3262) to work on /opt/airflow/dags/first_dag.py
[2025-11-09T16:29:51.510+0000] {processor.py:830} INFO - Processing file /opt/airflow/dags/first_dag.py for tasks to queue
[2025-11-09T16:29:51.512+0000] {logging_mixin.py:188} INFO - [2025-11-09T16:29:51.511+0000] {dagbag.py:545} INFO - Filling up the DagBag from /opt/airflow/dags/first_dag.py
[2025-11-09T16:29:51.529+0000] {processor.py:840} INFO - DAG(s) 'first_dag' retrieved from /opt/airflow/dags/first_dag.py
[2025-11-09T16:29:51.581+0000] {logging_mixin.py:188} INFO - [2025-11-09T16:29:51.581+0000] {dag.py:3089} INFO - Sync 1 DAGs
[2025-11-09T16:29:51.626+0000] {logging_mixin.py:188} INFO - [2025-11-09T16:29:51.625+0000] {dag.py:3947} INFO - Setting next_dagrun for first_dag to 2025-11-09 00:00:00+00:00, run_after=2025-11-10 00:00:00+00:00
[2025-11-09T16:29:51.658+0000] {processor.py:183} INFO - Processing /opt/airflow/dags/first_dag.py took 0.158 seconds
[2025-11-09T16:30:21.961+0000] {processor.py:161} INFO - Started process (PID=3272) to work on /opt/airflow/dags/first_dag.py
[2025-11-09T16:30:21.964+0000] {processor.py:830} INFO - Processing file /opt/airflow/dags/first_dag.py for tasks to queue
[2025-11-09T16:30:21.967+0000] {logging_mixin.py:188} INFO - [2025-11-09T16:30:21.966+0000] {dagbag.py:545} INFO - Filling up the DagBag from /opt/airflow/dags/first_dag.py
[2025-11-09T16:30:21.986+0000] {processor.py:840} INFO - DAG(s) 'first_dag' retrieved from /opt/airflow/dags/first_dag.py
[2025-11-09T16:30:22.046+0000] {logging_mixin.py:188} INFO - [2025-11-09T16:30:22.045+0000] {dag.py:3089} INFO - Sync 1 DAGs
[2025-11-09T16:30:22.087+0000] {logging_mixin.py:188} INFO - [2025-11-09T16:30:22.087+0000] {dag.py:3947} INFO - Setting next_dagrun for first_dag to 2025-11-09 00:00:00+00:00, run_after=2025-11-10 00:00:00+00:00
[2025-11-09T16:30:22.141+0000] {processor.py:183} INFO - Processing /opt/airflow/dags/first_dag.py took 0.190 seconds
[2025-11-09T16:30:52.332+0000] {processor.py:161} INFO - Started process (PID=3282) to work on /opt/airflow/dags/first_dag.py
[2025-11-09T16:30:52.333+0000] {processor.py:830} INFO - Processing file /opt/airflow/dags/first_dag.py for tasks to queue
[2025-11-09T16:30:52.335+0000] {logging_mixin.py:188} INFO - [2025-11-09T16:30:52.335+0000] {dagbag.py:545} INFO - Filling up the DagBag from /opt/airflow/dags/first_dag.py
[2025-11-09T16:30:52.359+0000] {processor.py:840} INFO - DAG(s) 'first_dag' retrieved from /opt/airflow/dags/first_dag.py
[2025-11-09T16:30:52.406+0000] {logging_mixin.py:188} INFO - [2025-11-09T16:30:52.405+0000] {dag.py:3089} INFO - Sync 1 DAGs
[2025-11-09T16:30:52.442+0000] {logging_mixin.py:188} INFO - [2025-11-09T16:30:52.441+0000] {dag.py:3947} INFO - Setting next_dagrun for first_dag to 2025-11-09 00:00:00+00:00, run_after=2025-11-10 00:00:00+00:00
[2025-11-09T16:30:52.477+0000] {processor.py:183} INFO - Processing /opt/airflow/dags/first_dag.py took 0.152 seconds
[2025-11-09T16:31:22.804+0000] {processor.py:161} INFO - Started process (PID=3292) to work on /opt/airflow/dags/first_dag.py
[2025-11-09T16:31:22.805+0000] {processor.py:830} INFO - Processing file /opt/airflow/dags/first_dag.py for tasks to queue
[2025-11-09T16:31:22.807+0000] {logging_mixin.py:188} INFO - [2025-11-09T16:31:22.806+0000] {dagbag.py:545} INFO - Filling up the DagBag from /opt/airflow/dags/first_dag.py
[2025-11-09T16:31:22.824+0000] {processor.py:840} INFO - DAG(s) 'first_dag' retrieved from /opt/airflow/dags/first_dag.py
[2025-11-09T16:31:22.885+0000] {logging_mixin.py:188} INFO - [2025-11-09T16:31:22.885+0000] {dag.py:3089} INFO - Sync 1 DAGs
[2025-11-09T16:31:22.922+0000] {logging_mixin.py:188} INFO - [2025-11-09T16:31:22.922+0000] {dag.py:3947} INFO - Setting next_dagrun for first_dag to 2025-11-09 00:00:00+00:00, run_after=2025-11-10 00:00:00+00:00
[2025-11-09T16:31:22.956+0000] {processor.py:183} INFO - Processing /opt/airflow/dags/first_dag.py took 0.162 seconds
[2025-11-09T16:31:53.094+0000] {processor.py:161} INFO - Started process (PID=3302) to work on /opt/airflow/dags/first_dag.py
[2025-11-09T16:31:53.098+0000] {processor.py:830} INFO - Processing file /opt/airflow/dags/first_dag.py for tasks to queue
[2025-11-09T16:31:53.103+0000] {logging_mixin.py:188} INFO - [2025-11-09T16:31:53.101+0000] {dagbag.py:545} INFO - Filling up the DagBag from /opt/airflow/dags/first_dag.py
[2025-11-09T16:31:53.135+0000] {processor.py:840} INFO - DAG(s) 'first_dag' retrieved from /opt/airflow/dags/first_dag.py
[2025-11-09T16:31:53.198+0000] {logging_mixin.py:188} INFO - [2025-11-09T16:31:53.197+0000] {dag.py:3089} INFO - Sync 1 DAGs
[2025-11-09T16:31:53.230+0000] {logging_mixin.py:188} INFO - [2025-11-09T16:31:53.229+0000] {dag.py:3947} INFO - Setting next_dagrun for first_dag to 2025-11-09 00:00:00+00:00, run_after=2025-11-10 00:00:00+00:00
[2025-11-09T16:31:53.266+0000] {processor.py:183} INFO - Processing /opt/airflow/dags/first_dag.py took 0.193 seconds
[2025-11-09T16:32:23.435+0000] {processor.py:161} INFO - Started process (PID=3312) to work on /opt/airflow/dags/first_dag.py
[2025-11-09T16:32:23.436+0000] {processor.py:830} INFO - Processing file /opt/airflow/dags/first_dag.py for tasks to queue
[2025-11-09T16:32:23.438+0000] {logging_mixin.py:188} INFO - [2025-11-09T16:32:23.437+0000] {dagbag.py:545} INFO - Filling up the DagBag from /opt/airflow/dags/first_dag.py
[2025-11-09T16:32:23.467+0000] {processor.py:840} INFO - DAG(s) 'first_dag' retrieved from /opt/airflow/dags/first_dag.py
[2025-11-09T16:32:23.531+0000] {logging_mixin.py:188} INFO - [2025-11-09T16:32:23.530+0000] {dag.py:3089} INFO - Sync 1 DAGs
[2025-11-09T16:32:23.568+0000] {logging_mixin.py:188} INFO - [2025-11-09T16:32:23.568+0000] {dag.py:3947} INFO - Setting next_dagrun for first_dag to 2025-11-09 00:00:00+00:00, run_after=2025-11-10 00:00:00+00:00
[2025-11-09T16:32:23.614+0000] {processor.py:183} INFO - Processing /opt/airflow/dags/first_dag.py took 0.190 seconds
[2025-11-09T16:32:53.920+0000] {processor.py:161} INFO - Started process (PID=3322) to work on /opt/airflow/dags/first_dag.py
[2025-11-09T16:32:53.922+0000] {processor.py:830} INFO - Processing file /opt/airflow/dags/first_dag.py for tasks to queue
[2025-11-09T16:32:53.924+0000] {logging_mixin.py:188} INFO - [2025-11-09T16:32:53.923+0000] {dagbag.py:545} INFO - Filling up the DagBag from /opt/airflow/dags/first_dag.py
[2025-11-09T16:32:53.941+0000] {processor.py:840} INFO - DAG(s) 'first_dag' retrieved from /opt/airflow/dags/first_dag.py
[2025-11-09T16:32:53.988+0000] {logging_mixin.py:188} INFO - [2025-11-09T16:32:53.988+0000] {dag.py:3089} INFO - Sync 1 DAGs
[2025-11-09T16:32:54.028+0000] {logging_mixin.py:188} INFO - [2025-11-09T16:32:54.027+0000] {dag.py:3947} INFO - Setting next_dagrun for first_dag to 2025-11-09 00:00:00+00:00, run_after=2025-11-10 00:00:00+00:00
[2025-11-09T16:32:54.064+0000] {processor.py:183} INFO - Processing /opt/airflow/dags/first_dag.py took 0.153 seconds
[2025-11-09T16:33:24.238+0000] {processor.py:161} INFO - Started process (PID=3332) to work on /opt/airflow/dags/first_dag.py
[2025-11-09T16:33:24.240+0000] {processor.py:830} INFO - Processing file /opt/airflow/dags/first_dag.py for tasks to queue
[2025-11-09T16:33:24.244+0000] {logging_mixin.py:188} INFO - [2025-11-09T16:33:24.242+0000] {dagbag.py:545} INFO - Filling up the DagBag from /opt/airflow/dags/first_dag.py
[2025-11-09T16:33:24.289+0000] {processor.py:840} INFO - DAG(s) 'first_dag' retrieved from /opt/airflow/dags/first_dag.py
[2025-11-09T16:33:24.359+0000] {logging_mixin.py:188} INFO - [2025-11-09T16:33:24.359+0000] {dag.py:3089} INFO - Sync 1 DAGs
[2025-11-09T16:33:24.403+0000] {logging_mixin.py:188} INFO - [2025-11-09T16:33:24.403+0000] {dag.py:3947} INFO - Setting next_dagrun for first_dag to 2025-11-09 00:00:00+00:00, run_after=2025-11-10 00:00:00+00:00
[2025-11-09T16:33:24.431+0000] {processor.py:183} INFO - Processing /opt/airflow/dags/first_dag.py took 0.215 seconds
[2025-11-09T16:33:54.729+0000] {processor.py:161} INFO - Started process (PID=3342) to work on /opt/airflow/dags/first_dag.py
[2025-11-09T16:33:54.730+0000] {processor.py:830} INFO - Processing file /opt/airflow/dags/first_dag.py for tasks to queue
[2025-11-09T16:33:54.732+0000] {logging_mixin.py:188} INFO - [2025-11-09T16:33:54.731+0000] {dagbag.py:545} INFO - Filling up the DagBag from /opt/airflow/dags/first_dag.py
[2025-11-09T16:33:54.748+0000] {processor.py:840} INFO - DAG(s) 'first_dag' retrieved from /opt/airflow/dags/first_dag.py
[2025-11-09T16:33:54.799+0000] {logging_mixin.py:188} INFO - [2025-11-09T16:33:54.798+0000] {dag.py:3089} INFO - Sync 1 DAGs
[2025-11-09T16:33:54.835+0000] {logging_mixin.py:188} INFO - [2025-11-09T16:33:54.835+0000] {dag.py:3947} INFO - Setting next_dagrun for first_dag to 2025-11-09 00:00:00+00:00, run_after=2025-11-10 00:00:00+00:00
[2025-11-09T16:33:54.874+0000] {processor.py:183} INFO - Processing /opt/airflow/dags/first_dag.py took 0.156 seconds
[2025-11-09T16:34:24.984+0000] {processor.py:161} INFO - Started process (PID=3352) to work on /opt/airflow/dags/first_dag.py
[2025-11-09T16:34:24.987+0000] {processor.py:830} INFO - Processing file /opt/airflow/dags/first_dag.py for tasks to queue
[2025-11-09T16:34:24.990+0000] {logging_mixin.py:188} INFO - [2025-11-09T16:34:24.989+0000] {dagbag.py:545} INFO - Filling up the DagBag from /opt/airflow/dags/first_dag.py
[2025-11-09T16:34:25.012+0000] {processor.py:840} INFO - DAG(s) 'first_dag' retrieved from /opt/airflow/dags/first_dag.py
[2025-11-09T16:34:25.066+0000] {logging_mixin.py:188} INFO - [2025-11-09T16:34:25.065+0000] {dag.py:3089} INFO - Sync 1 DAGs
[2025-11-09T16:34:25.109+0000] {logging_mixin.py:188} INFO - [2025-11-09T16:34:25.108+0000] {dag.py:3947} INFO - Setting next_dagrun for first_dag to 2025-11-09 00:00:00+00:00, run_after=2025-11-10 00:00:00+00:00
[2025-11-09T16:34:25.158+0000] {processor.py:183} INFO - Processing /opt/airflow/dags/first_dag.py took 0.181 seconds
[2025-11-09T16:34:55.500+0000] {processor.py:161} INFO - Started process (PID=3362) to work on /opt/airflow/dags/first_dag.py
[2025-11-09T16:34:55.503+0000] {processor.py:830} INFO - Processing file /opt/airflow/dags/first_dag.py for tasks to queue
[2025-11-09T16:34:55.506+0000] {logging_mixin.py:188} INFO - [2025-11-09T16:34:55.505+0000] {dagbag.py:545} INFO - Filling up the DagBag from /opt/airflow/dags/first_dag.py
[2025-11-09T16:34:55.538+0000] {processor.py:840} INFO - DAG(s) 'first_dag' retrieved from /opt/airflow/dags/first_dag.py
[2025-11-09T16:34:55.628+0000] {logging_mixin.py:188} INFO - [2025-11-09T16:34:55.627+0000] {dag.py:3089} INFO - Sync 1 DAGs
[2025-11-09T16:34:55.682+0000] {logging_mixin.py:188} INFO - [2025-11-09T16:34:55.681+0000] {dag.py:3947} INFO - Setting next_dagrun for first_dag to 2025-11-09 00:00:00+00:00, run_after=2025-11-10 00:00:00+00:00
[2025-11-09T16:34:55.715+0000] {processor.py:183} INFO - Processing /opt/airflow/dags/first_dag.py took 0.236 seconds
[2025-11-09T16:35:25.787+0000] {processor.py:161} INFO - Started process (PID=3372) to work on /opt/airflow/dags/first_dag.py
[2025-11-09T16:35:25.788+0000] {processor.py:830} INFO - Processing file /opt/airflow/dags/first_dag.py for tasks to queue
[2025-11-09T16:35:25.790+0000] {logging_mixin.py:188} INFO - [2025-11-09T16:35:25.789+0000] {dagbag.py:545} INFO - Filling up the DagBag from /opt/airflow/dags/first_dag.py
[2025-11-09T16:35:25.813+0000] {processor.py:840} INFO - DAG(s) 'first_dag' retrieved from /opt/airflow/dags/first_dag.py
[2025-11-09T16:35:25.859+0000] {logging_mixin.py:188} INFO - [2025-11-09T16:35:25.859+0000] {dag.py:3089} INFO - Sync 1 DAGs
[2025-11-09T16:35:25.897+0000] {logging_mixin.py:188} INFO - [2025-11-09T16:35:25.897+0000] {dag.py:3947} INFO - Setting next_dagrun for first_dag to 2025-11-09 00:00:00+00:00, run_after=2025-11-10 00:00:00+00:00
[2025-11-09T16:35:25.933+0000] {processor.py:183} INFO - Processing /opt/airflow/dags/first_dag.py took 0.156 seconds
[2025-11-09T16:35:56.284+0000] {processor.py:161} INFO - Started process (PID=3382) to work on /opt/airflow/dags/first_dag.py
[2025-11-09T16:35:56.285+0000] {processor.py:830} INFO - Processing file /opt/airflow/dags/first_dag.py for tasks to queue
[2025-11-09T16:35:56.287+0000] {logging_mixin.py:188} INFO - [2025-11-09T16:35:56.287+0000] {dagbag.py:545} INFO - Filling up the DagBag from /opt/airflow/dags/first_dag.py
[2025-11-09T16:35:56.309+0000] {processor.py:840} INFO - DAG(s) 'first_dag' retrieved from /opt/airflow/dags/first_dag.py
[2025-11-09T16:35:56.355+0000] {logging_mixin.py:188} INFO - [2025-11-09T16:35:56.355+0000] {dag.py:3089} INFO - Sync 1 DAGs
[2025-11-09T16:35:56.397+0000] {logging_mixin.py:188} INFO - [2025-11-09T16:35:56.397+0000] {dag.py:3947} INFO - Setting next_dagrun for first_dag to 2025-11-09 00:00:00+00:00, run_after=2025-11-10 00:00:00+00:00
[2025-11-09T16:35:56.432+0000] {processor.py:183} INFO - Processing /opt/airflow/dags/first_dag.py took 0.155 seconds
[2025-11-09T16:36:26.558+0000] {processor.py:161} INFO - Started process (PID=3392) to work on /opt/airflow/dags/first_dag.py
[2025-11-09T16:36:26.560+0000] {processor.py:830} INFO - Processing file /opt/airflow/dags/first_dag.py for tasks to queue
[2025-11-09T16:36:26.563+0000] {logging_mixin.py:188} INFO - [2025-11-09T16:36:26.562+0000] {dagbag.py:545} INFO - Filling up the DagBag from /opt/airflow/dags/first_dag.py
[2025-11-09T16:36:26.606+0000] {processor.py:840} INFO - DAG(s) 'first_dag' retrieved from /opt/airflow/dags/first_dag.py
[2025-11-09T16:36:26.680+0000] {logging_mixin.py:188} INFO - [2025-11-09T16:36:26.680+0000] {dag.py:3089} INFO - Sync 1 DAGs
[2025-11-09T16:36:26.740+0000] {logging_mixin.py:188} INFO - [2025-11-09T16:36:26.739+0000] {dag.py:3947} INFO - Setting next_dagrun for first_dag to 2025-11-09 00:00:00+00:00, run_after=2025-11-10 00:00:00+00:00
[2025-11-09T16:36:26.795+0000] {processor.py:183} INFO - Processing /opt/airflow/dags/first_dag.py took 0.257 seconds
[2025-11-09T16:36:56.935+0000] {processor.py:161} INFO - Started process (PID=3402) to work on /opt/airflow/dags/first_dag.py
[2025-11-09T16:36:56.937+0000] {processor.py:830} INFO - Processing file /opt/airflow/dags/first_dag.py for tasks to queue
[2025-11-09T16:36:56.940+0000] {logging_mixin.py:188} INFO - [2025-11-09T16:36:56.939+0000] {dagbag.py:545} INFO - Filling up the DagBag from /opt/airflow/dags/first_dag.py
[2025-11-09T16:36:56.984+0000] {processor.py:840} INFO - DAG(s) 'first_dag' retrieved from /opt/airflow/dags/first_dag.py
[2025-11-09T16:36:57.039+0000] {logging_mixin.py:188} INFO - [2025-11-09T16:36:57.039+0000] {dag.py:3089} INFO - Sync 1 DAGs
[2025-11-09T16:36:57.071+0000] {logging_mixin.py:188} INFO - [2025-11-09T16:36:57.071+0000] {dag.py:3947} INFO - Setting next_dagrun for first_dag to 2025-11-09 00:00:00+00:00, run_after=2025-11-10 00:00:00+00:00
[2025-11-09T16:36:57.115+0000] {processor.py:183} INFO - Processing /opt/airflow/dags/first_dag.py took 0.197 seconds
[2025-11-09T16:37:27.180+0000] {processor.py:161} INFO - Started process (PID=3412) to work on /opt/airflow/dags/first_dag.py
[2025-11-09T16:37:27.182+0000] {processor.py:830} INFO - Processing file /opt/airflow/dags/first_dag.py for tasks to queue
[2025-11-09T16:37:27.184+0000] {logging_mixin.py:188} INFO - [2025-11-09T16:37:27.183+0000] {dagbag.py:545} INFO - Filling up the DagBag from /opt/airflow/dags/first_dag.py
[2025-11-09T16:37:27.202+0000] {processor.py:840} INFO - DAG(s) 'first_dag' retrieved from /opt/airflow/dags/first_dag.py
[2025-11-09T16:37:27.257+0000] {logging_mixin.py:188} INFO - [2025-11-09T16:37:27.256+0000] {dag.py:3089} INFO - Sync 1 DAGs
[2025-11-09T16:37:27.296+0000] {logging_mixin.py:188} INFO - [2025-11-09T16:37:27.296+0000] {dag.py:3947} INFO - Setting next_dagrun for first_dag to 2025-11-09 00:00:00+00:00, run_after=2025-11-10 00:00:00+00:00
[2025-11-09T16:37:27.338+0000] {processor.py:183} INFO - Processing /opt/airflow/dags/first_dag.py took 0.170 seconds
[2025-11-09T16:37:57.578+0000] {processor.py:161} INFO - Started process (PID=3422) to work on /opt/airflow/dags/first_dag.py
[2025-11-09T16:37:57.580+0000] {processor.py:830} INFO - Processing file /opt/airflow/dags/first_dag.py for tasks to queue
[2025-11-09T16:37:57.582+0000] {logging_mixin.py:188} INFO - [2025-11-09T16:37:57.581+0000] {dagbag.py:545} INFO - Filling up the DagBag from /opt/airflow/dags/first_dag.py
[2025-11-09T16:37:57.613+0000] {processor.py:840} INFO - DAG(s) 'first_dag' retrieved from /opt/airflow/dags/first_dag.py
[2025-11-09T16:37:57.673+0000] {logging_mixin.py:188} INFO - [2025-11-09T16:37:57.671+0000] {dag.py:3089} INFO - Sync 1 DAGs
[2025-11-09T16:37:57.732+0000] {logging_mixin.py:188} INFO - [2025-11-09T16:37:57.732+0000] {dag.py:3947} INFO - Setting next_dagrun for first_dag to 2025-11-09 00:00:00+00:00, run_after=2025-11-10 00:00:00+00:00
[2025-11-09T16:37:57.760+0000] {processor.py:183} INFO - Processing /opt/airflow/dags/first_dag.py took 0.192 seconds
[2025-11-09T16:38:27.863+0000] {processor.py:161} INFO - Started process (PID=3432) to work on /opt/airflow/dags/first_dag.py
[2025-11-09T16:38:27.866+0000] {processor.py:830} INFO - Processing file /opt/airflow/dags/first_dag.py for tasks to queue
[2025-11-09T16:38:27.870+0000] {logging_mixin.py:188} INFO - [2025-11-09T16:38:27.868+0000] {dagbag.py:545} INFO - Filling up the DagBag from /opt/airflow/dags/first_dag.py
[2025-11-09T16:38:27.909+0000] {processor.py:840} INFO - DAG(s) 'first_dag' retrieved from /opt/airflow/dags/first_dag.py
[2025-11-09T16:38:27.980+0000] {logging_mixin.py:188} INFO - [2025-11-09T16:38:27.979+0000] {dag.py:3089} INFO - Sync 1 DAGs
[2025-11-09T16:38:28.016+0000] {logging_mixin.py:188} INFO - [2025-11-09T16:38:28.015+0000] {dag.py:3947} INFO - Setting next_dagrun for first_dag to 2025-11-09 00:00:00+00:00, run_after=2025-11-10 00:00:00+00:00
[2025-11-09T16:38:28.043+0000] {processor.py:183} INFO - Processing /opt/airflow/dags/first_dag.py took 0.198 seconds
[2025-11-09T16:38:58.309+0000] {processor.py:161} INFO - Started process (PID=3442) to work on /opt/airflow/dags/first_dag.py
[2025-11-09T16:38:58.311+0000] {processor.py:830} INFO - Processing file /opt/airflow/dags/first_dag.py for tasks to queue
[2025-11-09T16:38:58.313+0000] {logging_mixin.py:188} INFO - [2025-11-09T16:38:58.312+0000] {dagbag.py:545} INFO - Filling up the DagBag from /opt/airflow/dags/first_dag.py
[2025-11-09T16:38:58.332+0000] {processor.py:840} INFO - DAG(s) 'first_dag' retrieved from /opt/airflow/dags/first_dag.py
[2025-11-09T16:38:58.375+0000] {logging_mixin.py:188} INFO - [2025-11-09T16:38:58.374+0000] {dag.py:3089} INFO - Sync 1 DAGs
[2025-11-09T16:38:58.418+0000] {logging_mixin.py:188} INFO - [2025-11-09T16:38:58.418+0000] {dag.py:3947} INFO - Setting next_dagrun for first_dag to 2025-11-09 00:00:00+00:00, run_after=2025-11-10 00:00:00+00:00
[2025-11-09T16:38:58.448+0000] {processor.py:183} INFO - Processing /opt/airflow/dags/first_dag.py took 0.146 seconds
[2025-11-09T16:39:28.729+0000] {processor.py:161} INFO - Started process (PID=3452) to work on /opt/airflow/dags/first_dag.py
[2025-11-09T16:39:28.732+0000] {processor.py:830} INFO - Processing file /opt/airflow/dags/first_dag.py for tasks to queue
[2025-11-09T16:39:28.735+0000] {logging_mixin.py:188} INFO - [2025-11-09T16:39:28.734+0000] {dagbag.py:545} INFO - Filling up the DagBag from /opt/airflow/dags/first_dag.py
[2025-11-09T16:39:28.774+0000] {processor.py:840} INFO - DAG(s) 'first_dag' retrieved from /opt/airflow/dags/first_dag.py
[2025-11-09T16:39:28.836+0000] {logging_mixin.py:188} INFO - [2025-11-09T16:39:28.836+0000] {dag.py:3089} INFO - Sync 1 DAGs
[2025-11-09T16:39:28.869+0000] {logging_mixin.py:188} INFO - [2025-11-09T16:39:28.869+0000] {dag.py:3947} INFO - Setting next_dagrun for first_dag to 2025-11-09 00:00:00+00:00, run_after=2025-11-10 00:00:00+00:00
[2025-11-09T16:39:28.901+0000] {processor.py:183} INFO - Processing /opt/airflow/dags/first_dag.py took 0.197 seconds
[2025-11-09T16:39:59.032+0000] {processor.py:161} INFO - Started process (PID=3462) to work on /opt/airflow/dags/first_dag.py
[2025-11-09T16:39:59.036+0000] {processor.py:830} INFO - Processing file /opt/airflow/dags/first_dag.py for tasks to queue
[2025-11-09T16:39:59.042+0000] {logging_mixin.py:188} INFO - [2025-11-09T16:39:59.041+0000] {dagbag.py:545} INFO - Filling up the DagBag from /opt/airflow/dags/first_dag.py
[2025-11-09T16:39:59.094+0000] {processor.py:840} INFO - DAG(s) 'first_dag' retrieved from /opt/airflow/dags/first_dag.py
[2025-11-09T16:39:59.160+0000] {logging_mixin.py:188} INFO - [2025-11-09T16:39:59.160+0000] {dag.py:3089} INFO - Sync 1 DAGs
[2025-11-09T16:39:59.226+0000] {logging_mixin.py:188} INFO - [2025-11-09T16:39:59.225+0000] {dag.py:3947} INFO - Setting next_dagrun for first_dag to 2025-11-09 00:00:00+00:00, run_after=2025-11-10 00:00:00+00:00
[2025-11-09T16:39:59.296+0000] {processor.py:183} INFO - Processing /opt/airflow/dags/first_dag.py took 0.283 seconds
[2025-11-09T16:40:29.392+0000] {processor.py:161} INFO - Started process (PID=3472) to work on /opt/airflow/dags/first_dag.py
[2025-11-09T16:40:29.393+0000] {processor.py:830} INFO - Processing file /opt/airflow/dags/first_dag.py for tasks to queue
[2025-11-09T16:40:29.395+0000] {logging_mixin.py:188} INFO - [2025-11-09T16:40:29.394+0000] {dagbag.py:545} INFO - Filling up the DagBag from /opt/airflow/dags/first_dag.py
[2025-11-09T16:40:29.414+0000] {processor.py:840} INFO - DAG(s) 'first_dag' retrieved from /opt/airflow/dags/first_dag.py
[2025-11-09T16:40:29.472+0000] {logging_mixin.py:188} INFO - [2025-11-09T16:40:29.472+0000] {dag.py:3089} INFO - Sync 1 DAGs
[2025-11-09T16:40:29.509+0000] {logging_mixin.py:188} INFO - [2025-11-09T16:40:29.509+0000] {dag.py:3947} INFO - Setting next_dagrun for first_dag to 2025-11-09 00:00:00+00:00, run_after=2025-11-10 00:00:00+00:00
[2025-11-09T16:40:29.543+0000] {processor.py:183} INFO - Processing /opt/airflow/dags/first_dag.py took 0.160 seconds
[2025-11-09T16:40:59.837+0000] {processor.py:161} INFO - Started process (PID=3482) to work on /opt/airflow/dags/first_dag.py
[2025-11-09T16:40:59.839+0000] {processor.py:830} INFO - Processing file /opt/airflow/dags/first_dag.py for tasks to queue
[2025-11-09T16:40:59.843+0000] {logging_mixin.py:188} INFO - [2025-11-09T16:40:59.842+0000] {dagbag.py:545} INFO - Filling up the DagBag from /opt/airflow/dags/first_dag.py
[2025-11-09T16:40:59.880+0000] {processor.py:840} INFO - DAG(s) 'first_dag' retrieved from /opt/airflow/dags/first_dag.py
[2025-11-09T16:40:59.965+0000] {logging_mixin.py:188} INFO - [2025-11-09T16:40:59.964+0000] {dag.py:3089} INFO - Sync 1 DAGs
[2025-11-09T16:41:00.044+0000] {logging_mixin.py:188} INFO - [2025-11-09T16:41:00.043+0000] {dag.py:3947} INFO - Setting next_dagrun for first_dag to 2025-11-09 00:00:00+00:00, run_after=2025-11-10 00:00:00+00:00
[2025-11-09T16:41:00.071+0000] {processor.py:183} INFO - Processing /opt/airflow/dags/first_dag.py took 0.253 seconds
[2025-11-09T16:41:30.262+0000] {processor.py:161} INFO - Started process (PID=3492) to work on /opt/airflow/dags/first_dag.py
[2025-11-09T16:41:30.273+0000] {processor.py:830} INFO - Processing file /opt/airflow/dags/first_dag.py for tasks to queue
[2025-11-09T16:41:30.275+0000] {logging_mixin.py:188} INFO - [2025-11-09T16:41:30.274+0000] {dagbag.py:545} INFO - Filling up the DagBag from /opt/airflow/dags/first_dag.py
[2025-11-09T16:41:30.344+0000] {processor.py:840} INFO - DAG(s) 'first_dag' retrieved from /opt/airflow/dags/first_dag.py
[2025-11-09T16:41:30.390+0000] {logging_mixin.py:188} INFO - [2025-11-09T16:41:30.389+0000] {dag.py:3089} INFO - Sync 1 DAGs
[2025-11-09T16:41:30.429+0000] {logging_mixin.py:188} INFO - [2025-11-09T16:41:30.428+0000] {dag.py:3947} INFO - Setting next_dagrun for first_dag to 2025-11-09 00:00:00+00:00, run_after=2025-11-10 00:00:00+00:00
[2025-11-09T16:41:30.462+0000] {processor.py:183} INFO - Processing /opt/airflow/dags/first_dag.py took 0.227 seconds
[2025-11-09T16:42:00.605+0000] {processor.py:161} INFO - Started process (PID=3502) to work on /opt/airflow/dags/first_dag.py
[2025-11-09T16:42:00.607+0000] {processor.py:830} INFO - Processing file /opt/airflow/dags/first_dag.py for tasks to queue
[2025-11-09T16:42:00.608+0000] {logging_mixin.py:188} INFO - [2025-11-09T16:42:00.608+0000] {dagbag.py:545} INFO - Filling up the DagBag from /opt/airflow/dags/first_dag.py
[2025-11-09T16:42:00.627+0000] {processor.py:840} INFO - DAG(s) 'first_dag' retrieved from /opt/airflow/dags/first_dag.py
[2025-11-09T16:42:00.683+0000] {logging_mixin.py:188} INFO - [2025-11-09T16:42:00.682+0000] {dag.py:3089} INFO - Sync 1 DAGs
[2025-11-09T16:42:00.725+0000] {logging_mixin.py:188} INFO - [2025-11-09T16:42:00.724+0000] {dag.py:3947} INFO - Setting next_dagrun for first_dag to 2025-11-09 00:00:00+00:00, run_after=2025-11-10 00:00:00+00:00
[2025-11-09T16:42:00.759+0000] {processor.py:183} INFO - Processing /opt/airflow/dags/first_dag.py took 0.166 seconds
[2025-11-09T16:42:30.832+0000] {processor.py:161} INFO - Started process (PID=3512) to work on /opt/airflow/dags/first_dag.py
[2025-11-09T16:42:30.834+0000] {processor.py:830} INFO - Processing file /opt/airflow/dags/first_dag.py for tasks to queue
[2025-11-09T16:42:30.837+0000] {logging_mixin.py:188} INFO - [2025-11-09T16:42:30.836+0000] {dagbag.py:545} INFO - Filling up the DagBag from /opt/airflow/dags/first_dag.py
[2025-11-09T16:42:30.862+0000] {processor.py:840} INFO - DAG(s) 'first_dag' retrieved from /opt/airflow/dags/first_dag.py
[2025-11-09T16:42:30.921+0000] {logging_mixin.py:188} INFO - [2025-11-09T16:42:30.921+0000] {dag.py:3089} INFO - Sync 1 DAGs
[2025-11-09T16:42:30.965+0000] {logging_mixin.py:188} INFO - [2025-11-09T16:42:30.964+0000] {dag.py:3947} INFO - Setting next_dagrun for first_dag to 2025-11-09 00:00:00+00:00, run_after=2025-11-10 00:00:00+00:00
[2025-11-09T16:42:30.993+0000] {processor.py:183} INFO - Processing /opt/airflow/dags/first_dag.py took 0.174 seconds
[2025-11-09T16:43:01.121+0000] {processor.py:161} INFO - Started process (PID=3522) to work on /opt/airflow/dags/first_dag.py
[2025-11-09T16:43:01.123+0000] {processor.py:830} INFO - Processing file /opt/airflow/dags/first_dag.py for tasks to queue
[2025-11-09T16:43:01.124+0000] {logging_mixin.py:188} INFO - [2025-11-09T16:43:01.124+0000] {dagbag.py:545} INFO - Filling up the DagBag from /opt/airflow/dags/first_dag.py
[2025-11-09T16:43:01.143+0000] {processor.py:840} INFO - DAG(s) 'first_dag' retrieved from /opt/airflow/dags/first_dag.py
[2025-11-09T16:43:01.177+0000] {logging_mixin.py:188} INFO - [2025-11-09T16:43:01.176+0000] {dag.py:3089} INFO - Sync 1 DAGs
[2025-11-09T16:43:01.200+0000] {logging_mixin.py:188} INFO - [2025-11-09T16:43:01.200+0000] {dag.py:3947} INFO - Setting next_dagrun for first_dag to 2025-11-09 00:00:00+00:00, run_after=2025-11-10 00:00:00+00:00
[2025-11-09T16:43:01.227+0000] {processor.py:183} INFO - Processing /opt/airflow/dags/first_dag.py took 0.118 seconds
[2025-11-09T16:43:31.303+0000] {processor.py:161} INFO - Started process (PID=3532) to work on /opt/airflow/dags/first_dag.py
[2025-11-09T16:43:31.304+0000] {processor.py:830} INFO - Processing file /opt/airflow/dags/first_dag.py for tasks to queue
[2025-11-09T16:43:31.306+0000] {logging_mixin.py:188} INFO - [2025-11-09T16:43:31.305+0000] {dagbag.py:545} INFO - Filling up the DagBag from /opt/airflow/dags/first_dag.py
[2025-11-09T16:43:31.322+0000] {processor.py:840} INFO - DAG(s) 'first_dag' retrieved from /opt/airflow/dags/first_dag.py
[2025-11-09T16:43:31.361+0000] {logging_mixin.py:188} INFO - [2025-11-09T16:43:31.360+0000] {dag.py:3089} INFO - Sync 1 DAGs
[2025-11-09T16:43:31.385+0000] {logging_mixin.py:188} INFO - [2025-11-09T16:43:31.384+0000] {dag.py:3947} INFO - Setting next_dagrun for first_dag to 2025-11-09 00:00:00+00:00, run_after=2025-11-10 00:00:00+00:00
[2025-11-09T16:43:31.405+0000] {processor.py:183} INFO - Processing /opt/airflow/dags/first_dag.py took 0.115 seconds
[2025-11-09T16:44:01.581+0000] {processor.py:161} INFO - Started process (PID=3542) to work on /opt/airflow/dags/first_dag.py
[2025-11-09T16:44:01.582+0000] {processor.py:830} INFO - Processing file /opt/airflow/dags/first_dag.py for tasks to queue
[2025-11-09T16:44:01.584+0000] {logging_mixin.py:188} INFO - [2025-11-09T16:44:01.584+0000] {dagbag.py:545} INFO - Filling up the DagBag from /opt/airflow/dags/first_dag.py
[2025-11-09T16:44:01.600+0000] {processor.py:840} INFO - DAG(s) 'first_dag' retrieved from /opt/airflow/dags/first_dag.py
[2025-11-09T16:44:01.634+0000] {logging_mixin.py:188} INFO - [2025-11-09T16:44:01.634+0000] {dag.py:3089} INFO - Sync 1 DAGs
[2025-11-09T16:44:01.659+0000] {logging_mixin.py:188} INFO - [2025-11-09T16:44:01.659+0000] {dag.py:3947} INFO - Setting next_dagrun for first_dag to 2025-11-09 00:00:00+00:00, run_after=2025-11-10 00:00:00+00:00
[2025-11-09T16:44:01.743+0000] {processor.py:183} INFO - Processing /opt/airflow/dags/first_dag.py took 0.169 seconds
[2025-11-09T16:44:31.780+0000] {processor.py:161} INFO - Started process (PID=3552) to work on /opt/airflow/dags/first_dag.py
[2025-11-09T16:44:31.781+0000] {processor.py:830} INFO - Processing file /opt/airflow/dags/first_dag.py for tasks to queue
[2025-11-09T16:44:31.782+0000] {logging_mixin.py:188} INFO - [2025-11-09T16:44:31.782+0000] {dagbag.py:545} INFO - Filling up the DagBag from /opt/airflow/dags/first_dag.py
[2025-11-09T16:44:31.806+0000] {processor.py:840} INFO - DAG(s) 'first_dag' retrieved from /opt/airflow/dags/first_dag.py
[2025-11-09T16:44:31.852+0000] {logging_mixin.py:188} INFO - [2025-11-09T16:44:31.852+0000] {dag.py:3089} INFO - Sync 1 DAGs
[2025-11-09T16:44:31.885+0000] {logging_mixin.py:188} INFO - [2025-11-09T16:44:31.885+0000] {dag.py:3947} INFO - Setting next_dagrun for first_dag to 2025-11-09 00:00:00+00:00, run_after=2025-11-10 00:00:00+00:00
[2025-11-09T16:44:31.912+0000] {processor.py:183} INFO - Processing /opt/airflow/dags/first_dag.py took 0.140 seconds
[2025-11-09T16:45:02.004+0000] {processor.py:161} INFO - Started process (PID=3562) to work on /opt/airflow/dags/first_dag.py
[2025-11-09T16:45:02.005+0000] {processor.py:830} INFO - Processing file /opt/airflow/dags/first_dag.py for tasks to queue
[2025-11-09T16:45:02.007+0000] {logging_mixin.py:188} INFO - [2025-11-09T16:45:02.006+0000] {dagbag.py:545} INFO - Filling up the DagBag from /opt/airflow/dags/first_dag.py
[2025-11-09T16:45:02.024+0000] {processor.py:840} INFO - DAG(s) 'first_dag' retrieved from /opt/airflow/dags/first_dag.py
[2025-11-09T16:45:02.072+0000] {logging_mixin.py:188} INFO - [2025-11-09T16:45:02.071+0000] {dag.py:3089} INFO - Sync 1 DAGs
[2025-11-09T16:45:02.108+0000] {logging_mixin.py:188} INFO - [2025-11-09T16:45:02.108+0000] {dag.py:3947} INFO - Setting next_dagrun for first_dag to 2025-11-09 00:00:00+00:00, run_after=2025-11-10 00:00:00+00:00
[2025-11-09T16:45:02.147+0000] {processor.py:183} INFO - Processing /opt/airflow/dags/first_dag.py took 0.154 seconds
[2025-11-09T16:45:32.353+0000] {processor.py:161} INFO - Started process (PID=3572) to work on /opt/airflow/dags/first_dag.py
[2025-11-09T16:45:32.354+0000] {processor.py:830} INFO - Processing file /opt/airflow/dags/first_dag.py for tasks to queue
[2025-11-09T16:45:32.355+0000] {logging_mixin.py:188} INFO - [2025-11-09T16:45:32.355+0000] {dagbag.py:545} INFO - Filling up the DagBag from /opt/airflow/dags/first_dag.py
[2025-11-09T16:45:32.368+0000] {processor.py:840} INFO - DAG(s) 'first_dag' retrieved from /opt/airflow/dags/first_dag.py
[2025-11-09T16:45:32.397+0000] {logging_mixin.py:188} INFO - [2025-11-09T16:45:32.396+0000] {dag.py:3089} INFO - Sync 1 DAGs
[2025-11-09T16:45:32.424+0000] {logging_mixin.py:188} INFO - [2025-11-09T16:45:32.424+0000] {dag.py:3947} INFO - Setting next_dagrun for first_dag to 2025-11-09 00:00:00+00:00, run_after=2025-11-10 00:00:00+00:00
[2025-11-09T16:45:32.451+0000] {processor.py:183} INFO - Processing /opt/airflow/dags/first_dag.py took 0.107 seconds
[2025-11-09T16:46:02.569+0000] {processor.py:161} INFO - Started process (PID=3582) to work on /opt/airflow/dags/first_dag.py
[2025-11-09T16:46:02.572+0000] {processor.py:830} INFO - Processing file /opt/airflow/dags/first_dag.py for tasks to queue
[2025-11-09T16:46:02.575+0000] {logging_mixin.py:188} INFO - [2025-11-09T16:46:02.574+0000] {dagbag.py:545} INFO - Filling up the DagBag from /opt/airflow/dags/first_dag.py
[2025-11-09T16:46:02.600+0000] {processor.py:840} INFO - DAG(s) 'first_dag' retrieved from /opt/airflow/dags/first_dag.py
[2025-11-09T16:46:02.632+0000] {logging_mixin.py:188} INFO - [2025-11-09T16:46:02.632+0000] {dag.py:3089} INFO - Sync 1 DAGs
[2025-11-09T16:46:02.655+0000] {logging_mixin.py:188} INFO - [2025-11-09T16:46:02.655+0000] {dag.py:3947} INFO - Setting next_dagrun for first_dag to 2025-11-09 00:00:00+00:00, run_after=2025-11-10 00:00:00+00:00
[2025-11-09T16:46:02.673+0000] {processor.py:183} INFO - Processing /opt/airflow/dags/first_dag.py took 0.121 seconds
[2025-11-09T16:46:32.761+0000] {processor.py:161} INFO - Started process (PID=3592) to work on /opt/airflow/dags/first_dag.py
[2025-11-09T16:46:32.762+0000] {processor.py:830} INFO - Processing file /opt/airflow/dags/first_dag.py for tasks to queue
[2025-11-09T16:46:32.764+0000] {logging_mixin.py:188} INFO - [2025-11-09T16:46:32.763+0000] {dagbag.py:545} INFO - Filling up the DagBag from /opt/airflow/dags/first_dag.py
[2025-11-09T16:46:32.778+0000] {processor.py:840} INFO - DAG(s) 'first_dag' retrieved from /opt/airflow/dags/first_dag.py
[2025-11-09T16:46:32.813+0000] {logging_mixin.py:188} INFO - [2025-11-09T16:46:32.813+0000] {dag.py:3089} INFO - Sync 1 DAGs
[2025-11-09T16:46:32.849+0000] {logging_mixin.py:188} INFO - [2025-11-09T16:46:32.849+0000] {dag.py:3947} INFO - Setting next_dagrun for first_dag to 2025-11-09 00:00:00+00:00, run_after=2025-11-10 00:00:00+00:00
[2025-11-09T16:46:32.874+0000] {processor.py:183} INFO - Processing /opt/airflow/dags/first_dag.py took 0.120 seconds
[2025-11-09T16:47:03.067+0000] {processor.py:161} INFO - Started process (PID=3602) to work on /opt/airflow/dags/first_dag.py
[2025-11-09T16:47:03.068+0000] {processor.py:830} INFO - Processing file /opt/airflow/dags/first_dag.py for tasks to queue
[2025-11-09T16:47:03.070+0000] {logging_mixin.py:188} INFO - [2025-11-09T16:47:03.070+0000] {dagbag.py:545} INFO - Filling up the DagBag from /opt/airflow/dags/first_dag.py
[2025-11-09T16:47:03.130+0000] {processor.py:840} INFO - DAG(s) 'first_dag' retrieved from /opt/airflow/dags/first_dag.py
[2025-11-09T16:47:03.164+0000] {logging_mixin.py:188} INFO - [2025-11-09T16:47:03.163+0000] {dag.py:3089} INFO - Sync 1 DAGs
[2025-11-09T16:47:03.195+0000] {logging_mixin.py:188} INFO - [2025-11-09T16:47:03.195+0000] {dag.py:3947} INFO - Setting next_dagrun for first_dag to 2025-11-09 00:00:00+00:00, run_after=2025-11-10 00:00:00+00:00
[2025-11-09T16:47:03.232+0000] {processor.py:183} INFO - Processing /opt/airflow/dags/first_dag.py took 0.174 seconds
[2025-11-09T16:47:33.300+0000] {processor.py:161} INFO - Started process (PID=3612) to work on /opt/airflow/dags/first_dag.py
[2025-11-09T16:47:33.303+0000] {processor.py:830} INFO - Processing file /opt/airflow/dags/first_dag.py for tasks to queue
[2025-11-09T16:47:33.307+0000] {logging_mixin.py:188} INFO - [2025-11-09T16:47:33.306+0000] {dagbag.py:545} INFO - Filling up the DagBag from /opt/airflow/dags/first_dag.py
[2025-11-09T16:47:33.334+0000] {processor.py:840} INFO - DAG(s) 'first_dag' retrieved from /opt/airflow/dags/first_dag.py
[2025-11-09T16:47:33.404+0000] {logging_mixin.py:188} INFO - [2025-11-09T16:47:33.403+0000] {dag.py:3089} INFO - Sync 1 DAGs
[2025-11-09T16:47:33.437+0000] {logging_mixin.py:188} INFO - [2025-11-09T16:47:33.437+0000] {dag.py:3947} INFO - Setting next_dagrun for first_dag to 2025-11-09 00:00:00+00:00, run_after=2025-11-10 00:00:00+00:00
[2025-11-09T16:47:33.457+0000] {processor.py:183} INFO - Processing /opt/airflow/dags/first_dag.py took 0.170 seconds
[2025-11-09T16:48:03.544+0000] {processor.py:161} INFO - Started process (PID=3622) to work on /opt/airflow/dags/first_dag.py
[2025-11-09T16:48:03.546+0000] {processor.py:830} INFO - Processing file /opt/airflow/dags/first_dag.py for tasks to queue
[2025-11-09T16:48:03.549+0000] {logging_mixin.py:188} INFO - [2025-11-09T16:48:03.548+0000] {dagbag.py:545} INFO - Filling up the DagBag from /opt/airflow/dags/first_dag.py
[2025-11-09T16:48:03.574+0000] {processor.py:840} INFO - DAG(s) 'first_dag' retrieved from /opt/airflow/dags/first_dag.py
[2025-11-09T16:48:03.609+0000] {logging_mixin.py:188} INFO - [2025-11-09T16:48:03.609+0000] {dag.py:3089} INFO - Sync 1 DAGs
[2025-11-09T16:48:03.634+0000] {logging_mixin.py:188} INFO - [2025-11-09T16:48:03.633+0000] {dag.py:3947} INFO - Setting next_dagrun for first_dag to 2025-11-09 00:00:00+00:00, run_after=2025-11-10 00:00:00+00:00
[2025-11-09T16:48:03.654+0000] {processor.py:183} INFO - Processing /opt/airflow/dags/first_dag.py took 0.124 seconds
[2025-11-09T16:48:33.718+0000] {processor.py:161} INFO - Started process (PID=3632) to work on /opt/airflow/dags/first_dag.py
[2025-11-09T16:48:33.719+0000] {processor.py:830} INFO - Processing file /opt/airflow/dags/first_dag.py for tasks to queue
[2025-11-09T16:48:33.720+0000] {logging_mixin.py:188} INFO - [2025-11-09T16:48:33.720+0000] {dagbag.py:545} INFO - Filling up the DagBag from /opt/airflow/dags/first_dag.py
[2025-11-09T16:48:33.733+0000] {processor.py:840} INFO - DAG(s) 'first_dag' retrieved from /opt/airflow/dags/first_dag.py
[2025-11-09T16:48:33.768+0000] {logging_mixin.py:188} INFO - [2025-11-09T16:48:33.767+0000] {dag.py:3089} INFO - Sync 1 DAGs
[2025-11-09T16:48:33.793+0000] {logging_mixin.py:188} INFO - [2025-11-09T16:48:33.792+0000] {dag.py:3947} INFO - Setting next_dagrun for first_dag to 2025-11-09 00:00:00+00:00, run_after=2025-11-10 00:00:00+00:00
[2025-11-09T16:48:33.816+0000] {processor.py:183} INFO - Processing /opt/airflow/dags/first_dag.py took 0.104 seconds
[2025-11-09T16:49:04.029+0000] {processor.py:161} INFO - Started process (PID=3642) to work on /opt/airflow/dags/first_dag.py
[2025-11-09T16:49:04.031+0000] {processor.py:830} INFO - Processing file /opt/airflow/dags/first_dag.py for tasks to queue
[2025-11-09T16:49:04.034+0000] {logging_mixin.py:188} INFO - [2025-11-09T16:49:04.033+0000] {dagbag.py:545} INFO - Filling up the DagBag from /opt/airflow/dags/first_dag.py
[2025-11-09T16:49:04.059+0000] {processor.py:840} INFO - DAG(s) 'first_dag' retrieved from /opt/airflow/dags/first_dag.py
[2025-11-09T16:49:04.121+0000] {logging_mixin.py:188} INFO - [2025-11-09T16:49:04.120+0000] {dag.py:3089} INFO - Sync 1 DAGs
[2025-11-09T16:49:04.157+0000] {logging_mixin.py:188} INFO - [2025-11-09T16:49:04.157+0000] {dag.py:3947} INFO - Setting next_dagrun for first_dag to 2025-11-09 00:00:00+00:00, run_after=2025-11-10 00:00:00+00:00
[2025-11-09T16:49:04.190+0000] {processor.py:183} INFO - Processing /opt/airflow/dags/first_dag.py took 0.176 seconds
[2025-11-09T16:49:34.303+0000] {processor.py:161} INFO - Started process (PID=3652) to work on /opt/airflow/dags/first_dag.py
[2025-11-09T16:49:34.306+0000] {processor.py:830} INFO - Processing file /opt/airflow/dags/first_dag.py for tasks to queue
[2025-11-09T16:49:34.309+0000] {logging_mixin.py:188} INFO - [2025-11-09T16:49:34.308+0000] {dagbag.py:545} INFO - Filling up the DagBag from /opt/airflow/dags/first_dag.py
[2025-11-09T16:49:34.334+0000] {processor.py:840} INFO - DAG(s) 'first_dag' retrieved from /opt/airflow/dags/first_dag.py
[2025-11-09T16:49:34.384+0000] {logging_mixin.py:188} INFO - [2025-11-09T16:49:34.384+0000] {dag.py:3089} INFO - Sync 1 DAGs
[2025-11-09T16:49:34.409+0000] {logging_mixin.py:188} INFO - [2025-11-09T16:49:34.409+0000] {dag.py:3947} INFO - Setting next_dagrun for first_dag to 2025-11-09 00:00:00+00:00, run_after=2025-11-10 00:00:00+00:00
[2025-11-09T16:49:34.435+0000] {processor.py:183} INFO - Processing /opt/airflow/dags/first_dag.py took 0.147 seconds
[2025-11-09T16:50:04.536+0000] {processor.py:161} INFO - Started process (PID=3662) to work on /opt/airflow/dags/first_dag.py
[2025-11-09T16:50:04.537+0000] {processor.py:830} INFO - Processing file /opt/airflow/dags/first_dag.py for tasks to queue
[2025-11-09T16:50:04.538+0000] {logging_mixin.py:188} INFO - [2025-11-09T16:50:04.538+0000] {dagbag.py:545} INFO - Filling up the DagBag from /opt/airflow/dags/first_dag.py
[2025-11-09T16:50:04.554+0000] {processor.py:840} INFO - DAG(s) 'first_dag' retrieved from /opt/airflow/dags/first_dag.py
[2025-11-09T16:50:04.600+0000] {logging_mixin.py:188} INFO - [2025-11-09T16:50:04.600+0000] {dag.py:3089} INFO - Sync 1 DAGs
[2025-11-09T16:50:04.641+0000] {logging_mixin.py:188} INFO - [2025-11-09T16:50:04.640+0000] {dag.py:3947} INFO - Setting next_dagrun for first_dag to 2025-11-09 00:00:00+00:00, run_after=2025-11-10 00:00:00+00:00
[2025-11-09T16:50:04.673+0000] {processor.py:183} INFO - Processing /opt/airflow/dags/first_dag.py took 0.145 seconds
[2025-11-09T16:50:34.748+0000] {processor.py:161} INFO - Started process (PID=3672) to work on /opt/airflow/dags/first_dag.py
[2025-11-09T16:50:34.750+0000] {processor.py:830} INFO - Processing file /opt/airflow/dags/first_dag.py for tasks to queue
[2025-11-09T16:50:34.752+0000] {logging_mixin.py:188} INFO - [2025-11-09T16:50:34.751+0000] {dagbag.py:545} INFO - Filling up the DagBag from /opt/airflow/dags/first_dag.py
[2025-11-09T16:50:34.767+0000] {processor.py:840} INFO - DAG(s) 'first_dag' retrieved from /opt/airflow/dags/first_dag.py
[2025-11-09T16:50:34.799+0000] {logging_mixin.py:188} INFO - [2025-11-09T16:50:34.799+0000] {dag.py:3089} INFO - Sync 1 DAGs
[2025-11-09T16:50:34.825+0000] {logging_mixin.py:188} INFO - [2025-11-09T16:50:34.825+0000] {dag.py:3947} INFO - Setting next_dagrun for first_dag to 2025-11-09 00:00:00+00:00, run_after=2025-11-10 00:00:00+00:00
[2025-11-09T16:50:34.849+0000] {processor.py:183} INFO - Processing /opt/airflow/dags/first_dag.py took 0.109 seconds
[2025-11-09T16:51:04.952+0000] {processor.py:161} INFO - Started process (PID=3682) to work on /opt/airflow/dags/first_dag.py
[2025-11-09T16:51:04.954+0000] {processor.py:830} INFO - Processing file /opt/airflow/dags/first_dag.py for tasks to queue
[2025-11-09T16:51:04.957+0000] {logging_mixin.py:188} INFO - [2025-11-09T16:51:04.956+0000] {dagbag.py:545} INFO - Filling up the DagBag from /opt/airflow/dags/first_dag.py
[2025-11-09T16:51:04.982+0000] {processor.py:840} INFO - DAG(s) 'first_dag' retrieved from /opt/airflow/dags/first_dag.py
[2025-11-09T16:51:05.038+0000] {logging_mixin.py:188} INFO - [2025-11-09T16:51:05.037+0000] {dag.py:3089} INFO - Sync 1 DAGs
[2025-11-09T16:51:05.067+0000] {logging_mixin.py:188} INFO - [2025-11-09T16:51:05.066+0000] {dag.py:3947} INFO - Setting next_dagrun for first_dag to 2025-11-09 00:00:00+00:00, run_after=2025-11-10 00:00:00+00:00
[2025-11-09T16:51:05.090+0000] {processor.py:183} INFO - Processing /opt/airflow/dags/first_dag.py took 0.156 seconds
[2025-11-09T16:51:35.128+0000] {processor.py:161} INFO - Started process (PID=3692) to work on /opt/airflow/dags/first_dag.py
[2025-11-09T16:51:35.129+0000] {processor.py:830} INFO - Processing file /opt/airflow/dags/first_dag.py for tasks to queue
[2025-11-09T16:51:35.130+0000] {logging_mixin.py:188} INFO - [2025-11-09T16:51:35.130+0000] {dagbag.py:545} INFO - Filling up the DagBag from /opt/airflow/dags/first_dag.py
[2025-11-09T16:51:35.145+0000] {processor.py:840} INFO - DAG(s) 'first_dag' retrieved from /opt/airflow/dags/first_dag.py
[2025-11-09T16:51:35.177+0000] {logging_mixin.py:188} INFO - [2025-11-09T16:51:35.176+0000] {dag.py:3089} INFO - Sync 1 DAGs
[2025-11-09T16:51:35.204+0000] {logging_mixin.py:188} INFO - [2025-11-09T16:51:35.203+0000] {dag.py:3947} INFO - Setting next_dagrun for first_dag to 2025-11-09 00:00:00+00:00, run_after=2025-11-10 00:00:00+00:00
[2025-11-09T16:51:35.227+0000] {processor.py:183} INFO - Processing /opt/airflow/dags/first_dag.py took 0.109 seconds
[2025-11-09T16:52:05.443+0000] {processor.py:161} INFO - Started process (PID=3702) to work on /opt/airflow/dags/first_dag.py
[2025-11-09T16:52:05.444+0000] {processor.py:830} INFO - Processing file /opt/airflow/dags/first_dag.py for tasks to queue
[2025-11-09T16:52:05.447+0000] {logging_mixin.py:188} INFO - [2025-11-09T16:52:05.446+0000] {dagbag.py:545} INFO - Filling up the DagBag from /opt/airflow/dags/first_dag.py
[2025-11-09T16:52:05.469+0000] {processor.py:840} INFO - DAG(s) 'first_dag' retrieved from /opt/airflow/dags/first_dag.py
[2025-11-09T16:52:05.500+0000] {logging_mixin.py:188} INFO - [2025-11-09T16:52:05.499+0000] {dag.py:3089} INFO - Sync 1 DAGs
[2025-11-09T16:52:05.523+0000] {logging_mixin.py:188} INFO - [2025-11-09T16:52:05.522+0000] {dag.py:3947} INFO - Setting next_dagrun for first_dag to 2025-11-09 00:00:00+00:00, run_after=2025-11-10 00:00:00+00:00
[2025-11-09T16:52:05.540+0000] {processor.py:183} INFO - Processing /opt/airflow/dags/first_dag.py took 0.112 seconds
[2025-11-09T16:52:35.631+0000] {processor.py:161} INFO - Started process (PID=3712) to work on /opt/airflow/dags/first_dag.py
[2025-11-09T16:52:35.633+0000] {processor.py:830} INFO - Processing file /opt/airflow/dags/first_dag.py for tasks to queue
[2025-11-09T16:52:35.635+0000] {logging_mixin.py:188} INFO - [2025-11-09T16:52:35.634+0000] {dagbag.py:545} INFO - Filling up the DagBag from /opt/airflow/dags/first_dag.py
[2025-11-09T16:52:35.660+0000] {processor.py:840} INFO - DAG(s) 'first_dag' retrieved from /opt/airflow/dags/first_dag.py
[2025-11-09T16:52:35.718+0000] {logging_mixin.py:188} INFO - [2025-11-09T16:52:35.717+0000] {dag.py:3089} INFO - Sync 1 DAGs
[2025-11-09T16:52:35.745+0000] {logging_mixin.py:188} INFO - [2025-11-09T16:52:35.745+0000] {dag.py:3947} INFO - Setting next_dagrun for first_dag to 2025-11-09 00:00:00+00:00, run_after=2025-11-10 00:00:00+00:00
[2025-11-09T16:52:35.764+0000] {processor.py:183} INFO - Processing /opt/airflow/dags/first_dag.py took 0.147 seconds
[2025-11-09T16:53:05.818+0000] {processor.py:161} INFO - Started process (PID=3722) to work on /opt/airflow/dags/first_dag.py
[2025-11-09T16:53:05.819+0000] {processor.py:830} INFO - Processing file /opt/airflow/dags/first_dag.py for tasks to queue
[2025-11-09T16:53:05.821+0000] {logging_mixin.py:188} INFO - [2025-11-09T16:53:05.820+0000] {dagbag.py:545} INFO - Filling up the DagBag from /opt/airflow/dags/first_dag.py
[2025-11-09T16:53:05.836+0000] {processor.py:840} INFO - DAG(s) 'first_dag' retrieved from /opt/airflow/dags/first_dag.py
[2025-11-09T16:53:05.869+0000] {logging_mixin.py:188} INFO - [2025-11-09T16:53:05.869+0000] {dag.py:3089} INFO - Sync 1 DAGs
[2025-11-09T16:53:05.894+0000] {logging_mixin.py:188} INFO - [2025-11-09T16:53:05.894+0000] {dag.py:3947} INFO - Setting next_dagrun for first_dag to 2025-11-09 00:00:00+00:00, run_after=2025-11-10 00:00:00+00:00
[2025-11-09T16:53:05.914+0000] {processor.py:183} INFO - Processing /opt/airflow/dags/first_dag.py took 0.106 seconds
[2025-11-09T16:53:36.089+0000] {processor.py:161} INFO - Started process (PID=3732) to work on /opt/airflow/dags/first_dag.py
[2025-11-09T16:53:36.090+0000] {processor.py:830} INFO - Processing file /opt/airflow/dags/first_dag.py for tasks to queue
[2025-11-09T16:53:36.092+0000] {logging_mixin.py:188} INFO - [2025-11-09T16:53:36.091+0000] {dagbag.py:545} INFO - Filling up the DagBag from /opt/airflow/dags/first_dag.py
[2025-11-09T16:53:36.105+0000] {processor.py:840} INFO - DAG(s) 'first_dag' retrieved from /opt/airflow/dags/first_dag.py
[2025-11-09T16:53:36.139+0000] {logging_mixin.py:188} INFO - [2025-11-09T16:53:36.139+0000] {dag.py:3089} INFO - Sync 1 DAGs
[2025-11-09T16:53:36.164+0000] {logging_mixin.py:188} INFO - [2025-11-09T16:53:36.164+0000] {dag.py:3947} INFO - Setting next_dagrun for first_dag to 2025-11-09 00:00:00+00:00, run_after=2025-11-10 00:00:00+00:00
[2025-11-09T16:53:36.183+0000] {processor.py:183} INFO - Processing /opt/airflow/dags/first_dag.py took 0.100 seconds
[2025-11-09T16:54:06.347+0000] {processor.py:161} INFO - Started process (PID=3742) to work on /opt/airflow/dags/first_dag.py
[2025-11-09T16:54:06.349+0000] {processor.py:830} INFO - Processing file /opt/airflow/dags/first_dag.py for tasks to queue
[2025-11-09T16:54:06.352+0000] {logging_mixin.py:188} INFO - [2025-11-09T16:54:06.351+0000] {dagbag.py:545} INFO - Filling up the DagBag from /opt/airflow/dags/first_dag.py
[2025-11-09T16:54:06.376+0000] {processor.py:840} INFO - DAG(s) 'first_dag' retrieved from /opt/airflow/dags/first_dag.py
[2025-11-09T16:54:06.416+0000] {logging_mixin.py:188} INFO - [2025-11-09T16:54:06.415+0000] {dag.py:3089} INFO - Sync 1 DAGs
[2025-11-09T16:54:06.439+0000] {logging_mixin.py:188} INFO - [2025-11-09T16:54:06.439+0000] {dag.py:3947} INFO - Setting next_dagrun for first_dag to 2025-11-09 00:00:00+00:00, run_after=2025-11-10 00:00:00+00:00
[2025-11-09T16:54:06.459+0000] {processor.py:183} INFO - Processing /opt/airflow/dags/first_dag.py took 0.126 seconds
[2025-11-09T16:54:36.535+0000] {processor.py:161} INFO - Started process (PID=3752) to work on /opt/airflow/dags/first_dag.py
[2025-11-09T16:54:36.537+0000] {processor.py:830} INFO - Processing file /opt/airflow/dags/first_dag.py for tasks to queue
[2025-11-09T16:54:36.539+0000] {logging_mixin.py:188} INFO - [2025-11-09T16:54:36.538+0000] {dagbag.py:545} INFO - Filling up the DagBag from /opt/airflow/dags/first_dag.py
[2025-11-09T16:54:36.564+0000] {processor.py:840} INFO - DAG(s) 'first_dag' retrieved from /opt/airflow/dags/first_dag.py
[2025-11-09T16:54:36.617+0000] {logging_mixin.py:188} INFO - [2025-11-09T16:54:36.616+0000] {dag.py:3089} INFO - Sync 1 DAGs
[2025-11-09T16:54:36.660+0000] {logging_mixin.py:188} INFO - [2025-11-09T16:54:36.659+0000] {dag.py:3947} INFO - Setting next_dagrun for first_dag to 2025-11-09 00:00:00+00:00, run_after=2025-11-10 00:00:00+00:00
[2025-11-09T16:54:36.682+0000] {processor.py:183} INFO - Processing /opt/airflow/dags/first_dag.py took 0.162 seconds
[2025-11-09T16:55:06.773+0000] {processor.py:161} INFO - Started process (PID=3762) to work on /opt/airflow/dags/first_dag.py
[2025-11-09T16:55:06.775+0000] {processor.py:830} INFO - Processing file /opt/airflow/dags/first_dag.py for tasks to queue
[2025-11-09T16:55:06.777+0000] {logging_mixin.py:188} INFO - [2025-11-09T16:55:06.776+0000] {dagbag.py:545} INFO - Filling up the DagBag from /opt/airflow/dags/first_dag.py
[2025-11-09T16:55:06.796+0000] {processor.py:840} INFO - DAG(s) 'first_dag' retrieved from /opt/airflow/dags/first_dag.py
[2025-11-09T16:55:06.840+0000] {logging_mixin.py:188} INFO - [2025-11-09T16:55:06.840+0000] {dag.py:3089} INFO - Sync 1 DAGs
[2025-11-09T16:55:06.875+0000] {logging_mixin.py:188} INFO - [2025-11-09T16:55:06.875+0000] {dag.py:3947} INFO - Setting next_dagrun for first_dag to 2025-11-09 00:00:00+00:00, run_after=2025-11-10 00:00:00+00:00
[2025-11-09T16:55:06.904+0000] {processor.py:183} INFO - Processing /opt/airflow/dags/first_dag.py took 0.139 seconds
[2025-11-09T16:55:37.029+0000] {processor.py:161} INFO - Started process (PID=3772) to work on /opt/airflow/dags/first_dag.py
[2025-11-09T16:55:37.031+0000] {processor.py:830} INFO - Processing file /opt/airflow/dags/first_dag.py for tasks to queue
[2025-11-09T16:55:37.034+0000] {logging_mixin.py:188} INFO - [2025-11-09T16:55:37.033+0000] {dagbag.py:545} INFO - Filling up the DagBag from /opt/airflow/dags/first_dag.py
[2025-11-09T16:55:37.060+0000] {processor.py:840} INFO - DAG(s) 'first_dag' retrieved from /opt/airflow/dags/first_dag.py
[2025-11-09T16:55:37.114+0000] {logging_mixin.py:188} INFO - [2025-11-09T16:55:37.114+0000] {dag.py:3089} INFO - Sync 1 DAGs
[2025-11-09T16:55:37.147+0000] {logging_mixin.py:188} INFO - [2025-11-09T16:55:37.146+0000] {dag.py:3947} INFO - Setting next_dagrun for first_dag to 2025-11-09 00:00:00+00:00, run_after=2025-11-10 00:00:00+00:00
[2025-11-09T16:55:37.169+0000] {processor.py:183} INFO - Processing /opt/airflow/dags/first_dag.py took 0.154 seconds
[2025-11-09T16:56:07.225+0000] {processor.py:161} INFO - Started process (PID=3782) to work on /opt/airflow/dags/first_dag.py
[2025-11-09T16:56:07.227+0000] {processor.py:830} INFO - Processing file /opt/airflow/dags/first_dag.py for tasks to queue
[2025-11-09T16:56:07.229+0000] {logging_mixin.py:188} INFO - [2025-11-09T16:56:07.228+0000] {dagbag.py:545} INFO - Filling up the DagBag from /opt/airflow/dags/first_dag.py
[2025-11-09T16:56:07.254+0000] {processor.py:840} INFO - DAG(s) 'first_dag' retrieved from /opt/airflow/dags/first_dag.py
[2025-11-09T16:56:07.305+0000] {logging_mixin.py:188} INFO - [2025-11-09T16:56:07.305+0000] {dag.py:3089} INFO - Sync 1 DAGs
[2025-11-09T16:56:07.333+0000] {logging_mixin.py:188} INFO - [2025-11-09T16:56:07.333+0000] {dag.py:3947} INFO - Setting next_dagrun for first_dag to 2025-11-09 00:00:00+00:00, run_after=2025-11-10 00:00:00+00:00
[2025-11-09T16:56:07.354+0000] {processor.py:183} INFO - Processing /opt/airflow/dags/first_dag.py took 0.143 seconds
