[2025-11-09T13:19:06.712+0000] {manager.py:470} INFO - Processing files using up to 2 processes at a time 
[2025-11-09T13:19:06.713+0000] {manager.py:471} INFO - Process each file at most once every 30 seconds
[2025-11-09T13:19:06.717+0000] {manager.py:472} INFO - Checking for new files in /opt/airflow/dags every 300 seconds
[2025-11-09T13:19:06.718+0000] {manager.py:737} INFO - Searching for files in /opt/airflow/dags
[2025-11-09T13:19:06.729+0000] {manager.py:740} INFO - There are 2 files in /opt/airflow/dags
[2025-11-09T13:19:06.860+0000] {manager.py:878} INFO - 
================================================================================
DAG File Processing Stats

File Path                         PID  Runtime      # DAGs    # Errors  Last Runtime    Last Run
------------------------------  -----  ---------  --------  ----------  --------------  ----------
/opt/airflow/dags/first_dag.py    162  0.07s             0           0
/opt/airflow/dags/connect.py      159  0.08s             0           0
================================================================================
[2025-11-09T13:19:37.116+0000] {manager.py:878} INFO - 
================================================================================
DAG File Processing Stats

File Path                         PID  Runtime      # DAGs    # Errors  Last Runtime    Last Run
------------------------------  -----  ---------  --------  ----------  --------------  -------------------
/opt/airflow/dags/first_dag.py    185  0.00s             1           0  0.20s           2025-11-09T13:19:06
/opt/airflow/dags/connect.py      183  0.01s             1           0  0.18s           2025-11-09T13:19:06
================================================================================
[2025-11-09T13:20:07.664+0000] {manager.py:878} INFO - 
================================================================================
DAG File Processing Stats

File Path                         PID  Runtime      # DAGs    # Errors  Last Runtime    Last Run
------------------------------  -----  ---------  --------  ----------  --------------  -------------------
/opt/airflow/dags/first_dag.py    199  0.00s             1           0  0.41s           2025-11-09T13:19:37
/opt/airflow/dags/connect.py      196  0.01s             1           0  0.39s           2025-11-09T13:19:37
================================================================================
[2025-11-09T13:20:37.946+0000] {manager.py:878} INFO - 
================================================================================
DAG File Processing Stats

File Path                         PID  Runtime      # DAGs    # Errors  Last Runtime    Last Run
------------------------------  -----  ---------  --------  ----------  --------------  -------------------
/opt/airflow/dags/first_dag.py    209  0.00s             1           0  0.10s           2025-11-09T13:20:07
/opt/airflow/dags/connect.py      206  0.01s             1           0  0.10s           2025-11-09T13:20:07
================================================================================
[2025-11-09T13:21:08.191+0000] {manager.py:878} INFO - 
================================================================================
DAG File Processing Stats

File Path                         PID  Runtime      # DAGs    # Errors  Last Runtime    Last Run
------------------------------  -----  ---------  --------  ----------  --------------  -------------------
/opt/airflow/dags/connect.py      216  0.01s             1           0  0.11s           2025-11-09T13:20:38
/opt/airflow/dags/first_dag.py    219  0.00s             1           0  0.09s           2025-11-09T13:20:38
================================================================================
[2025-11-09T13:21:38.463+0000] {manager.py:878} INFO - 
================================================================================
DAG File Processing Stats

File Path                         PID  Runtime      # DAGs    # Errors  Last Runtime    Last Run
------------------------------  -----  ---------  --------  ----------  --------------  -------------------
/opt/airflow/dags/first_dag.py    229  0.00s             1           0  0.13s           2025-11-09T13:21:08
/opt/airflow/dags/connect.py      226  0.01s             1           0  0.13s           2025-11-09T13:21:08
================================================================================
[2025-11-09T13:22:08.720+0000] {manager.py:878} INFO - 
================================================================================
DAG File Processing Stats

File Path                         PID  Runtime      # DAGs    # Errors  Last Runtime    Last Run
------------------------------  -----  ---------  --------  ----------  --------------  -------------------
/opt/airflow/dags/connect.py      236  0.01s             1           0  0.10s           2025-11-09T13:21:38
/opt/airflow/dags/first_dag.py    239  0.00s             1           0  0.10s           2025-11-09T13:21:38
================================================================================
[2025-11-09T13:22:38.986+0000] {manager.py:878} INFO - 
================================================================================
DAG File Processing Stats

File Path                         PID  Runtime      # DAGs    # Errors  Last Runtime    Last Run
------------------------------  -----  ---------  --------  ----------  --------------  -------------------
/opt/airflow/dags/connect.py      246  0.02s             1           0  0.11s           2025-11-09T13:22:08
/opt/airflow/dags/first_dag.py    249  0.01s             1           0  0.09s           2025-11-09T13:22:08
================================================================================
[2025-11-09T13:23:09.194+0000] {manager.py:878} INFO - 
================================================================================
DAG File Processing Stats

File Path                         PID  Runtime      # DAGs    # Errors  Last Runtime    Last Run
------------------------------  -----  ---------  --------  ----------  --------------  -------------------
/opt/airflow/dags/connect.py      256  0.01s             1           0  0.14s           2025-11-09T13:22:39
/opt/airflow/dags/first_dag.py    259  0.00s             1           0  0.13s           2025-11-09T13:22:39
================================================================================
[2025-11-09T13:23:39.432+0000] {manager.py:878} INFO - 
================================================================================
DAG File Processing Stats

File Path                         PID  Runtime      # DAGs    # Errors  Last Runtime    Last Run
------------------------------  -----  ---------  --------  ----------  --------------  -------------------
/opt/airflow/dags/connect.py      266  0.02s             1           0  0.10s           2025-11-09T13:23:09
/opt/airflow/dags/first_dag.py    269  0.01s             1           0  0.09s           2025-11-09T13:23:09
================================================================================
[2025-11-09T13:24:07.593+0000] {manager.py:737} INFO - Searching for files in /opt/airflow/dags
[2025-11-09T13:24:07.601+0000] {manager.py:740} INFO - There are 2 files in /opt/airflow/dags
[2025-11-09T13:24:09.663+0000] {manager.py:878} INFO - 
================================================================================
DAG File Processing Stats

File Path                         PID  Runtime      # DAGs    # Errors  Last Runtime    Last Run
------------------------------  -----  ---------  --------  ----------  --------------  -------------------
/opt/airflow/dags/connect.py      276  0.02s             1           0  0.14s           2025-11-09T13:23:39
/opt/airflow/dags/first_dag.py    279  0.01s             1           0  0.12s           2025-11-09T13:23:39
================================================================================
[2025-11-09T13:24:39.844+0000] {manager.py:878} INFO - 
================================================================================
DAG File Processing Stats

File Path                         PID  Runtime      # DAGs    # Errors  Last Runtime    Last Run
------------------------------  -----  ---------  --------  ----------  --------------  -------------------
/opt/airflow/dags/connect.py      286  0.02s             1           0  0.15s           2025-11-09T13:24:09
/opt/airflow/dags/first_dag.py    289  0.00s             1           0  0.14s           2025-11-09T13:24:09
================================================================================
[2025-11-09T13:25:10.112+0000] {manager.py:878} INFO - 
================================================================================
DAG File Processing Stats

File Path                         PID  Runtime      # DAGs    # Errors  Last Runtime    Last Run
------------------------------  -----  ---------  --------  ----------  --------------  -------------------
/opt/airflow/dags/connect.py      296  0.01s             1           0  0.10s           2025-11-09T13:24:39
/opt/airflow/dags/first_dag.py    299  0.00s             1           0  0.09s           2025-11-09T13:24:39
================================================================================
[2025-11-09T13:25:40.324+0000] {manager.py:878} INFO - 
================================================================================
DAG File Processing Stats

File Path                         PID  Runtime      # DAGs    # Errors  Last Runtime    Last Run
------------------------------  -----  ---------  --------  ----------  --------------  -------------------
/opt/airflow/dags/connect.py      306  0.02s             1           0  0.12s           2025-11-09T13:25:10
/opt/airflow/dags/first_dag.py    309  0.01s             1           0  0.11s           2025-11-09T13:25:10
================================================================================
[2025-11-09T13:26:10.630+0000] {manager.py:878} INFO - 
================================================================================
DAG File Processing Stats

File Path                         PID  Runtime      # DAGs    # Errors  Last Runtime    Last Run
------------------------------  -----  ---------  --------  ----------  --------------  -------------------
/opt/airflow/dags/connect.py      316  0.01s             1           0  0.14s           2025-11-09T13:25:40
/opt/airflow/dags/first_dag.py    319  0.00s             1           0  0.13s           2025-11-09T13:25:40
================================================================================
[2025-11-09T13:26:40.857+0000] {manager.py:878} INFO - 
================================================================================
DAG File Processing Stats

File Path                         PID  Runtime      # DAGs    # Errors  Last Runtime    Last Run
------------------------------  -----  ---------  --------  ----------  --------------  -------------------
/opt/airflow/dags/connect.py      330  0.02s             1           0  0.11s           2025-11-09T13:26:10
/opt/airflow/dags/first_dag.py    333  0.01s             1           0  0.11s           2025-11-09T13:26:10
================================================================================
[2025-11-09T13:27:11.166+0000] {manager.py:878} INFO - 
================================================================================
DAG File Processing Stats

File Path                         PID  Runtime      # DAGs    # Errors  Last Runtime    Last Run
------------------------------  -----  ---------  --------  ----------  --------------  -------------------
/opt/airflow/dags/connect.py      340  0.01s             1           0  0.15s           2025-11-09T13:26:40
/opt/airflow/dags/first_dag.py    343  0.00s             1           0  0.14s           2025-11-09T13:26:40
================================================================================
[2025-11-09T13:27:41.327+0000] {manager.py:878} INFO - 
================================================================================
DAG File Processing Stats

File Path                         PID  Runtime      # DAGs    # Errors  Last Runtime    Last Run
------------------------------  -----  ---------  --------  ----------  --------------  -------------------
/opt/airflow/dags/connect.py      354  0.01s             1           0  0.14s           2025-11-09T13:27:11
/opt/airflow/dags/first_dag.py    357  0.00s             1           0  0.12s           2025-11-09T13:27:11
================================================================================
[2025-11-09T13:28:11.608+0000] {manager.py:878} INFO - 
================================================================================
DAG File Processing Stats

File Path                         PID  Runtime      # DAGs    # Errors  Last Runtime    Last Run
------------------------------  -----  ---------  --------  ----------  --------------  -------------------
/opt/airflow/dags/first_dag.py    367  0.00s             1           0  0.12s           2025-11-09T13:27:41
/opt/airflow/dags/connect.py      364  0.01s             1           0  0.11s           2025-11-09T13:27:41
================================================================================
[2025-11-09T13:28:41.805+0000] {manager.py:878} INFO - 
================================================================================
DAG File Processing Stats

File Path                         PID  Runtime      # DAGs    # Errors  Last Runtime    Last Run
------------------------------  -----  ---------  --------  ----------  --------------  -------------------
/opt/airflow/dags/connect.py      374  0.01s             1           0  0.13s           2025-11-09T13:28:11
/opt/airflow/dags/first_dag.py    377  0.00s             1           0  0.12s           2025-11-09T13:28:11
================================================================================
[2025-11-09T13:29:08.037+0000] {manager.py:737} INFO - Searching for files in /opt/airflow/dags
[2025-11-09T13:29:08.046+0000] {manager.py:740} INFO - There are 2 files in /opt/airflow/dags
[2025-11-09T13:29:12.088+0000] {manager.py:878} INFO - 
================================================================================
DAG File Processing Stats

File Path                         PID  Runtime      # DAGs    # Errors  Last Runtime    Last Run
------------------------------  -----  ---------  --------  ----------  --------------  -------------------
/opt/airflow/dags/connect.py      384  0.01s             1           0  0.10s           2025-11-09T13:28:41
/opt/airflow/dags/first_dag.py    387  0.00s             1           0  0.09s           2025-11-09T13:28:41
================================================================================
[2025-11-09T13:29:42.388+0000] {manager.py:878} INFO - 
================================================================================
DAG File Processing Stats

File Path                         PID  Runtime      # DAGs    # Errors  Last Runtime    Last Run
------------------------------  -----  ---------  --------  ----------  --------------  -------------------
/opt/airflow/dags/connect.py      394  0.02s             1           0  0.13s           2025-11-09T13:29:12
/opt/airflow/dags/first_dag.py    397  0.01s             1           0  0.12s           2025-11-09T13:29:12
================================================================================
[2025-11-09T13:30:12.577+0000] {manager.py:878} INFO - 
================================================================================
DAG File Processing Stats

File Path                         PID  Runtime      # DAGs    # Errors  Last Runtime    Last Run
------------------------------  -----  ---------  --------  ----------  --------------  -------------------
/opt/airflow/dags/connect.py      404  0.02s             1           0  0.13s           2025-11-09T13:29:42
/opt/airflow/dags/first_dag.py    407  0.01s             1           0  0.12s           2025-11-09T13:29:42
================================================================================
[2025-11-09T13:30:42.867+0000] {manager.py:878} INFO - 
================================================================================
DAG File Processing Stats

File Path                         PID  Runtime      # DAGs    # Errors  Last Runtime    Last Run
------------------------------  -----  ---------  --------  ----------  --------------  -------------------
/opt/airflow/dags/connect.py      414  0.02s             1           0  0.14s           2025-11-09T13:30:12
/opt/airflow/dags/first_dag.py    417  0.01s             1           0  0.13s           2025-11-09T13:30:12
================================================================================
[2025-11-09T13:31:13.069+0000] {manager.py:878} INFO - 
================================================================================
DAG File Processing Stats

File Path                         PID  Runtime      # DAGs    # Errors  Last Runtime    Last Run
------------------------------  -----  ---------  --------  ----------  --------------  -------------------
/opt/airflow/dags/connect.py      424  0.01s             1           0  0.12s           2025-11-09T13:30:42
/opt/airflow/dags/first_dag.py    427  0.00s             1           0  0.11s           2025-11-09T13:30:42
================================================================================
[2025-11-09T13:31:43.361+0000] {manager.py:878} INFO - 
================================================================================
DAG File Processing Stats

File Path                         PID  Runtime      # DAGs    # Errors  Last Runtime    Last Run
------------------------------  -----  ---------  --------  ----------  --------------  -------------------
/opt/airflow/dags/connect.py      434  0.02s             1           0  0.10s           2025-11-09T13:31:13
/opt/airflow/dags/first_dag.py    437  0.01s             1           0  0.10s           2025-11-09T13:31:13
================================================================================
[2025-11-09T13:32:13.538+0000] {manager.py:878} INFO - 
================================================================================
DAG File Processing Stats

File Path                         PID  Runtime      # DAGs    # Errors  Last Runtime    Last Run
------------------------------  -----  ---------  --------  ----------  --------------  -------------------
/opt/airflow/dags/connect.py      444  0.01s             1           0  0.13s           2025-11-09T13:31:43
/opt/airflow/dags/first_dag.py    447  0.00s             1           0  0.12s           2025-11-09T13:31:43
================================================================================
[2025-11-09T13:32:43.766+0000] {manager.py:878} INFO - 
================================================================================
DAG File Processing Stats

File Path                         PID  Runtime      # DAGs    # Errors  Last Runtime    Last Run
------------------------------  -----  ---------  --------  ----------  --------------  -------------------
/opt/airflow/dags/connect.py      454  0.01s             1           0  0.10s           2025-11-09T13:32:13
/opt/airflow/dags/first_dag.py    457  0.00s             1           0  0.09s           2025-11-09T13:32:13
================================================================================
[2025-11-09T13:33:13.940+0000] {manager.py:878} INFO - 
================================================================================
DAG File Processing Stats

File Path                         PID  Runtime      # DAGs    # Errors  Last Runtime    Last Run
------------------------------  -----  ---------  --------  ----------  --------------  -------------------
/opt/airflow/dags/connect.py      464  0.01s             1           0  0.11s           2025-11-09T13:32:43
/opt/airflow/dags/first_dag.py    467  0.00s             1           0  0.10s           2025-11-09T13:32:43
================================================================================
[2025-11-09T13:33:44.156+0000] {manager.py:878} INFO - 
================================================================================
DAG File Processing Stats

File Path                         PID  Runtime      # DAGs    # Errors  Last Runtime    Last Run
------------------------------  -----  ---------  --------  ----------  --------------  -------------------
/opt/airflow/dags/connect.py      474  0.01s             1           0  0.10s           2025-11-09T13:33:14
/opt/airflow/dags/first_dag.py    477  0.00s             1           0  0.10s           2025-11-09T13:33:14
================================================================================
[2025-11-09T13:34:08.283+0000] {manager.py:737} INFO - Searching for files in /opt/airflow/dags
[2025-11-09T13:34:08.287+0000] {manager.py:740} INFO - There are 2 files in /opt/airflow/dags
[2025-11-09T13:34:14.338+0000] {manager.py:878} INFO - 
================================================================================
DAG File Processing Stats

File Path                         PID  Runtime      # DAGs    # Errors  Last Runtime    Last Run
------------------------------  -----  ---------  --------  ----------  --------------  -------------------
/opt/airflow/dags/connect.py      484  0.01s             1           0  0.10s           2025-11-09T13:33:44
/opt/airflow/dags/first_dag.py    487  0.00s             1           0  0.09s           2025-11-09T13:33:44
================================================================================
[2025-11-09T13:34:44.631+0000] {manager.py:878} INFO - 
================================================================================
DAG File Processing Stats

File Path                         PID  Runtime      # DAGs    # Errors  Last Runtime    Last Run
------------------------------  -----  ---------  --------  ----------  --------------  -------------------
/opt/airflow/dags/connect.py      494  0.02s             1           0  0.12s           2025-11-09T13:34:14
/opt/airflow/dags/first_dag.py    497  0.01s             1           0  0.11s           2025-11-09T13:34:14
================================================================================
[2025-11-09T13:35:14.835+0000] {manager.py:878} INFO - 
================================================================================
DAG File Processing Stats

File Path                         PID  Runtime      # DAGs    # Errors  Last Runtime    Last Run
------------------------------  -----  ---------  --------  ----------  --------------  -------------------
/opt/airflow/dags/connect.py      504  0.02s             1           0  0.14s           2025-11-09T13:34:44
/opt/airflow/dags/first_dag.py    507  0.00s             1           0  0.13s           2025-11-09T13:34:44
================================================================================
[2025-11-09T13:35:45.026+0000] {manager.py:878} INFO - 
================================================================================
DAG File Processing Stats

File Path                         PID  Runtime      # DAGs    # Errors  Last Runtime    Last Run
------------------------------  -----  ---------  --------  ----------  --------------  -------------------
/opt/airflow/dags/connect.py      514  0.01s             1           0  0.12s           2025-11-09T13:35:14
/opt/airflow/dags/first_dag.py    517  0.00s             1           0  0.11s           2025-11-09T13:35:14
================================================================================
[2025-11-09T13:36:15.285+0000] {manager.py:878} INFO - 
================================================================================
DAG File Processing Stats

File Path                         PID  Runtime      # DAGs    # Errors  Last Runtime    Last Run
------------------------------  -----  ---------  --------  ----------  --------------  -------------------
/opt/airflow/dags/connect.py      524  0.01s             1           0  0.12s           2025-11-09T13:35:45
/opt/airflow/dags/first_dag.py    527  0.00s             1           0  0.09s           2025-11-09T13:35:45
================================================================================
[2025-11-09T13:36:45.462+0000] {manager.py:878} INFO - 
================================================================================
DAG File Processing Stats

File Path                         PID  Runtime      # DAGs    # Errors  Last Runtime    Last Run
------------------------------  -----  ---------  --------  ----------  --------------  -------------------
/opt/airflow/dags/connect.py      534  0.02s             1           0  0.11s           2025-11-09T13:36:15
/opt/airflow/dags/first_dag.py    537  0.01s             1           0  0.11s           2025-11-09T13:36:15
================================================================================
[2025-11-09T13:37:15.684+0000] {manager.py:878} INFO - 
================================================================================
DAG File Processing Stats

File Path                         PID  Runtime      # DAGs    # Errors  Last Runtime    Last Run
------------------------------  -----  ---------  --------  ----------  --------------  -------------------
/opt/airflow/dags/connect.py      544  0.01s             1           0  0.13s           2025-11-09T13:36:45
/opt/airflow/dags/first_dag.py    547  0.00s             1           0  0.11s           2025-11-09T13:36:45
================================================================================
[2025-11-09T13:37:45.882+0000] {manager.py:878} INFO - 
================================================================================
DAG File Processing Stats

File Path                         PID  Runtime      # DAGs    # Errors  Last Runtime    Last Run
------------------------------  -----  ---------  --------  ----------  --------------  -------------------
/opt/airflow/dags/connect.py      554  0.01s             1           0  0.11s           2025-11-09T13:37:15
/opt/airflow/dags/first_dag.py    557  0.00s             1           0  0.10s           2025-11-09T13:37:15
================================================================================
[2025-11-09T13:38:15.249+0000] {manager.py:452} INFO - Exiting gracefully upon receiving signal 15
[2025-11-09T13:39:17.817+0000] {manager.py:470} INFO - Processing files using up to 2 processes at a time 
[2025-11-09T13:39:17.819+0000] {manager.py:471} INFO - Process each file at most once every 30 seconds
[2025-11-09T13:39:17.822+0000] {manager.py:472} INFO - Checking for new files in /opt/airflow/dags every 300 seconds
[2025-11-09T13:39:17.826+0000] {manager.py:737} INFO - Searching for files in /opt/airflow/dags
[2025-11-09T13:39:17.844+0000] {manager.py:740} INFO - There are 2 files in /opt/airflow/dags
[2025-11-09T13:39:18.095+0000] {manager.py:878} INFO - 
================================================================================
DAG File Processing Stats

File Path                         PID  Runtime      # DAGs    # Errors  Last Runtime    Last Run
------------------------------  -----  ---------  --------  ----------  --------------  ----------
/opt/airflow/dags/first_dag.py    160  0.12s             0           0
/opt/airflow/dags/connect.py      158  0.13s             0           0
================================================================================
[2025-11-09T13:39:48.353+0000] {manager.py:878} INFO - 
================================================================================
DAG File Processing Stats

File Path                         PID  Runtime      # DAGs    # Errors  Last Runtime    Last Run
------------------------------  -----  ---------  --------  ----------  --------------  -------------------
/opt/airflow/dags/connect.py      169  0.01s             1           0  0.31s           2025-11-09T13:39:18
/opt/airflow/dags/first_dag.py    171  0.00s             1           0  0.22s           2025-11-09T13:39:18
================================================================================
[2025-11-09T13:40:18.485+0000] {manager.py:878} INFO - 
================================================================================
DAG File Processing Stats

File Path                       PID    Runtime      # DAGs    # Errors  Last Runtime    Last Run
------------------------------  -----  ---------  --------  ----------  --------------  -------------------
/opt/airflow/dags/connect.py                             1           0  0.98s           2025-11-09T13:39:49
/opt/airflow/dags/first_dag.py                           1           0  0.98s           2025-11-09T13:39:49
================================================================================
[2025-11-09T13:40:49.293+0000] {manager.py:878} INFO - 
================================================================================
DAG File Processing Stats

File Path                       PID    Runtime      # DAGs    # Errors  Last Runtime    Last Run
------------------------------  -----  ---------  --------  ----------  --------------  -------------------
/opt/airflow/dags/first_dag.py                           1           0  0.81s           2025-11-09T13:40:20
/opt/airflow/dags/connect.py                             1           0  0.61s           2025-11-09T13:40:20
================================================================================
[2025-11-09T13:41:19.742+0000] {manager.py:878} INFO - 
================================================================================
DAG File Processing Stats

File Path                       PID    Runtime      # DAGs    # Errors  Last Runtime    Last Run
------------------------------  -----  ---------  --------  ----------  --------------  -------------------
/opt/airflow/dags/connect.py                             1           0  2.50s           2025-11-09T13:40:52
/opt/airflow/dags/first_dag.py                           1           0  2.30s           2025-11-09T13:40:52
================================================================================
[2025-11-09T13:41:50.646+0000] {manager.py:878} INFO - 
================================================================================
DAG File Processing Stats

File Path                       PID    Runtime      # DAGs    # Errors  Last Runtime    Last Run
------------------------------  -----  ---------  --------  ----------  --------------  -------------------
/opt/airflow/dags/first_dag.py                           1           0  0.43s           2025-11-09T13:41:23
/opt/airflow/dags/connect.py                             1           0  0.43s           2025-11-09T13:41:23
================================================================================
[2025-11-09T13:42:20.848+0000] {manager.py:878} INFO - 
================================================================================
DAG File Processing Stats

File Path                       PID    Runtime      # DAGs    # Errors  Last Runtime    Last Run
------------------------------  -----  ---------  --------  ----------  --------------  -------------------
/opt/airflow/dags/connect.py                             1           0  0.18s           2025-11-09T13:41:53
/opt/airflow/dags/first_dag.py                           1           0  0.17s           2025-11-09T13:41:53
================================================================================
[2025-11-09T13:42:51.032+0000] {manager.py:878} INFO - 
================================================================================
DAG File Processing Stats

File Path                       PID    Runtime      # DAGs    # Errors  Last Runtime    Last Run
------------------------------  -----  ---------  --------  ----------  --------------  -------------------
/opt/airflow/dags/connect.py                             1           0  0.14s           2025-11-09T13:42:24
/opt/airflow/dags/first_dag.py                           1           0  0.12s           2025-11-09T13:42:24
================================================================================
[2025-11-09T13:43:21.329+0000] {manager.py:878} INFO - 
================================================================================
DAG File Processing Stats

File Path                       PID    Runtime      # DAGs    # Errors  Last Runtime    Last Run
------------------------------  -----  ---------  --------  ----------  --------------  -------------------
/opt/airflow/dags/first_dag.py                           1           0  0.13s           2025-11-09T13:42:54
/opt/airflow/dags/connect.py                             1           0  0.13s           2025-11-09T13:42:54
================================================================================
[2025-11-09T13:43:51.517+0000] {manager.py:878} INFO - 
================================================================================
DAG File Processing Stats

File Path                       PID    Runtime      # DAGs    # Errors  Last Runtime    Last Run
------------------------------  -----  ---------  --------  ----------  --------------  -------------------
/opt/airflow/dags/connect.py                             1           0  0.14s           2025-11-09T13:43:24
/opt/airflow/dags/first_dag.py                           1           0  0.12s           2025-11-09T13:43:24
================================================================================
[2025-11-09T13:44:18.785+0000] {manager.py:737} INFO - Searching for files in /opt/airflow/dags
[2025-11-09T13:44:18.789+0000] {manager.py:740} INFO - There are 2 files in /opt/airflow/dags
[2025-11-09T13:44:21.816+0000] {manager.py:878} INFO - 
================================================================================
DAG File Processing Stats

File Path                       PID    Runtime      # DAGs    # Errors  Last Runtime    Last Run
------------------------------  -----  ---------  --------  ----------  --------------  -------------------
/opt/airflow/dags/connect.py                             1           0  0.10s           2025-11-09T13:43:54
/opt/airflow/dags/first_dag.py                           1           0  0.10s           2025-11-09T13:43:54
================================================================================
[2025-11-09T13:44:52.085+0000] {manager.py:878} INFO - 
================================================================================
DAG File Processing Stats

File Path                       PID    Runtime      # DAGs    # Errors  Last Runtime    Last Run
------------------------------  -----  ---------  --------  ----------  --------------  -------------------
/opt/airflow/dags/connect.py                             1           0  0.11s           2025-11-09T13:44:24
/opt/airflow/dags/first_dag.py                           1           0  0.10s           2025-11-09T13:44:24
================================================================================
[2025-11-09T13:45:22.355+0000] {manager.py:878} INFO - 
================================================================================
DAG File Processing Stats

File Path                       PID    Runtime      # DAGs    # Errors  Last Runtime    Last Run
------------------------------  -----  ---------  --------  ----------  --------------  -------------------
/opt/airflow/dags/connect.py                             1           0  0.11s           2025-11-09T13:44:55
/opt/airflow/dags/first_dag.py                           1           0  0.11s           2025-11-09T13:44:55
================================================================================
[2025-11-09T13:45:52.522+0000] {manager.py:878} INFO - 
================================================================================
DAG File Processing Stats

File Path                       PID    Runtime      # DAGs    # Errors  Last Runtime    Last Run
------------------------------  -----  ---------  --------  ----------  --------------  -------------------
/opt/airflow/dags/connect.py                             1           0  0.12s           2025-11-09T13:45:25
/opt/airflow/dags/first_dag.py                           1           0  0.12s           2025-11-09T13:45:25
================================================================================
[2025-11-09T13:46:22.753+0000] {manager.py:878} INFO - 
================================================================================
DAG File Processing Stats

File Path                       PID    Runtime      # DAGs    # Errors  Last Runtime    Last Run
------------------------------  -----  ---------  --------  ----------  --------------  -------------------
/opt/airflow/dags/connect.py                             1           0  0.10s           2025-11-09T13:45:55
/opt/airflow/dags/first_dag.py                           1           0  0.10s           2025-11-09T13:45:55
================================================================================
[2025-11-09T13:46:52.917+0000] {manager.py:878} INFO - 
================================================================================
DAG File Processing Stats

File Path                       PID    Runtime      # DAGs    # Errors  Last Runtime    Last Run
------------------------------  -----  ---------  --------  ----------  --------------  -------------------
/opt/airflow/dags/connect.py                             1           0  0.10s           2025-11-09T13:46:25
/opt/airflow/dags/first_dag.py                           1           0  0.09s           2025-11-09T13:46:25
================================================================================
[2025-11-09T13:47:23.190+0000] {manager.py:878} INFO - 
================================================================================
DAG File Processing Stats

File Path                       PID    Runtime      # DAGs    # Errors  Last Runtime    Last Run
------------------------------  -----  ---------  --------  ----------  --------------  -------------------
/opt/airflow/dags/connect.py                             1           0  0.10s           2025-11-09T13:46:56
/opt/airflow/dags/first_dag.py                           1           0  0.10s           2025-11-09T13:46:56
================================================================================
[2025-11-09T13:47:53.468+0000] {manager.py:878} INFO - 
================================================================================
DAG File Processing Stats

File Path                       PID    Runtime      # DAGs    # Errors  Last Runtime    Last Run
------------------------------  -----  ---------  --------  ----------  --------------  -------------------
/opt/airflow/dags/first_dag.py                           1           0  0.10s           2025-11-09T13:47:26
/opt/airflow/dags/connect.py                             1           0  0.09s           2025-11-09T13:47:30
================================================================================
[2025-11-09T13:48:23.733+0000] {manager.py:878} INFO - 
================================================================================
DAG File Processing Stats

File Path                       PID    Runtime      # DAGs    # Errors  Last Runtime    Last Run
------------------------------  -----  ---------  --------  ----------  --------------  -------------------
/opt/airflow/dags/connect.py                             1           0  0.09s           2025-11-09T13:48:00
/opt/airflow/dags/first_dag.py                           1           0  0.09s           2025-11-09T13:47:56
================================================================================
[2025-11-09T13:48:53.967+0000] {manager.py:878} INFO - 
================================================================================
DAG File Processing Stats

File Path                       PID    Runtime      # DAGs    # Errors  Last Runtime    Last Run
------------------------------  -----  ---------  --------  ----------  --------------  -------------------
/opt/airflow/dags/connect.py                             1           0  0.11s           2025-11-09T13:48:30
/opt/airflow/dags/first_dag.py                           1           0  0.08s           2025-11-09T13:48:26
================================================================================
[2025-11-09T13:49:19.195+0000] {manager.py:737} INFO - Searching for files in /opt/airflow/dags
[2025-11-09T13:49:19.206+0000] {manager.py:740} INFO - There are 2 files in /opt/airflow/dags
[2025-11-09T13:49:24.250+0000] {manager.py:878} INFO - 
================================================================================
DAG File Processing Stats

File Path                       PID    Runtime      # DAGs    # Errors  Last Runtime    Last Run
------------------------------  -----  ---------  --------  ----------  --------------  -------------------
/opt/airflow/dags/connect.py                             1           0  0.09s           2025-11-09T13:49:01
/opt/airflow/dags/first_dag.py                           1           0  0.09s           2025-11-09T13:48:57
================================================================================
[2025-11-09T13:49:54.498+0000] {manager.py:878} INFO - 
================================================================================
DAG File Processing Stats

File Path                       PID    Runtime      # DAGs    # Errors  Last Runtime    Last Run
------------------------------  -----  ---------  --------  ----------  --------------  -------------------
/opt/airflow/dags/connect.py                             1           0  0.09s           2025-11-09T13:49:31
/opt/airflow/dags/first_dag.py                           1           0  0.09s           2025-11-09T13:49:27
================================================================================
[2025-11-09T13:50:24.743+0000] {manager.py:878} INFO - 
================================================================================
DAG File Processing Stats

File Path                       PID    Runtime      # DAGs    # Errors  Last Runtime    Last Run
------------------------------  -----  ---------  --------  ----------  --------------  -------------------
/opt/airflow/dags/first_dag.py                           1           0  0.09s           2025-11-09T13:49:57
/opt/airflow/dags/connect.py                             1           0  0.09s           2025-11-09T13:50:01
================================================================================
[2025-11-09T13:50:54.981+0000] {manager.py:878} INFO - 
================================================================================
DAG File Processing Stats

File Path                       PID    Runtime      # DAGs    # Errors  Last Runtime    Last Run
------------------------------  -----  ---------  --------  ----------  --------------  -------------------
/opt/airflow/dags/connect.py                             1           0  0.09s           2025-11-09T13:50:31
/opt/airflow/dags/first_dag.py                           1           0  0.08s           2025-11-09T13:50:27
================================================================================
[2025-11-09T13:51:25.238+0000] {manager.py:878} INFO - 
================================================================================
DAG File Processing Stats

File Path                       PID    Runtime      # DAGs    # Errors  Last Runtime    Last Run
------------------------------  -----  ---------  --------  ----------  --------------  -------------------
/opt/airflow/dags/first_dag.py                           1           0  0.09s           2025-11-09T13:50:58
/opt/airflow/dags/connect.py                             1           0  0.09s           2025-11-09T13:51:02
================================================================================
[2025-11-09T13:51:45.177+0000] {manager.py:452} INFO - Exiting gracefully upon receiving signal 15
[2025-11-09T13:53:50.685+0000] {manager.py:470} INFO - Processing files using up to 2 processes at a time 
[2025-11-09T13:53:50.686+0000] {manager.py:471} INFO - Process each file at most once every 30 seconds
[2025-11-09T13:53:50.687+0000] {manager.py:472} INFO - Checking for new files in /opt/airflow/dags every 300 seconds
[2025-11-09T13:53:50.689+0000] {manager.py:737} INFO - Searching for files in /opt/airflow/dags
[2025-11-09T13:53:50.699+0000] {manager.py:740} INFO - There are 2 files in /opt/airflow/dags
[2025-11-09T13:53:50.821+0000] {manager.py:878} INFO - 
================================================================================
DAG File Processing Stats

File Path                         PID  Runtime      # DAGs    # Errors  Last Runtime    Last Run
------------------------------  -----  ---------  --------  ----------  --------------  ----------
/opt/airflow/dags/first_dag.py    162  0.06s             0           0
/opt/airflow/dags/connect.py      159  0.07s             0           0
================================================================================
[2025-11-09T13:54:21.056+0000] {manager.py:878} INFO - 
================================================================================
DAG File Processing Stats

File Path                         PID  Runtime      # DAGs    # Errors  Last Runtime    Last Run
------------------------------  -----  ---------  --------  ----------  --------------  -------------------
/opt/airflow/dags/first_dag.py    173  0.00s             1           0  0.18s           2025-11-09T13:53:50
/opt/airflow/dags/connect.py      170  0.01s             1           0  0.17s           2025-11-09T13:53:50
================================================================================
[2025-11-09T13:54:51.396+0000] {manager.py:878} INFO - 
================================================================================
DAG File Processing Stats

File Path                         PID  Runtime      # DAGs    # Errors  Last Runtime    Last Run
------------------------------  -----  ---------  --------  ----------  --------------  -------------------
/opt/airflow/dags/connect.py      185  0.01s             1           0  0.20s           2025-11-09T13:54:21
/opt/airflow/dags/first_dag.py    188  0.00s             1           0  0.17s           2025-11-09T13:54:21
================================================================================
[2025-11-09T13:55:21.662+0000] {manager.py:878} INFO - 
================================================================================
DAG File Processing Stats

File Path                         PID  Runtime      # DAGs    # Errors  Last Runtime    Last Run
------------------------------  -----  ---------  --------  ----------  --------------  -------------------
/opt/airflow/dags/connect.py      195  0.01s             1           0  0.10s           2025-11-09T13:54:51
/opt/airflow/dags/first_dag.py    198  0.00s             1           0  0.10s           2025-11-09T13:54:51
================================================================================
[2025-11-09T13:55:51.864+0000] {manager.py:878} INFO - 
================================================================================
DAG File Processing Stats

File Path                         PID  Runtime      # DAGs    # Errors  Last Runtime    Last Run
------------------------------  -----  ---------  --------  ----------  --------------  -------------------
/opt/airflow/dags/connect.py      207  0.02s             1           0  0.12s           2025-11-09T13:55:21
/opt/airflow/dags/first_dag.py    210  0.01s             1           0  0.12s           2025-11-09T13:55:21
================================================================================
[2025-11-09T13:56:22.073+0000] {manager.py:878} INFO - 
================================================================================
DAG File Processing Stats

File Path                         PID  Runtime      # DAGs    # Errors  Last Runtime    Last Run
------------------------------  -----  ---------  --------  ----------  --------------  -------------------
/opt/airflow/dags/connect.py      217  0.01s             1           0  0.15s           2025-11-09T13:55:51
/opt/airflow/dags/first_dag.py    220  0.00s             1           0  0.13s           2025-11-09T13:55:51
================================================================================
[2025-11-09T13:56:52.296+0000] {manager.py:878} INFO - 
================================================================================
DAG File Processing Stats

File Path                         PID  Runtime      # DAGs    # Errors  Last Runtime    Last Run
------------------------------  -----  ---------  --------  ----------  --------------  -------------------
/opt/airflow/dags/connect.py      227  0.01s             1           0  0.10s           2025-11-09T13:56:22
/opt/airflow/dags/first_dag.py    230  0.00s             1           0  0.09s           2025-11-09T13:56:22
================================================================================
[2025-11-09T13:57:22.461+0000] {manager.py:878} INFO - 
================================================================================
DAG File Processing Stats

File Path                         PID  Runtime      # DAGs    # Errors  Last Runtime    Last Run
------------------------------  -----  ---------  --------  ----------  --------------  -------------------
/opt/airflow/dags/connect.py      237  0.01s             1           0  0.10s           2025-11-09T13:56:52
/opt/airflow/dags/first_dag.py    240  0.00s             1           0  0.09s           2025-11-09T13:56:52
================================================================================
[2025-11-09T13:57:52.692+0000] {manager.py:878} INFO - 
================================================================================
DAG File Processing Stats

File Path                         PID  Runtime      # DAGs    # Errors  Last Runtime    Last Run
------------------------------  -----  ---------  --------  ----------  --------------  -------------------
/opt/airflow/dags/connect.py      247  0.01s             1           0  0.11s           2025-11-09T13:57:22
/opt/airflow/dags/first_dag.py    250  0.00s             1           0  0.10s           2025-11-09T13:57:22
================================================================================
[2025-11-09T13:58:22.845+0000] {manager.py:878} INFO - 
================================================================================
DAG File Processing Stats

File Path                         PID  Runtime      # DAGs    # Errors  Last Runtime    Last Run
------------------------------  -----  ---------  --------  ----------  --------------  -------------------
/opt/airflow/dags/connect.py      257  0.01s             1           0  0.11s           2025-11-09T13:57:52
/opt/airflow/dags/first_dag.py    260  0.00s             1           0  0.09s           2025-11-09T13:57:52
================================================================================
[2025-11-09T13:58:51.091+0000] {manager.py:737} INFO - Searching for files in /opt/airflow/dags
[2025-11-09T13:58:51.094+0000] {manager.py:740} INFO - There are 2 files in /opt/airflow/dags
[2025-11-09T13:58:53.126+0000] {manager.py:878} INFO - 
================================================================================
DAG File Processing Stats

File Path                         PID  Runtime      # DAGs    # Errors  Last Runtime    Last Run
------------------------------  -----  ---------  --------  ----------  --------------  -------------------
/opt/airflow/dags/first_dag.py    272  0.00s             1           0  0.10s           2025-11-09T13:58:22
/opt/airflow/dags/connect.py                             0           1  0.06s           2025-11-09T13:58:38
================================================================================
[2025-11-09T13:59:23.301+0000] {manager.py:878} INFO - 
================================================================================
DAG File Processing Stats

File Path                         PID  Runtime      # DAGs    # Errors  Last Runtime    Last Run
------------------------------  -----  ---------  --------  ----------  --------------  -------------------
/opt/airflow/dags/first_dag.py    282  0.00s             1           0  0.09s           2025-11-09T13:58:53
/opt/airflow/dags/connect.py                             0           1  0.04s           2025-11-09T13:59:08
================================================================================
[2025-11-09T13:59:53.555+0000] {manager.py:878} INFO - 
================================================================================
DAG File Processing Stats

File Path                         PID  Runtime      # DAGs    # Errors  Last Runtime    Last Run
------------------------------  -----  ---------  --------  ----------  --------------  -------------------
/opt/airflow/dags/first_dag.py    292  0.00s             1           0  0.09s           2025-11-09T13:59:23
/opt/airflow/dags/connect.py                             0           1  0.05s           2025-11-09T13:59:38
================================================================================
[2025-11-09T14:00:23.786+0000] {manager.py:878} INFO - 
================================================================================
DAG File Processing Stats

File Path                         PID  Runtime      # DAGs    # Errors  Last Runtime    Last Run
------------------------------  -----  ---------  --------  ----------  --------------  -------------------
/opt/airflow/dags/connect.py                             0           1  0.10s           2025-11-09T14:00:08
/opt/airflow/dags/first_dag.py    302  0.01s             1           0  0.08s           2025-11-09T13:59:53
================================================================================
[2025-11-09T14:00:53.965+0000] {manager.py:878} INFO - 
================================================================================
DAG File Processing Stats

File Path                         PID  Runtime      # DAGs    # Errors  Last Runtime    Last Run
------------------------------  -----  ---------  --------  ----------  --------------  -------------------
/opt/airflow/dags/first_dag.py    312  0.00s             1           0  0.08s           2025-11-09T14:00:23
/opt/airflow/dags/connect.py                             0           1  0.05s           2025-11-09T14:00:38
================================================================================
[2025-11-09T14:01:24.209+0000] {manager.py:878} INFO - 
================================================================================
DAG File Processing Stats

File Path                         PID  Runtime      # DAGs    # Errors  Last Runtime    Last Run
------------------------------  -----  ---------  --------  ----------  --------------  -------------------
/opt/airflow/dags/first_dag.py    322  0.01s             1           0  0.09s           2025-11-09T14:00:54
/opt/airflow/dags/connect.py                             0           1  0.05s           2025-11-09T14:01:09
================================================================================
[2025-11-09T14:01:54.401+0000] {manager.py:878} INFO - 
================================================================================
DAG File Processing Stats

File Path                         PID  Runtime      # DAGs    # Errors  Last Runtime    Last Run
------------------------------  -----  ---------  --------  ----------  --------------  -------------------
/opt/airflow/dags/first_dag.py    332  0.00s             1           0  0.09s           2025-11-09T14:01:24
/opt/airflow/dags/connect.py                             0           1  0.04s           2025-11-09T14:01:39
================================================================================
[2025-11-09T14:02:24.598+0000] {manager.py:878} INFO - 
================================================================================
DAG File Processing Stats

File Path                         PID  Runtime      # DAGs    # Errors  Last Runtime    Last Run
------------------------------  -----  ---------  --------  ----------  --------------  -------------------
/opt/airflow/dags/first_dag.py    342  0.01s             1           0  0.08s           2025-11-09T14:01:54
/opt/airflow/dags/connect.py                             0           1  0.05s           2025-11-09T14:02:09
================================================================================
[2025-11-09T14:02:54.787+0000] {manager.py:878} INFO - 
================================================================================
DAG File Processing Stats

File Path                         PID  Runtime      # DAGs    # Errors  Last Runtime    Last Run
------------------------------  -----  ---------  --------  ----------  --------------  -------------------
/opt/airflow/dags/first_dag.py    352  0.01s             1           0  0.09s           2025-11-09T14:02:24
/opt/airflow/dags/connect.py                             0           1  0.04s           2025-11-09T14:02:39
================================================================================
[2025-11-09T14:03:24.973+0000] {manager.py:878} INFO - 
================================================================================
DAG File Processing Stats

File Path                         PID  Runtime      # DAGs    # Errors  Last Runtime    Last Run
------------------------------  -----  ---------  --------  ----------  --------------  -------------------
/opt/airflow/dags/first_dag.py    362  0.01s             1           0  0.09s           2025-11-09T14:02:54
/opt/airflow/dags/connect.py                             0           1  0.05s           2025-11-09T14:03:09
================================================================================
[2025-11-09T14:03:51.179+0000] {manager.py:737} INFO - Searching for files in /opt/airflow/dags
[2025-11-09T14:03:51.187+0000] {manager.py:740} INFO - There are 2 files in /opt/airflow/dags
[2025-11-09T14:03:55.231+0000] {manager.py:878} INFO - 
================================================================================
DAG File Processing Stats

File Path                         PID  Runtime      # DAGs    # Errors  Last Runtime    Last Run
------------------------------  -----  ---------  --------  ----------  --------------  -------------------
/opt/airflow/dags/first_dag.py    372  0.01s             1           0  0.10s           2025-11-09T14:03:25
/opt/airflow/dags/connect.py                             0           1  0.05s           2025-11-09T14:03:40
================================================================================
[2025-11-09T14:04:25.472+0000] {manager.py:878} INFO - 
================================================================================
DAG File Processing Stats

File Path                         PID  Runtime      # DAGs    # Errors  Last Runtime    Last Run
------------------------------  -----  ---------  --------  ----------  --------------  -------------------
/opt/airflow/dags/first_dag.py    382  0.01s             1           0  0.08s           2025-11-09T14:03:55
/opt/airflow/dags/connect.py                             0           1  0.07s           2025-11-09T14:04:10
================================================================================
[2025-11-09T14:04:55.653+0000] {manager.py:878} INFO - 
================================================================================
DAG File Processing Stats

File Path                         PID  Runtime      # DAGs    # Errors  Last Runtime    Last Run
------------------------------  -----  ---------  --------  ----------  --------------  -------------------
/opt/airflow/dags/first_dag.py    392  0.00s             1           0  0.09s           2025-11-09T14:04:25
/opt/airflow/dags/connect.py                             0           1  0.05s           2025-11-09T14:04:40
================================================================================
[2025-11-09T14:05:25.858+0000] {manager.py:878} INFO - 
================================================================================
DAG File Processing Stats

File Path                         PID  Runtime      # DAGs    # Errors  Last Runtime    Last Run
------------------------------  -----  ---------  --------  ----------  --------------  -------------------
/opt/airflow/dags/first_dag.py    402  0.00s             1           0  0.11s           2025-11-09T14:04:55
/opt/airflow/dags/connect.py                             0           1  0.04s           2025-11-09T14:05:10
================================================================================
[2025-11-09T14:05:56.058+0000] {manager.py:878} INFO - 
================================================================================
DAG File Processing Stats

File Path                         PID  Runtime      # DAGs    # Errors  Last Runtime    Last Run
------------------------------  -----  ---------  --------  ----------  --------------  -------------------
/opt/airflow/dags/first_dag.py    412  0.00s             1           0  0.12s           2025-11-09T14:05:25
/opt/airflow/dags/connect.py                             0           1  0.04s           2025-11-09T14:05:41
================================================================================
[2025-11-09T14:06:26.300+0000] {manager.py:878} INFO - 
================================================================================
DAG File Processing Stats

File Path                         PID  Runtime      # DAGs    # Errors  Last Runtime    Last Run
------------------------------  -----  ---------  --------  ----------  --------------  -------------------
/opt/airflow/dags/first_dag.py    422  0.01s             1           0  0.08s           2025-11-09T14:05:56
/opt/airflow/dags/connect.py                             0           1  0.05s           2025-11-09T14:06:11
================================================================================
[2025-11-09T14:06:56.475+0000] {manager.py:878} INFO - 
================================================================================
DAG File Processing Stats

File Path                         PID  Runtime      # DAGs    # Errors  Last Runtime    Last Run
------------------------------  -----  ---------  --------  ----------  --------------  -------------------
/opt/airflow/dags/first_dag.py    432  0.01s             1           0  0.11s           2025-11-09T14:06:26
/opt/airflow/dags/connect.py                             0           1  0.06s           2025-11-09T14:06:41
================================================================================
[2025-11-09T14:07:26.719+0000] {manager.py:878} INFO - 
================================================================================
DAG File Processing Stats

File Path                         PID  Runtime      # DAGs    # Errors  Last Runtime    Last Run
------------------------------  -----  ---------  --------  ----------  --------------  -------------------
/opt/airflow/dags/first_dag.py    442  0.00s             1           0  0.10s           2025-11-09T14:06:56
/opt/airflow/dags/connect.py                             0           1  0.05s           2025-11-09T14:07:11
================================================================================
[2025-11-09T14:07:56.910+0000] {manager.py:878} INFO - 
================================================================================
DAG File Processing Stats

File Path                         PID  Runtime      # DAGs    # Errors  Last Runtime    Last Run
------------------------------  -----  ---------  --------  ----------  --------------  -------------------
/opt/airflow/dags/first_dag.py    452  0.01s             1           0  0.11s           2025-11-09T14:07:26
/opt/airflow/dags/connect.py                             0           1  0.04s           2025-11-09T14:07:41
================================================================================
[2025-11-09T14:08:27.107+0000] {manager.py:878} INFO - 
================================================================================
DAG File Processing Stats

File Path                         PID  Runtime      # DAGs    # Errors  Last Runtime    Last Run
------------------------------  -----  ---------  --------  ----------  --------------  -------------------
/opt/airflow/dags/first_dag.py    462  0.01s             1           0  0.09s           2025-11-09T14:07:56
/opt/airflow/dags/connect.py                             0           1  0.04s           2025-11-09T14:08:12
================================================================================
[2025-11-09T14:08:51.252+0000] {manager.py:737} INFO - Searching for files in /opt/airflow/dags
[2025-11-09T14:08:51.255+0000] {manager.py:740} INFO - There are 2 files in /opt/airflow/dags
[2025-11-09T14:08:57.310+0000] {manager.py:878} INFO - 
================================================================================
DAG File Processing Stats

File Path                         PID  Runtime      # DAGs    # Errors  Last Runtime    Last Run
------------------------------  -----  ---------  --------  ----------  --------------  -------------------
/opt/airflow/dags/first_dag.py    472  0.01s             1           0  0.09s           2025-11-09T14:08:27
/opt/airflow/dags/connect.py                             0           1  0.04s           2025-11-09T14:08:42
================================================================================
[2025-11-09T14:09:27.471+0000] {manager.py:878} INFO - 
================================================================================
DAG File Processing Stats

File Path                         PID  Runtime      # DAGs    # Errors  Last Runtime    Last Run
------------------------------  -----  ---------  --------  ----------  --------------  -------------------
/opt/airflow/dags/first_dag.py    482  0.00s             1           0  0.09s           2025-11-09T14:08:57
/opt/airflow/dags/connect.py                             0           1  0.05s           2025-11-09T14:09:12
================================================================================
[2025-11-09T14:09:57.716+0000] {manager.py:878} INFO - 
================================================================================
DAG File Processing Stats

File Path                         PID  Runtime      # DAGs    # Errors  Last Runtime    Last Run
------------------------------  -----  ---------  --------  ----------  --------------  -------------------
/opt/airflow/dags/first_dag.py    492  0.01s             1           0  0.09s           2025-11-09T14:09:27
/opt/airflow/dags/connect.py                             0           1  0.04s           2025-11-09T14:09:42
================================================================================
[2025-11-09T14:10:27.886+0000] {manager.py:878} INFO - 
================================================================================
DAG File Processing Stats

File Path                         PID  Runtime      # DAGs    # Errors  Last Runtime    Last Run
------------------------------  -----  ---------  --------  ----------  --------------  -------------------
/opt/airflow/dags/first_dag.py    502  0.01s             1           0  0.12s           2025-11-09T14:09:57
/opt/airflow/dags/connect.py                             0           1  0.05s           2025-11-09T14:10:12
================================================================================
[2025-11-09T14:10:58.082+0000] {manager.py:878} INFO - 
================================================================================
DAG File Processing Stats

File Path                         PID  Runtime      # DAGs    # Errors  Last Runtime    Last Run
------------------------------  -----  ---------  --------  ----------  --------------  -------------------
/opt/airflow/dags/first_dag.py    512  0.00s             1           0  0.11s           2025-11-09T14:10:27
/opt/airflow/dags/connect.py                             0           1  0.04s           2025-11-09T14:10:43
================================================================================
[2025-11-09T14:11:28.269+0000] {manager.py:878} INFO - 
================================================================================
DAG File Processing Stats

File Path                         PID  Runtime      # DAGs    # Errors  Last Runtime    Last Run
------------------------------  -----  ---------  --------  ----------  --------------  -------------------
/opt/airflow/dags/first_dag.py    522  0.00s             1           0  0.09s           2025-11-09T14:10:58
/opt/airflow/dags/connect.py                             0           1  0.04s           2025-11-09T14:11:13
================================================================================
[2025-11-09T14:11:58.459+0000] {manager.py:878} INFO - 
================================================================================
DAG File Processing Stats

File Path                         PID  Runtime      # DAGs    # Errors  Last Runtime    Last Run
------------------------------  -----  ---------  --------  ----------  --------------  -------------------
/opt/airflow/dags/first_dag.py    532  0.01s             1           0  0.10s           2025-11-09T14:11:28
/opt/airflow/dags/connect.py                             0           1  0.05s           2025-11-09T14:11:43
================================================================================
[2025-11-09T14:12:28.647+0000] {manager.py:878} INFO - 
================================================================================
DAG File Processing Stats

File Path                         PID  Runtime      # DAGs    # Errors  Last Runtime    Last Run
------------------------------  -----  ---------  --------  ----------  --------------  -------------------
/opt/airflow/dags/first_dag.py    542  0.00s             1           0  0.09s           2025-11-09T14:11:58
/opt/airflow/dags/connect.py                             0           1  0.04s           2025-11-09T14:12:13
================================================================================
[2025-11-09T14:12:58.838+0000] {manager.py:878} INFO - 
================================================================================
DAG File Processing Stats

File Path                         PID  Runtime      # DAGs    # Errors  Last Runtime    Last Run
------------------------------  -----  ---------  --------  ----------  --------------  -------------------
/opt/airflow/dags/first_dag.py    552  0.00s             1           0  0.10s           2025-11-09T14:12:28
/opt/airflow/dags/connect.py                             0           1  0.05s           2025-11-09T14:12:43
================================================================================
[2025-11-09T14:13:29.015+0000] {manager.py:878} INFO - 
================================================================================
DAG File Processing Stats

File Path                         PID  Runtime      # DAGs    # Errors  Last Runtime    Last Run
------------------------------  -----  ---------  --------  ----------  --------------  -------------------
/opt/airflow/dags/first_dag.py    562  0.01s             1           0  0.08s           2025-11-09T14:12:58
/opt/airflow/dags/connect.py                             0           1  0.04s           2025-11-09T14:13:13
================================================================================
[2025-11-09T14:13:52.156+0000] {manager.py:737} INFO - Searching for files in /opt/airflow/dags
[2025-11-09T14:13:52.166+0000] {manager.py:740} INFO - There are 2 files in /opt/airflow/dags
[2025-11-09T14:13:59.228+0000] {manager.py:878} INFO - 
================================================================================
DAG File Processing Stats

File Path                         PID  Runtime      # DAGs    # Errors  Last Runtime    Last Run
------------------------------  -----  ---------  --------  ----------  --------------  -------------------
/opt/airflow/dags/first_dag.py    572  0.01s             1           0  0.09s           2025-11-09T14:13:29
/opt/airflow/dags/connect.py                             0           1  0.04s           2025-11-09T14:13:44
================================================================================
[2025-11-09T14:14:29.403+0000] {manager.py:878} INFO - 
================================================================================
DAG File Processing Stats

File Path                       PID    Runtime      # DAGs    # Errors  Last Runtime    Last Run
------------------------------  -----  ---------  --------  ----------  --------------  -------------------
/opt/airflow/dags/first_dag.py                           1           0  0.20s           2025-11-09T14:13:59
/opt/airflow/dags/connect.py                             0           1  0.05s           2025-11-09T14:14:14
================================================================================
[2025-11-09T14:14:59.611+0000] {manager.py:878} INFO - 
================================================================================
DAG File Processing Stats

File Path                         PID  Runtime      # DAGs    # Errors  Last Runtime    Last Run
------------------------------  -----  ---------  --------  ----------  --------------  -------------------
/opt/airflow/dags/first_dag.py    592  0.01s             1           0  0.11s           2025-11-09T14:14:29
/opt/airflow/dags/connect.py                             0           1  0.05s           2025-11-09T14:14:44
================================================================================
[2025-11-09T14:15:29.840+0000] {manager.py:878} INFO - 
================================================================================
DAG File Processing Stats

File Path                         PID  Runtime      # DAGs    # Errors  Last Runtime    Last Run
------------------------------  -----  ---------  --------  ----------  --------------  -------------------
/opt/airflow/dags/first_dag.py    602  0.00s             1           0  0.09s           2025-11-09T14:14:59
/opt/airflow/dags/connect.py                             0           1  0.05s           2025-11-09T14:15:14
================================================================================
[2025-11-09T14:16:00.020+0000] {manager.py:878} INFO - 
================================================================================
DAG File Processing Stats

File Path                         PID  Runtime      # DAGs    # Errors  Last Runtime    Last Run
------------------------------  -----  ---------  --------  ----------  --------------  -------------------
/opt/airflow/dags/first_dag.py    612  0.01s             1           0  0.09s           2025-11-09T14:15:29
/opt/airflow/dags/connect.py                             0           1  0.04s           2025-11-09T14:15:44
================================================================================
[2025-11-09T14:16:30.215+0000] {manager.py:878} INFO - 
================================================================================
DAG File Processing Stats

File Path                         PID  Runtime      # DAGs    # Errors  Last Runtime    Last Run
------------------------------  -----  ---------  --------  ----------  --------------  -------------------
/opt/airflow/dags/first_dag.py    622  0.01s             1           0  0.09s           2025-11-09T14:16:00
/opt/airflow/dags/connect.py                             0           1  0.05s           2025-11-09T14:16:15
================================================================================
[2025-11-09T14:17:00.414+0000] {manager.py:878} INFO - 
================================================================================
DAG File Processing Stats

File Path                         PID  Runtime      # DAGs    # Errors  Last Runtime    Last Run
------------------------------  -----  ---------  --------  ----------  --------------  -------------------
/opt/airflow/dags/first_dag.py    632  0.00s             1           0  0.09s           2025-11-09T14:16:30
/opt/airflow/dags/connect.py                             0           1  0.05s           2025-11-09T14:16:45
================================================================================
[2025-11-09T14:17:30.611+0000] {manager.py:878} INFO - 
================================================================================
DAG File Processing Stats

File Path                         PID  Runtime      # DAGs    # Errors  Last Runtime    Last Run
------------------------------  -----  ---------  --------  ----------  --------------  -------------------
/opt/airflow/dags/first_dag.py    642  0.01s             1           0  0.12s           2025-11-09T14:17:00
/opt/airflow/dags/connect.py                             0           1  0.05s           2025-11-09T14:17:15
================================================================================
[2025-11-09T14:18:00.808+0000] {manager.py:878} INFO - 
================================================================================
DAG File Processing Stats

File Path                         PID  Runtime      # DAGs    # Errors  Last Runtime    Last Run
------------------------------  -----  ---------  --------  ----------  --------------  -------------------
/opt/airflow/dags/first_dag.py    652  0.01s             1           0  0.13s           2025-11-09T14:17:30
/opt/airflow/dags/connect.py                             0           1  0.04s           2025-11-09T14:17:45
================================================================================
[2025-11-09T14:18:30.994+0000] {manager.py:878} INFO - 
================================================================================
DAG File Processing Stats

File Path                         PID  Runtime      # DAGs    # Errors  Last Runtime    Last Run
------------------------------  -----  ---------  --------  ----------  --------------  -------------------
/opt/airflow/dags/first_dag.py    662  0.01s             1           0  0.09s           2025-11-09T14:18:00
/opt/airflow/dags/connect.py                             0           1  0.05s           2025-11-09T14:18:15
================================================================================
[2025-11-09T14:18:52.170+0000] {manager.py:737} INFO - Searching for files in /opt/airflow/dags
[2025-11-09T14:18:52.178+0000] {manager.py:740} INFO - There are 2 files in /opt/airflow/dags
[2025-11-09T14:19:01.257+0000] {manager.py:878} INFO - 
================================================================================
DAG File Processing Stats

File Path                         PID  Runtime      # DAGs    # Errors  Last Runtime    Last Run
------------------------------  -----  ---------  --------  ----------  --------------  -------------------
/opt/airflow/dags/first_dag.py    672  0.00s             1           0  0.09s           2025-11-09T14:18:31
/opt/airflow/dags/connect.py                             0           1  0.04s           2025-11-09T14:18:46
================================================================================
[2025-11-09T14:19:31.431+0000] {manager.py:878} INFO - 
================================================================================
DAG File Processing Stats

File Path                         PID  Runtime      # DAGs    # Errors  Last Runtime    Last Run
------------------------------  -----  ---------  --------  ----------  --------------  -------------------
/opt/airflow/dags/first_dag.py    682  0.00s             1           0  0.09s           2025-11-09T14:19:01
/opt/airflow/dags/connect.py                             0           1  0.04s           2025-11-09T14:19:16
================================================================================
[2025-11-09T14:20:01.621+0000] {manager.py:878} INFO - 
================================================================================
DAG File Processing Stats

File Path                         PID  Runtime      # DAGs    # Errors  Last Runtime    Last Run
------------------------------  -----  ---------  --------  ----------  --------------  -------------------
/opt/airflow/dags/first_dag.py    692  0.00s             1           0  0.10s           2025-11-09T14:19:31
/opt/airflow/dags/connect.py                             0           1  0.05s           2025-11-09T14:19:46
================================================================================
[2025-11-09T14:20:31.806+0000] {manager.py:878} INFO - 
================================================================================
DAG File Processing Stats

File Path                         PID  Runtime      # DAGs    # Errors  Last Runtime    Last Run
------------------------------  -----  ---------  --------  ----------  --------------  -------------------
/opt/airflow/dags/first_dag.py    702  0.01s             1           0  0.13s           2025-11-09T14:20:01
/opt/airflow/dags/connect.py                             0           1  0.05s           2025-11-09T14:20:16
================================================================================
[2025-11-09T14:21:02.050+0000] {manager.py:878} INFO - 
================================================================================
DAG File Processing Stats

File Path                         PID  Runtime      # DAGs    # Errors  Last Runtime    Last Run
------------------------------  -----  ---------  --------  ----------  --------------  -------------------
/opt/airflow/dags/first_dag.py    712  0.01s             1           0  0.09s           2025-11-09T14:20:31
/opt/airflow/dags/connect.py                             0           1  0.04s           2025-11-09T14:20:46
================================================================================
[2025-11-09T14:21:32.231+0000] {manager.py:878} INFO - 
================================================================================
DAG File Processing Stats

File Path                         PID  Runtime      # DAGs    # Errors  Last Runtime    Last Run
------------------------------  -----  ---------  --------  ----------  --------------  -------------------
/opt/airflow/dags/first_dag.py    722  0.00s             1           0  0.09s           2025-11-09T14:21:02
/opt/airflow/dags/connect.py                             0           1  0.05s           2025-11-09T14:21:17
================================================================================
[2025-11-09T14:22:02.463+0000] {manager.py:878} INFO - 
================================================================================
DAG File Processing Stats

File Path                         PID  Runtime      # DAGs    # Errors  Last Runtime    Last Run
------------------------------  -----  ---------  --------  ----------  --------------  -------------------
/opt/airflow/dags/first_dag.py    732  0.01s             1           0  0.08s           2025-11-09T14:21:32
/opt/airflow/dags/connect.py                             0           1  0.06s           2025-11-09T14:21:47
================================================================================
[2025-11-09T14:22:32.637+0000] {manager.py:878} INFO - 
================================================================================
DAG File Processing Stats

File Path                         PID  Runtime      # DAGs    # Errors  Last Runtime    Last Run
------------------------------  -----  ---------  --------  ----------  --------------  -------------------
/opt/airflow/dags/first_dag.py    742  0.00s             1           0  0.09s           2025-11-09T14:22:02
/opt/airflow/dags/connect.py                             0           1  0.05s           2025-11-09T14:22:17
================================================================================
[2025-11-09T14:23:02.867+0000] {manager.py:878} INFO - 
================================================================================
DAG File Processing Stats

File Path                         PID  Runtime      # DAGs    # Errors  Last Runtime    Last Run
------------------------------  -----  ---------  --------  ----------  --------------  -------------------
/opt/airflow/dags/first_dag.py    752  0.01s             1           0  0.09s           2025-11-09T14:22:32
/opt/airflow/dags/connect.py                             0           1  0.05s           2025-11-09T14:22:47
================================================================================
[2025-11-09T14:23:33.033+0000] {manager.py:878} INFO - 
================================================================================
DAG File Processing Stats

File Path                         PID  Runtime      # DAGs    # Errors  Last Runtime    Last Run
------------------------------  -----  ---------  --------  ----------  --------------  -------------------
/opt/airflow/dags/first_dag.py    762  0.01s             1           0  0.09s           2025-11-09T14:23:02
/opt/airflow/dags/connect.py                             0           1  0.04s           2025-11-09T14:23:17
================================================================================
[2025-11-09T14:23:52.204+0000] {manager.py:737} INFO - Searching for files in /opt/airflow/dags
[2025-11-09T14:23:52.215+0000] {manager.py:740} INFO - There are 2 files in /opt/airflow/dags
[2025-11-09T14:24:03.281+0000] {manager.py:878} INFO - 
================================================================================
DAG File Processing Stats

File Path                         PID  Runtime      # DAGs    # Errors  Last Runtime    Last Run
------------------------------  -----  ---------  --------  ----------  --------------  -------------------
/opt/airflow/dags/first_dag.py    772  0.00s             1           0  0.09s           2025-11-09T14:23:33
/opt/airflow/dags/connect.py                             0           1  0.06s           2025-11-09T14:23:48
================================================================================
[2025-11-09T14:24:33.471+0000] {manager.py:878} INFO - 
================================================================================
DAG File Processing Stats

File Path                         PID  Runtime      # DAGs    # Errors  Last Runtime    Last Run
------------------------------  -----  ---------  --------  ----------  --------------  -------------------
/opt/airflow/dags/first_dag.py    782  0.01s             1           0  0.09s           2025-11-09T14:24:03
/opt/airflow/dags/connect.py                             0           1  0.04s           2025-11-09T14:24:18
================================================================================
[2025-11-09T14:25:03.662+0000] {manager.py:878} INFO - 
================================================================================
DAG File Processing Stats

File Path                         PID  Runtime      # DAGs    # Errors  Last Runtime    Last Run
------------------------------  -----  ---------  --------  ----------  --------------  -------------------
/opt/airflow/dags/first_dag.py    792  0.00s             1           0  0.09s           2025-11-09T14:24:33
/opt/airflow/dags/connect.py                             0           1  0.04s           2025-11-09T14:24:48
================================================================================
[2025-11-09T14:25:33.835+0000] {manager.py:878} INFO - 
================================================================================
DAG File Processing Stats

File Path                         PID  Runtime      # DAGs    # Errors  Last Runtime    Last Run
------------------------------  -----  ---------  --------  ----------  --------------  -------------------
/opt/airflow/dags/first_dag.py    802  0.00s             1           0  0.08s           2025-11-09T14:25:03
/opt/airflow/dags/connect.py                             0           1  0.05s           2025-11-09T14:25:18
================================================================================
[2025-11-09T14:26:04.028+0000] {manager.py:878} INFO - 
================================================================================
DAG File Processing Stats

File Path                         PID  Runtime      # DAGs    # Errors  Last Runtime    Last Run
------------------------------  -----  ---------  --------  ----------  --------------  -------------------
/opt/airflow/dags/first_dag.py    812  0.00s             1           0  0.09s           2025-11-09T14:25:33
/opt/airflow/dags/connect.py                             0           1  0.05s           2025-11-09T14:25:48
================================================================================
[2025-11-09T14:26:34.266+0000] {manager.py:878} INFO - 
================================================================================
DAG File Processing Stats

File Path                         PID  Runtime      # DAGs    # Errors  Last Runtime    Last Run
------------------------------  -----  ---------  --------  ----------  --------------  -------------------
/opt/airflow/dags/first_dag.py    822  0.01s             1           0  0.08s           2025-11-09T14:26:04
/opt/airflow/dags/connect.py                             0           1  0.08s           2025-11-09T14:26:19
================================================================================
[2025-11-09T14:27:04.449+0000] {manager.py:878} INFO - 
================================================================================
DAG File Processing Stats

File Path                         PID  Runtime      # DAGs    # Errors  Last Runtime    Last Run
------------------------------  -----  ---------  --------  ----------  --------------  -------------------
/opt/airflow/dags/first_dag.py    832  0.01s             1           0  0.09s           2025-11-09T14:26:34
/opt/airflow/dags/connect.py                             0           1  0.05s           2025-11-09T14:26:49
================================================================================
[2025-11-09T14:27:34.633+0000] {manager.py:878} INFO - 
================================================================================
DAG File Processing Stats

File Path                         PID  Runtime      # DAGs    # Errors  Last Runtime    Last Run
------------------------------  -----  ---------  --------  ----------  --------------  -------------------
/opt/airflow/dags/first_dag.py    842  0.01s             1           0  0.09s           2025-11-09T14:27:04
/opt/airflow/dags/connect.py                             0           1  0.05s           2025-11-09T14:27:19
================================================================================
[2025-11-09T14:28:04.821+0000] {manager.py:878} INFO - 
================================================================================
DAG File Processing Stats

File Path                         PID  Runtime      # DAGs    # Errors  Last Runtime    Last Run
------------------------------  -----  ---------  --------  ----------  --------------  -------------------
/opt/airflow/dags/first_dag.py    852  0.01s             1           0  0.08s           2025-11-09T14:27:34
/opt/airflow/dags/connect.py                             0           1  0.04s           2025-11-09T14:27:49
================================================================================
[2025-11-09T14:28:35.051+0000] {manager.py:878} INFO - 
================================================================================
DAG File Processing Stats

File Path                         PID  Runtime      # DAGs    # Errors  Last Runtime    Last Run
------------------------------  -----  ---------  --------  ----------  --------------  -------------------
/opt/airflow/dags/first_dag.py    862  0.01s             1           0  0.09s           2025-11-09T14:28:04
/opt/airflow/dags/connect.py                             0           1  0.06s           2025-11-09T14:28:19
================================================================================
[2025-11-09T14:28:53.157+0000] {manager.py:737} INFO - Searching for files in /opt/airflow/dags
[2025-11-09T14:28:53.159+0000] {manager.py:740} INFO - There are 2 files in /opt/airflow/dags
[2025-11-09T14:29:05.238+0000] {manager.py:878} INFO - 
================================================================================
DAG File Processing Stats

File Path                         PID  Runtime      # DAGs    # Errors  Last Runtime    Last Run
------------------------------  -----  ---------  --------  ----------  --------------  -------------------
/opt/airflow/dags/first_dag.py    872  0.01s             1           0  0.09s           2025-11-09T14:28:35
/opt/airflow/dags/connect.py                             0           1  0.05s           2025-11-09T14:28:50
================================================================================
[2025-11-09T14:29:35.429+0000] {manager.py:878} INFO - 
================================================================================
DAG File Processing Stats

File Path                         PID  Runtime      # DAGs    # Errors  Last Runtime    Last Run
------------------------------  -----  ---------  --------  ----------  --------------  -------------------
/opt/airflow/dags/first_dag.py    882  0.01s             1           0  0.09s           2025-11-09T14:29:05
/opt/airflow/dags/connect.py                             0           1  0.04s           2025-11-09T14:29:20
================================================================================
[2025-11-09T14:30:05.675+0000] {manager.py:878} INFO - 
================================================================================
DAG File Processing Stats

File Path                         PID  Runtime      # DAGs    # Errors  Last Runtime    Last Run
------------------------------  -----  ---------  --------  ----------  --------------  -------------------
/opt/airflow/dags/first_dag.py    892  0.01s             1           0  0.09s           2025-11-09T14:29:35
/opt/airflow/dags/connect.py                             0           1  0.05s           2025-11-09T14:29:50
================================================================================
[2025-11-09T14:30:35.894+0000] {manager.py:878} INFO - 
================================================================================
DAG File Processing Stats

File Path                         PID  Runtime      # DAGs    # Errors  Last Runtime    Last Run
------------------------------  -----  ---------  --------  ----------  --------------  -------------------
/opt/airflow/dags/first_dag.py    902  0.00s             1           0  0.09s           2025-11-09T14:30:05
/opt/airflow/dags/connect.py                             0           1  0.05s           2025-11-09T14:30:20
================================================================================
[2025-11-09T14:31:06.078+0000] {manager.py:878} INFO - 
================================================================================
DAG File Processing Stats

File Path                         PID  Runtime      # DAGs    # Errors  Last Runtime    Last Run
------------------------------  -----  ---------  --------  ----------  --------------  -------------------
/opt/airflow/dags/first_dag.py    912  0.00s             1           0  0.10s           2025-11-09T14:30:35
/opt/airflow/dags/connect.py                             0           1  0.04s           2025-11-09T14:30:51
================================================================================
[2025-11-09T14:31:36.260+0000] {manager.py:878} INFO - 
================================================================================
DAG File Processing Stats

File Path                         PID  Runtime      # DAGs    # Errors  Last Runtime    Last Run
------------------------------  -----  ---------  --------  ----------  --------------  -------------------
/opt/airflow/dags/first_dag.py    922  0.00s             1           0  0.09s           2025-11-09T14:31:06
/opt/airflow/dags/connect.py                             0           1  0.05s           2025-11-09T14:31:21
================================================================================
[2025-11-09T14:32:06.507+0000] {manager.py:878} INFO - 
================================================================================
DAG File Processing Stats

File Path                         PID  Runtime      # DAGs    # Errors  Last Runtime    Last Run
------------------------------  -----  ---------  --------  ----------  --------------  -------------------
/opt/airflow/dags/first_dag.py    932  0.00s             1           0  0.09s           2025-11-09T14:31:36
/opt/airflow/dags/connect.py                             0           1  0.05s           2025-11-09T14:31:51
================================================================================
[2025-11-09T14:32:36.675+0000] {manager.py:878} INFO - 
================================================================================
DAG File Processing Stats

File Path                         PID  Runtime      # DAGs    # Errors  Last Runtime    Last Run
------------------------------  -----  ---------  --------  ----------  --------------  -------------------
/opt/airflow/dags/first_dag.py    942  0.00s             1           0  0.10s           2025-11-09T14:32:06
/opt/airflow/dags/connect.py                             0           1  0.04s           2025-11-09T14:32:21
================================================================================
[2025-11-09T14:33:06.861+0000] {manager.py:878} INFO - 
================================================================================
DAG File Processing Stats

File Path                         PID  Runtime      # DAGs    # Errors  Last Runtime    Last Run
------------------------------  -----  ---------  --------  ----------  --------------  -------------------
/opt/airflow/dags/first_dag.py    952  0.00s             1           0  0.09s           2025-11-09T14:32:36
/opt/airflow/dags/connect.py                             0           1  0.04s           2025-11-09T14:32:51
================================================================================
[2025-11-09T14:33:37.044+0000] {manager.py:878} INFO - 
================================================================================
DAG File Processing Stats

File Path                         PID  Runtime      # DAGs    # Errors  Last Runtime    Last Run
------------------------------  -----  ---------  --------  ----------  --------------  -------------------
/opt/airflow/dags/first_dag.py    962  0.00s             1           0  0.09s           2025-11-09T14:33:06
/opt/airflow/dags/connect.py                             0           1  0.04s           2025-11-09T14:33:21
================================================================================
[2025-11-09T14:33:53.193+0000] {manager.py:737} INFO - Searching for files in /opt/airflow/dags
[2025-11-09T14:33:53.201+0000] {manager.py:740} INFO - There are 2 files in /opt/airflow/dags
[2025-11-09T14:34:07.245+0000] {manager.py:878} INFO - 
================================================================================
DAG File Processing Stats

File Path                         PID  Runtime      # DAGs    # Errors  Last Runtime    Last Run
------------------------------  -----  ---------  --------  ----------  --------------  -------------------
/opt/airflow/dags/first_dag.py    972  0.01s             1           0  0.08s           2025-11-09T14:33:37
/opt/airflow/dags/connect.py                             0           1  0.04s           2025-11-09T14:33:52
================================================================================
[2025-11-09T14:34:37.424+0000] {manager.py:878} INFO - 
================================================================================
DAG File Processing Stats

File Path                         PID  Runtime      # DAGs    # Errors  Last Runtime    Last Run
------------------------------  -----  ---------  --------  ----------  --------------  -------------------
/opt/airflow/dags/first_dag.py    982  0.01s             1           0  0.09s           2025-11-09T14:34:07
/opt/airflow/dags/connect.py                             0           1  0.04s           2025-11-09T14:34:22
================================================================================
[2025-11-09T14:35:07.666+0000] {manager.py:878} INFO - 
================================================================================
DAG File Processing Stats

File Path                         PID  Runtime      # DAGs    # Errors  Last Runtime    Last Run
------------------------------  -----  ---------  --------  ----------  --------------  -------------------
/opt/airflow/dags/first_dag.py    992  0.01s             1           0  0.08s           2025-11-09T14:34:37
/opt/airflow/dags/connect.py                             0           1  0.05s           2025-11-09T14:34:52
================================================================================
[2025-11-09T14:35:37.833+0000] {manager.py:878} INFO - 
================================================================================
DAG File Processing Stats

File Path                         PID  Runtime      # DAGs    # Errors  Last Runtime    Last Run
------------------------------  -----  ---------  --------  ----------  --------------  -------------------
/opt/airflow/dags/first_dag.py   1002  0.00s             1           0  0.08s           2025-11-09T14:35:07
/opt/airflow/dags/connect.py                             0           1  0.04s           2025-11-09T14:35:22
================================================================================
[2025-11-09T14:36:08.024+0000] {manager.py:878} INFO - 
================================================================================
DAG File Processing Stats

File Path                         PID  Runtime      # DAGs    # Errors  Last Runtime    Last Run
------------------------------  -----  ---------  --------  ----------  --------------  -------------------
/opt/airflow/dags/first_dag.py   1012  0.00s             1           0  0.11s           2025-11-09T14:35:37
/opt/airflow/dags/connect.py                             0           1  0.05s           2025-11-09T14:35:52
================================================================================
[2025-11-09T14:36:38.248+0000] {manager.py:878} INFO - 
================================================================================
DAG File Processing Stats

File Path                         PID  Runtime      # DAGs    # Errors  Last Runtime    Last Run
------------------------------  -----  ---------  --------  ----------  --------------  -------------------
/opt/airflow/dags/first_dag.py   1022  0.00s             1           0  0.09s           2025-11-09T14:36:08
/opt/airflow/dags/connect.py                             0           1  0.05s           2025-11-09T14:36:23
================================================================================
[2025-11-09T14:37:08.410+0000] {manager.py:878} INFO - 
================================================================================
DAG File Processing Stats

File Path                         PID  Runtime      # DAGs    # Errors  Last Runtime    Last Run
------------------------------  -----  ---------  --------  ----------  --------------  -------------------
/opt/airflow/dags/first_dag.py   1032  0.00s             1           0  0.10s           2025-11-09T14:36:38
/opt/airflow/dags/connect.py                             0           1  0.04s           2025-11-09T14:36:53
================================================================================
[2025-11-09T14:37:38.607+0000] {manager.py:878} INFO - 
================================================================================
DAG File Processing Stats

File Path                         PID  Runtime      # DAGs    # Errors  Last Runtime    Last Run
------------------------------  -----  ---------  --------  ----------  --------------  -------------------
/opt/airflow/dags/first_dag.py   1042  0.00s             1           0  0.10s           2025-11-09T14:37:08
/opt/airflow/dags/connect.py                             0           1  0.05s           2025-11-09T14:37:23
================================================================================
[2025-11-09T14:38:08.828+0000] {manager.py:878} INFO - 
================================================================================
DAG File Processing Stats

File Path                         PID  Runtime      # DAGs    # Errors  Last Runtime    Last Run
------------------------------  -----  ---------  --------  ----------  --------------  -------------------
/opt/airflow/dags/first_dag.py   1052  0.00s             1           0  0.08s           2025-11-09T14:37:38
/opt/airflow/dags/connect.py                             0           1  0.08s           2025-11-09T14:37:53
================================================================================
[2025-11-09T14:38:39.069+0000] {manager.py:878} INFO - 
================================================================================
DAG File Processing Stats

File Path                         PID  Runtime      # DAGs    # Errors  Last Runtime    Last Run
------------------------------  -----  ---------  --------  ----------  --------------  -------------------
/opt/airflow/dags/first_dag.py   1062  0.01s             1           0  0.08s           2025-11-09T14:38:08
/opt/airflow/dags/connect.py                             0           1  0.05s           2025-11-09T14:38:23
================================================================================
[2025-11-09T14:38:53.237+0000] {manager.py:737} INFO - Searching for files in /opt/airflow/dags
[2025-11-09T14:38:53.242+0000] {manager.py:740} INFO - There are 2 files in /opt/airflow/dags
[2025-11-09T14:39:09.285+0000] {manager.py:878} INFO - 
================================================================================
DAG File Processing Stats

File Path                         PID  Runtime      # DAGs    # Errors  Last Runtime    Last Run
------------------------------  -----  ---------  --------  ----------  --------------  -------------------
/opt/airflow/dags/first_dag.py   1072  0.01s             1           0  0.12s           2025-11-09T14:38:39
/opt/airflow/dags/connect.py                             0           1  0.05s           2025-11-09T14:38:54
================================================================================
[2025-11-09T14:39:39.469+0000] {manager.py:878} INFO - 
================================================================================
DAG File Processing Stats

File Path                         PID  Runtime      # DAGs    # Errors  Last Runtime    Last Run
------------------------------  -----  ---------  --------  ----------  --------------  -------------------
/opt/airflow/dags/first_dag.py   1082  0.01s             1           0  0.09s           2025-11-09T14:39:09
/opt/airflow/dags/connect.py                             0           1  0.05s           2025-11-09T14:39:24
================================================================================
[2025-11-09T14:40:09.690+0000] {manager.py:878} INFO - 
================================================================================
DAG File Processing Stats

File Path                         PID  Runtime      # DAGs    # Errors  Last Runtime    Last Run
------------------------------  -----  ---------  --------  ----------  --------------  -------------------
/opt/airflow/dags/first_dag.py   1092  0.01s             1           0  0.14s           2025-11-09T14:39:39
/opt/airflow/dags/connect.py                             0           1  0.05s           2025-11-09T14:39:54
================================================================================
[2025-11-09T14:40:39.862+0000] {manager.py:878} INFO - 
================================================================================
DAG File Processing Stats

File Path                         PID  Runtime      # DAGs    # Errors  Last Runtime    Last Run
------------------------------  -----  ---------  --------  ----------  --------------  -------------------
/opt/airflow/dags/first_dag.py   1102  0.01s             1           0  0.09s           2025-11-09T14:40:09
/opt/airflow/dags/connect.py                             0           1  0.04s           2025-11-09T14:40:24
================================================================================
[2025-11-09T14:41:10.050+0000] {manager.py:878} INFO - 
================================================================================
DAG File Processing Stats

File Path                         PID  Runtime      # DAGs    # Errors  Last Runtime    Last Run
------------------------------  -----  ---------  --------  ----------  --------------  -------------------
/opt/airflow/dags/first_dag.py   1112  0.01s             1           0  0.09s           2025-11-09T14:40:39
/opt/airflow/dags/connect.py                             0           1  0.05s           2025-11-09T14:40:54
================================================================================
[2025-11-09T14:41:40.246+0000] {manager.py:878} INFO - 
================================================================================
DAG File Processing Stats

File Path                         PID  Runtime      # DAGs    # Errors  Last Runtime    Last Run
------------------------------  -----  ---------  --------  ----------  --------------  -------------------
/opt/airflow/dags/first_dag.py   1122  0.01s             1           0  0.10s           2025-11-09T14:41:10
/opt/airflow/dags/connect.py                             0           1  0.05s           2025-11-09T14:41:25
================================================================================
[2025-11-09T14:42:10.427+0000] {manager.py:878} INFO - 
================================================================================
DAG File Processing Stats

File Path                         PID  Runtime      # DAGs    # Errors  Last Runtime    Last Run
------------------------------  -----  ---------  --------  ----------  --------------  -------------------
/opt/airflow/dags/first_dag.py   1132  0.00s             1           0  0.11s           2025-11-09T14:41:40
/opt/airflow/dags/connect.py                             0           1  0.04s           2025-11-09T14:41:55
================================================================================
[2025-11-09T14:42:40.622+0000] {manager.py:878} INFO - 
================================================================================
DAG File Processing Stats

File Path                         PID  Runtime      # DAGs    # Errors  Last Runtime    Last Run
------------------------------  -----  ---------  --------  ----------  --------------  -------------------
/opt/airflow/dags/first_dag.py   1142  0.00s             1           0  0.12s           2025-11-09T14:42:10
/opt/airflow/dags/connect.py                             0           1  0.04s           2025-11-09T14:42:25
================================================================================
[2025-11-09T14:43:10.872+0000] {manager.py:878} INFO - 
================================================================================
DAG File Processing Stats

File Path                         PID  Runtime      # DAGs    # Errors  Last Runtime    Last Run
------------------------------  -----  ---------  --------  ----------  --------------  -------------------
/opt/airflow/dags/first_dag.py   1152  0.01s             1           0  0.11s           2025-11-09T14:42:40
/opt/airflow/dags/connect.py                             0           1  0.05s           2025-11-09T14:42:55
================================================================================
[2025-11-09T14:43:41.062+0000] {manager.py:878} INFO - 
================================================================================
DAG File Processing Stats

File Path                         PID  Runtime      # DAGs    # Errors  Last Runtime    Last Run
------------------------------  -----  ---------  --------  ----------  --------------  -------------------
/opt/airflow/dags/first_dag.py   1162  0.00s             1           0  0.14s           2025-11-09T14:43:10
/opt/airflow/dags/connect.py                             0           1  0.05s           2025-11-09T14:43:26
================================================================================
[2025-11-09T14:43:54.148+0000] {manager.py:737} INFO - Searching for files in /opt/airflow/dags
[2025-11-09T14:43:54.156+0000] {manager.py:740} INFO - There are 2 files in /opt/airflow/dags
[2025-11-09T14:44:11.308+0000] {manager.py:878} INFO - 
================================================================================
DAG File Processing Stats

File Path                         PID  Runtime      # DAGs    # Errors  Last Runtime    Last Run
------------------------------  -----  ---------  --------  ----------  --------------  -------------------
/opt/airflow/dags/first_dag.py   1172  0.01s             1           0  0.10s           2025-11-09T14:43:41
/opt/airflow/dags/connect.py                             0           1  0.04s           2025-11-09T14:43:56
================================================================================
[2025-11-09T14:44:41.498+0000] {manager.py:878} INFO - 
================================================================================
DAG File Processing Stats

File Path                         PID  Runtime      # DAGs    # Errors  Last Runtime    Last Run
------------------------------  -----  ---------  --------  ----------  --------------  -------------------
/opt/airflow/dags/first_dag.py   1182  0.01s             1           0  0.11s           2025-11-09T14:44:11
/opt/airflow/dags/connect.py                             0           1  0.04s           2025-11-09T14:44:26
================================================================================
[2025-11-09T14:45:11.697+0000] {manager.py:878} INFO - 
================================================================================
DAG File Processing Stats

File Path                         PID  Runtime      # DAGs    # Errors  Last Runtime    Last Run
------------------------------  -----  ---------  --------  ----------  --------------  -------------------
/opt/airflow/dags/first_dag.py   1192  0.01s             1           0  0.11s           2025-11-09T14:44:41
/opt/airflow/dags/connect.py                             0           1  0.05s           2025-11-09T14:44:56
================================================================================
[2025-11-09T14:45:41.897+0000] {manager.py:878} INFO - 
================================================================================
DAG File Processing Stats

File Path                         PID  Runtime      # DAGs    # Errors  Last Runtime    Last Run
------------------------------  -----  ---------  --------  ----------  --------------  -------------------
/opt/airflow/dags/first_dag.py   1202  0.01s             1           0  0.13s           2025-11-09T14:45:11
/opt/airflow/dags/connect.py                             0           1  0.04s           2025-11-09T14:45:26
================================================================================
[2025-11-09T14:46:12.125+0000] {manager.py:878} INFO - 
================================================================================
DAG File Processing Stats

File Path                         PID  Runtime      # DAGs    # Errors  Last Runtime    Last Run
------------------------------  -----  ---------  --------  ----------  --------------  -------------------
/opt/airflow/dags/first_dag.py   1212  0.01s             1           0  0.09s           2025-11-09T14:45:41
/opt/airflow/dags/connect.py                             0           1  0.04s           2025-11-09T14:45:57
================================================================================
[2025-11-09T14:46:42.314+0000] {manager.py:878} INFO - 
================================================================================
DAG File Processing Stats

File Path                         PID  Runtime      # DAGs    # Errors  Last Runtime    Last Run
------------------------------  -----  ---------  --------  ----------  --------------  -------------------
/opt/airflow/dags/first_dag.py   1222  0.01s             1           0  0.09s           2025-11-09T14:46:12
/opt/airflow/dags/connect.py                             0           1  0.05s           2025-11-09T14:46:27
================================================================================
[2025-11-09T14:47:12.496+0000] {manager.py:878} INFO - 
================================================================================
DAG File Processing Stats

File Path                         PID  Runtime      # DAGs    # Errors  Last Runtime    Last Run
------------------------------  -----  ---------  --------  ----------  --------------  -------------------
/opt/airflow/dags/first_dag.py   1232  0.01s             1           0  0.09s           2025-11-09T14:46:42
/opt/airflow/dags/connect.py                             0           1  0.04s           2025-11-09T14:46:57
================================================================================
[2025-11-09T14:47:42.726+0000] {manager.py:878} INFO - 
================================================================================
DAG File Processing Stats

File Path                         PID  Runtime      # DAGs    # Errors  Last Runtime    Last Run
------------------------------  -----  ---------  --------  ----------  --------------  -------------------
/opt/airflow/dags/first_dag.py   1242  0.00s             1           0  0.09s           2025-11-09T14:47:12
/opt/airflow/dags/connect.py                             0           1  0.05s           2025-11-09T14:47:27
================================================================================
[2025-11-09T14:48:12.920+0000] {manager.py:878} INFO - 
================================================================================
DAG File Processing Stats

File Path                         PID  Runtime      # DAGs    # Errors  Last Runtime    Last Run
------------------------------  -----  ---------  --------  ----------  --------------  -------------------
/opt/airflow/dags/first_dag.py   1252  0.01s             1           0  0.11s           2025-11-09T14:47:42
/opt/airflow/dags/connect.py                             0           1  0.06s           2025-11-09T14:47:57
================================================================================
[2025-11-09T14:48:43.158+0000] {manager.py:878} INFO - 
================================================================================
DAG File Processing Stats

File Path                         PID  Runtime      # DAGs    # Errors  Last Runtime    Last Run
------------------------------  -----  ---------  --------  ----------  --------------  -------------------
/opt/airflow/dags/connect.py                             0           1  0.09s           2025-11-09T14:48:28
/opt/airflow/dags/first_dag.py   1262  0.00s             1           0  0.08s           2025-11-09T14:48:12
================================================================================
[2025-11-09T14:48:54.257+0000] {manager.py:737} INFO - Searching for files in /opt/airflow/dags
[2025-11-09T14:48:54.267+0000] {manager.py:740} INFO - There are 2 files in /opt/airflow/dags
[2025-11-09T14:49:13.407+0000] {manager.py:878} INFO - 
================================================================================
DAG File Processing Stats

File Path                         PID  Runtime      # DAGs    # Errors  Last Runtime    Last Run
------------------------------  -----  ---------  --------  ----------  --------------  -------------------
/opt/airflow/dags/first_dag.py   1272  0.00s             1           0  0.11s           2025-11-09T14:48:43
/opt/airflow/dags/connect.py                             0           1  0.04s           2025-11-09T14:48:58
================================================================================
[2025-11-09T14:49:43.589+0000] {manager.py:878} INFO - 
================================================================================
DAG File Processing Stats

File Path                         PID  Runtime      # DAGs    # Errors  Last Runtime    Last Run
------------------------------  -----  ---------  --------  ----------  --------------  -------------------
/opt/airflow/dags/first_dag.py   1282  0.01s             1           0  0.08s           2025-11-09T14:49:13
/opt/airflow/dags/connect.py                             0           1  0.04s           2025-11-09T14:49:28
================================================================================
[2025-11-09T14:50:13.769+0000] {manager.py:878} INFO - 
================================================================================
DAG File Processing Stats

File Path                         PID  Runtime      # DAGs    # Errors  Last Runtime    Last Run
------------------------------  -----  ---------  --------  ----------  --------------  -------------------
/opt/airflow/dags/first_dag.py   1292  0.00s             1           0  0.09s           2025-11-09T14:49:43
/opt/airflow/dags/connect.py                             0           1  0.05s           2025-11-09T14:49:58
================================================================================
[2025-11-09T14:50:43.949+0000] {manager.py:878} INFO - 
================================================================================
DAG File Processing Stats

File Path                         PID  Runtime      # DAGs    # Errors  Last Runtime    Last Run
------------------------------  -----  ---------  --------  ----------  --------------  -------------------
/opt/airflow/dags/first_dag.py   1302  0.00s             1           0  0.09s           2025-11-09T14:50:13
/opt/airflow/dags/connect.py                             0           1  0.05s           2025-11-09T14:50:28
================================================================================
[2025-11-09T14:51:14.187+0000] {manager.py:878} INFO - 
================================================================================
DAG File Processing Stats

File Path                         PID  Runtime      # DAGs    # Errors  Last Runtime    Last Run
------------------------------  -----  ---------  --------  ----------  --------------  -------------------
/opt/airflow/dags/connect.py                             0           1  0.12s           2025-11-09T14:50:59
/opt/airflow/dags/first_dag.py   1312  0.01s             1           0  0.08s           2025-11-09T14:50:44
================================================================================
[2025-11-09T14:51:44.447+0000] {manager.py:878} INFO - 
================================================================================
DAG File Processing Stats

File Path                         PID  Runtime      # DAGs    # Errors  Last Runtime    Last Run
------------------------------  -----  ---------  --------  ----------  --------------  -------------------
/opt/airflow/dags/first_dag.py   1322  0.01s             1           0  0.13s           2025-11-09T14:51:14
/opt/airflow/dags/connect.py                             0           1  0.08s           2025-11-09T14:51:29
================================================================================
[2025-11-09T14:52:14.652+0000] {manager.py:878} INFO - 
================================================================================
DAG File Processing Stats

File Path                         PID  Runtime      # DAGs    # Errors  Last Runtime    Last Run
------------------------------  -----  ---------  --------  ----------  --------------  -------------------
/opt/airflow/dags/first_dag.py   1332  0.00s             1           0  0.11s           2025-11-09T14:51:44
/opt/airflow/dags/connect.py                             0           1  0.04s           2025-11-09T14:51:59
================================================================================
[2025-11-09T14:52:44.832+0000] {manager.py:878} INFO - 
================================================================================
DAG File Processing Stats

File Path                         PID  Runtime      # DAGs    # Errors  Last Runtime    Last Run
------------------------------  -----  ---------  --------  ----------  --------------  -------------------
/opt/airflow/dags/first_dag.py   1342  0.01s             1           0  0.08s           2025-11-09T14:52:14
/opt/airflow/dags/connect.py                             0           1  0.04s           2025-11-09T14:52:29
================================================================================
[2025-11-09T14:53:15.067+0000] {manager.py:878} INFO - 
================================================================================
DAG File Processing Stats

File Path                         PID  Runtime      # DAGs    # Errors  Last Runtime    Last Run
------------------------------  -----  ---------  --------  ----------  --------------  -------------------
/opt/airflow/dags/first_dag.py   1352  0.00s             1           0  0.09s           2025-11-09T14:52:44
/opt/airflow/dags/connect.py                             0           1  0.08s           2025-11-09T14:53:00
================================================================================
[2025-11-09T14:53:45.292+0000] {manager.py:878} INFO - 
================================================================================
DAG File Processing Stats

File Path                         PID  Runtime      # DAGs    # Errors  Last Runtime    Last Run
------------------------------  -----  ---------  --------  ----------  --------------  -------------------
/opt/airflow/dags/first_dag.py   1362  0.01s             1           0  0.08s           2025-11-09T14:53:15
/opt/airflow/dags/connect.py                             0           1  0.04s           2025-11-09T14:53:30
================================================================================
[2025-11-09T14:53:54.350+0000] {manager.py:737} INFO - Searching for files in /opt/airflow/dags
[2025-11-09T14:53:54.359+0000] {manager.py:740} INFO - There are 2 files in /opt/airflow/dags
[2025-11-09T14:54:15.556+0000] {manager.py:878} INFO - 
================================================================================
DAG File Processing Stats

File Path                         PID  Runtime      # DAGs    # Errors  Last Runtime    Last Run
------------------------------  -----  ---------  --------  ----------  --------------  -------------------
/opt/airflow/dags/first_dag.py   1372  0.01s             1           0  0.09s           2025-11-09T14:53:45
/opt/airflow/dags/connect.py                             0           1  0.09s           2025-11-09T14:54:00
================================================================================
[2025-11-09T14:54:45.748+0000] {manager.py:878} INFO - 
================================================================================
DAG File Processing Stats

File Path                         PID  Runtime      # DAGs    # Errors  Last Runtime    Last Run
------------------------------  -----  ---------  --------  ----------  --------------  -------------------
/opt/airflow/dags/first_dag.py   1382  0.01s             1           0  0.11s           2025-11-09T14:54:15
/opt/airflow/dags/connect.py                             0           1  0.06s           2025-11-09T14:54:30
================================================================================
[2025-11-09T14:55:15.954+0000] {manager.py:878} INFO - 
================================================================================
DAG File Processing Stats

File Path                         PID  Runtime      # DAGs    # Errors  Last Runtime    Last Run
------------------------------  -----  ---------  --------  ----------  --------------  -------------------
/opt/airflow/dags/first_dag.py   1392  0.00s             1           0  0.11s           2025-11-09T14:54:45
/opt/airflow/dags/connect.py                             0           1  0.05s           2025-11-09T14:55:00
================================================================================
[2025-11-09T14:55:46.141+0000] {manager.py:878} INFO - 
================================================================================
DAG File Processing Stats

File Path                         PID  Runtime      # DAGs    # Errors  Last Runtime    Last Run
------------------------------  -----  ---------  --------  ----------  --------------  -------------------
/opt/airflow/dags/first_dag.py   1402  0.01s             1           0  0.09s           2025-11-09T14:55:16
/opt/airflow/dags/connect.py                             0           1  0.05s           2025-11-09T14:55:31
================================================================================
[2025-11-09T14:56:16.420+0000] {manager.py:878} INFO - 
================================================================================
DAG File Processing Stats

File Path                         PID  Runtime      # DAGs    # Errors  Last Runtime    Last Run
------------------------------  -----  ---------  --------  ----------  --------------  -------------------
/opt/airflow/dags/first_dag.py   1412  0.00s             1           0  0.11s           2025-11-09T14:55:46
/opt/airflow/dags/connect.py                             0           1  0.07s           2025-11-09T14:56:01
================================================================================
[2025-11-09T14:56:46.626+0000] {manager.py:878} INFO - 
================================================================================
DAG File Processing Stats

File Path                         PID  Runtime      # DAGs    # Errors  Last Runtime    Last Run
------------------------------  -----  ---------  --------  ----------  --------------  -------------------
/opt/airflow/dags/first_dag.py   1422  0.00s             1           0  0.17s           2025-11-09T14:56:16
/opt/airflow/dags/connect.py                             0           1  0.08s           2025-11-09T14:56:31
================================================================================
[2025-11-09T14:57:16.974+0000] {manager.py:878} INFO - 
================================================================================
DAG File Processing Stats

File Path                         PID  Runtime      # DAGs    # Errors  Last Runtime    Last Run
------------------------------  -----  ---------  --------  ----------  --------------  -------------------
/opt/airflow/dags/first_dag.py   1432  0.01s             1           0  0.14s           2025-11-09T14:56:46
/opt/airflow/dags/connect.py                             0           1  0.07s           2025-11-09T14:57:01
================================================================================
[2025-11-09T14:57:47.337+0000] {manager.py:878} INFO - 
================================================================================
DAG File Processing Stats

File Path                         PID  Runtime      # DAGs    # Errors  Last Runtime    Last Run
------------------------------  -----  ---------  --------  ----------  --------------  -------------------
/opt/airflow/dags/connect.py                             0           1  0.16s           2025-11-09T14:57:32
/opt/airflow/dags/first_dag.py   1442  0.01s             1           0  0.15s           2025-11-09T14:57:17
================================================================================
[2025-11-09T14:58:17.692+0000] {manager.py:878} INFO - 
================================================================================
DAG File Processing Stats

File Path                         PID  Runtime      # DAGs    # Errors  Last Runtime    Last Run
------------------------------  -----  ---------  --------  ----------  --------------  -------------------
/opt/airflow/dags/first_dag.py   1452  0.01s             1           0  0.28s           2025-11-09T14:57:47
/opt/airflow/dags/connect.py                             0           1  0.14s           2025-11-09T14:58:02
================================================================================
[2025-11-09T14:58:47.988+0000] {manager.py:878} INFO - 
================================================================================
DAG File Processing Stats

File Path                         PID  Runtime      # DAGs    # Errors  Last Runtime    Last Run
------------------------------  -----  ---------  --------  ----------  --------------  -------------------
/opt/airflow/dags/first_dag.py   1462  0.01s             1           0  0.21s           2025-11-09T14:58:17
/opt/airflow/dags/connect.py                             0           1  0.07s           2025-11-09T14:58:32
================================================================================
[2025-11-09T14:58:55.114+0000] {manager.py:737} INFO - Searching for files in /opt/airflow/dags
[2025-11-09T14:58:55.128+0000] {manager.py:740} INFO - There are 2 files in /opt/airflow/dags
[2025-11-09T14:59:18.526+0000] {manager.py:878} INFO - 
================================================================================
DAG File Processing Stats

File Path                         PID  Runtime      # DAGs    # Errors  Last Runtime    Last Run
------------------------------  -----  ---------  --------  ----------  --------------  -------------------
/opt/airflow/dags/first_dag.py   1472  0.01s             1           0  0.28s           2025-11-09T14:58:48
/opt/airflow/dags/connect.py                             0           1  0.15s           2025-11-09T14:59:03
================================================================================
[2025-11-09T14:59:48.821+0000] {manager.py:878} INFO - 
================================================================================
DAG File Processing Stats

File Path                         PID  Runtime      # DAGs    # Errors  Last Runtime    Last Run
------------------------------  -----  ---------  --------  ----------  --------------  -------------------
/opt/airflow/dags/first_dag.py   1482  0.01s             1           0  0.24s           2025-11-09T14:59:18
/opt/airflow/dags/connect.py                             0           1  0.14s           2025-11-09T14:59:33
================================================================================
[2025-11-09T15:00:19.225+0000] {manager.py:878} INFO - 
================================================================================
DAG File Processing Stats

File Path                         PID  Runtime      # DAGs    # Errors  Last Runtime    Last Run
------------------------------  -----  ---------  --------  ----------  --------------  -------------------
/opt/airflow/dags/first_dag.py   1492  0.01s             1           0  0.23s           2025-11-09T14:59:49
/opt/airflow/dags/connect.py                             0           1  0.08s           2025-11-09T15:00:04
================================================================================
[2025-11-09T15:00:49.522+0000] {manager.py:878} INFO - 
================================================================================
DAG File Processing Stats

File Path                         PID  Runtime      # DAGs    # Errors  Last Runtime    Last Run
------------------------------  -----  ---------  --------  ----------  --------------  -------------------
/opt/airflow/dags/first_dag.py   1502  0.01s             1           0  0.26s           2025-11-09T15:00:19
/opt/airflow/dags/connect.py                             0           1  0.13s           2025-11-09T15:00:34
================================================================================
[2025-11-09T15:01:19.862+0000] {manager.py:878} INFO - 
================================================================================
DAG File Processing Stats

File Path                         PID  Runtime      # DAGs    # Errors  Last Runtime    Last Run
------------------------------  -----  ---------  --------  ----------  --------------  -------------------
/opt/airflow/dags/first_dag.py   1512  0.01s             1           0  0.30s           2025-11-09T15:00:49
/opt/airflow/dags/connect.py                             0           1  0.15s           2025-11-09T15:01:04
================================================================================
[2025-11-09T15:01:50.214+0000] {manager.py:878} INFO - 
================================================================================
DAG File Processing Stats

File Path                         PID  Runtime      # DAGs    # Errors  Last Runtime    Last Run
------------------------------  -----  ---------  --------  ----------  --------------  -------------------
/opt/airflow/dags/first_dag.py   1522  0.01s             1           0  0.24s           2025-11-09T15:01:20
/opt/airflow/dags/connect.py                             0           1  0.08s           2025-11-09T15:01:35
================================================================================
[2025-11-09T15:02:20.671+0000] {manager.py:878} INFO - 
================================================================================
DAG File Processing Stats

File Path                         PID  Runtime      # DAGs    # Errors  Last Runtime    Last Run
------------------------------  -----  ---------  --------  ----------  --------------  -------------------
/opt/airflow/dags/first_dag.py   1532  0.01s             1           0  0.24s           2025-11-09T15:01:50
/opt/airflow/dags/connect.py                             0           1  0.14s           2025-11-09T15:02:05
================================================================================
[2025-11-09T15:02:50.915+0000] {manager.py:878} INFO - 
================================================================================
DAG File Processing Stats

File Path                       PID    Runtime      # DAGs    # Errors  Last Runtime    Last Run
------------------------------  -----  ---------  --------  ----------  --------------  -------------------
/opt/airflow/dags/first_dag.py                           1           0  0.43s           2025-11-09T15:02:21
/opt/airflow/dags/connect.py                             0           1  0.15s           2025-11-09T15:02:35
================================================================================
[2025-11-09T15:03:21.323+0000] {manager.py:878} INFO - 
================================================================================
DAG File Processing Stats

File Path                       PID    Runtime      # DAGs    # Errors  Last Runtime    Last Run
------------------------------  -----  ---------  --------  ----------  --------------  -------------------
/opt/airflow/dags/first_dag.py                           1           0  0.17s           2025-11-09T15:02:52
/opt/airflow/dags/connect.py                             0           1  0.09s           2025-11-09T15:03:06
================================================================================
[2025-11-09T15:03:51.600+0000] {manager.py:878} INFO - 
================================================================================
DAG File Processing Stats

File Path                       PID    Runtime      # DAGs    # Errors  Last Runtime    Last Run
------------------------------  -----  ---------  --------  ----------  --------------  -------------------
/opt/airflow/dags/first_dag.py                           1           0  0.24s           2025-11-09T15:03:22
/opt/airflow/dags/connect.py                             0           1  0.15s           2025-11-09T15:03:36
================================================================================
[2025-11-09T15:03:55.774+0000] {manager.py:737} INFO - Searching for files in /opt/airflow/dags
[2025-11-09T15:03:55.784+0000] {manager.py:740} INFO - There are 2 files in /opt/airflow/dags
[2025-11-09T15:04:22.123+0000] {manager.py:878} INFO - 
================================================================================
DAG File Processing Stats

File Path                       PID    Runtime      # DAGs    # Errors  Last Runtime    Last Run
------------------------------  -----  ---------  --------  ----------  --------------  -------------------
/opt/airflow/dags/first_dag.py                           1           0  0.29s           2025-11-09T15:03:52
/opt/airflow/dags/connect.py                             0           1  0.15s           2025-11-09T15:04:07
================================================================================
[2025-11-09T15:04:52.412+0000] {manager.py:878} INFO - 
================================================================================
DAG File Processing Stats

File Path                       PID    Runtime      # DAGs    # Errors  Last Runtime    Last Run
------------------------------  -----  ---------  --------  ----------  --------------  -------------------
/opt/airflow/dags/first_dag.py                           1           0  0.18s           2025-11-09T15:04:23
/opt/airflow/dags/connect.py                             0           1  0.09s           2025-11-09T15:04:37
================================================================================
[2025-11-09T15:05:22.733+0000] {manager.py:878} INFO - 
================================================================================
DAG File Processing Stats

File Path                       PID    Runtime      # DAGs    # Errors  Last Runtime    Last Run
------------------------------  -----  ---------  --------  ----------  --------------  -------------------
/opt/airflow/dags/first_dag.py                           1           0  0.22s           2025-11-09T15:04:53
/opt/airflow/dags/connect.py                             0           1  0.15s           2025-11-09T15:05:07
================================================================================
[2025-11-09T15:05:53.226+0000] {manager.py:878} INFO - 
================================================================================
DAG File Processing Stats

File Path                       PID    Runtime      # DAGs    # Errors  Last Runtime    Last Run
------------------------------  -----  ---------  --------  ----------  --------------  -------------------
/opt/airflow/dags/first_dag.py                           1           0  0.28s           2025-11-09T15:05:24
/opt/airflow/dags/connect.py                             0           1  0.16s           2025-11-09T15:05:38
================================================================================
[2025-11-09T15:06:23.531+0000] {manager.py:878} INFO - 
================================================================================
DAG File Processing Stats

File Path                       PID    Runtime      # DAGs    # Errors  Last Runtime    Last Run
------------------------------  -----  ---------  --------  ----------  --------------  -------------------
/opt/airflow/dags/first_dag.py                           1           0  0.17s           2025-11-09T15:05:54
/opt/airflow/dags/connect.py                             0           1  0.08s           2025-11-09T15:06:08
================================================================================
[2025-11-09T15:06:53.812+0000] {manager.py:878} INFO - 
================================================================================
DAG File Processing Stats

File Path                       PID    Runtime      # DAGs    # Errors  Last Runtime    Last Run
------------------------------  -----  ---------  --------  ----------  --------------  -------------------
/opt/airflow/dags/first_dag.py                           1           0  0.25s           2025-11-09T15:06:24
/opt/airflow/dags/connect.py                             0           1  0.14s           2025-11-09T15:06:38
================================================================================
[2025-11-09T15:07:24.368+0000] {manager.py:878} INFO - 
================================================================================
DAG File Processing Stats

File Path                       PID    Runtime      # DAGs    # Errors  Last Runtime    Last Run
------------------------------  -----  ---------  --------  ----------  --------------  -------------------
/opt/airflow/dags/first_dag.py                           1           0  0.26s           2025-11-09T15:06:55
/opt/airflow/dags/connect.py                             0           1  0.16s           2025-11-09T15:07:09
================================================================================
[2025-11-09T15:07:54.625+0000] {manager.py:878} INFO - 
================================================================================
DAG File Processing Stats

File Path                       PID    Runtime      # DAGs    # Errors  Last Runtime    Last Run
------------------------------  -----  ---------  --------  ----------  --------------  -------------------
/opt/airflow/dags/first_dag.py                           1           0  0.20s           2025-11-09T15:07:25
/opt/airflow/dags/connect.py                             0           1  0.08s           2025-11-09T15:07:39
================================================================================
[2025-11-09T15:08:24.952+0000] {manager.py:878} INFO - 
================================================================================
DAG File Processing Stats

File Path                       PID    Runtime      # DAGs    # Errors  Last Runtime    Last Run
------------------------------  -----  ---------  --------  ----------  --------------  -------------------
/opt/airflow/dags/first_dag.py                           1           0  0.33s           2025-11-09T15:07:55
/opt/airflow/dags/connect.py                             0           1  0.16s           2025-11-09T15:08:09
================================================================================
[2025-11-09T15:08:55.337+0000] {manager.py:878} INFO - 
================================================================================
DAG File Processing Stats

File Path                       PID    Runtime      # DAGs    # Errors  Last Runtime    Last Run
------------------------------  -----  ---------  --------  ----------  --------------  -------------------
/opt/airflow/dags/first_dag.py                           1           0  0.24s           2025-11-09T15:08:26
/opt/airflow/dags/connect.py                             0           1  0.16s           2025-11-09T15:08:40
================================================================================
[2025-11-09T15:08:56.346+0000] {manager.py:737} INFO - Searching for files in /opt/airflow/dags
[2025-11-09T15:08:56.360+0000] {manager.py:740} INFO - There are 2 files in /opt/airflow/dags
[2025-11-09T15:09:25.842+0000] {manager.py:878} INFO - 
================================================================================
DAG File Processing Stats

File Path                       PID    Runtime      # DAGs    # Errors  Last Runtime    Last Run
------------------------------  -----  ---------  --------  ----------  --------------  -------------------
/opt/airflow/dags/first_dag.py                           1           0  0.24s           2025-11-09T15:08:56
/opt/airflow/dags/connect.py                             0           1  0.16s           2025-11-09T15:09:10
================================================================================
[2025-11-09T15:09:56.103+0000] {manager.py:878} INFO - 
================================================================================
DAG File Processing Stats

File Path                       PID    Runtime      # DAGs    # Errors  Last Runtime    Last Run
------------------------------  -----  ---------  --------  ----------  --------------  -------------------
/opt/airflow/dags/first_dag.py                           1           0  0.18s           2025-11-09T15:09:27
/opt/airflow/dags/connect.py                             0           1  0.12s           2025-11-09T15:09:41
================================================================================
[2025-11-09T15:10:26.451+0000] {manager.py:878} INFO - 
================================================================================
DAG File Processing Stats

File Path                       PID    Runtime      # DAGs    # Errors  Last Runtime    Last Run
------------------------------  -----  ---------  --------  ----------  --------------  -------------------
/opt/airflow/dags/first_dag.py                           1           0  0.31s           2025-11-09T15:09:57
/opt/airflow/dags/connect.py                             0           1  0.15s           2025-11-09T15:10:11
================================================================================
[2025-11-09T15:10:56.831+0000] {manager.py:878} INFO - 
================================================================================
DAG File Processing Stats

File Path                       PID    Runtime      # DAGs    # Errors  Last Runtime    Last Run
------------------------------  -----  ---------  --------  ----------  --------------  -------------------
/opt/airflow/dags/first_dag.py                           1           0  0.29s           2025-11-09T15:10:27
/opt/airflow/dags/connect.py                             0           1  0.13s           2025-11-09T15:10:41
================================================================================
[2025-11-09T15:11:27.230+0000] {manager.py:878} INFO - 
================================================================================
DAG File Processing Stats

File Path                       PID    Runtime      # DAGs    # Errors  Last Runtime    Last Run
------------------------------  -----  ---------  --------  ----------  --------------  -------------------
/opt/airflow/dags/first_dag.py                           1           0  0.17s           2025-11-09T15:10:58
/opt/airflow/dags/connect.py                             0           1  0.08s           2025-11-09T15:11:12
================================================================================
[2025-11-09T15:11:57.536+0000] {manager.py:878} INFO - 
================================================================================
DAG File Processing Stats

File Path                       PID    Runtime      # DAGs    # Errors  Last Runtime    Last Run
------------------------------  -----  ---------  --------  ----------  --------------  -------------------
/opt/airflow/dags/first_dag.py                           1           0  0.20s           2025-11-09T15:11:28
/opt/airflow/dags/connect.py                             0           1  0.14s           2025-11-09T15:11:42
================================================================================
[2025-11-09T15:12:27.985+0000] {manager.py:878} INFO - 
================================================================================
DAG File Processing Stats

File Path                       PID    Runtime      # DAGs    # Errors  Last Runtime    Last Run
------------------------------  -----  ---------  --------  ----------  --------------  -------------------
/opt/airflow/dags/first_dag.py                           1           0  0.22s           2025-11-09T15:11:58
/opt/airflow/dags/connect.py                             0           1  0.14s           2025-11-09T15:12:12
================================================================================
[2025-11-09T15:12:58.242+0000] {manager.py:878} INFO - 
================================================================================
DAG File Processing Stats

File Path                       PID    Runtime      # DAGs    # Errors  Last Runtime    Last Run
------------------------------  -----  ---------  --------  ----------  --------------  -------------------
/opt/airflow/dags/first_dag.py                           1           0  0.18s           2025-11-09T15:12:29
/opt/airflow/dags/connect.py                             0           1  0.08s           2025-11-09T15:12:43
================================================================================
[2025-11-09T15:13:28.697+0000] {manager.py:878} INFO - 
================================================================================
DAG File Processing Stats

File Path                       PID    Runtime      # DAGs    # Errors  Last Runtime    Last Run
------------------------------  -----  ---------  --------  ----------  --------------  -------------------
/opt/airflow/dags/first_dag.py                           1           0  0.22s           2025-11-09T15:12:59
/opt/airflow/dags/connect.py                             0           1  0.11s           2025-11-09T15:13:13
================================================================================
[2025-11-09T15:13:56.936+0000] {manager.py:737} INFO - Searching for files in /opt/airflow/dags
[2025-11-09T15:13:56.951+0000] {manager.py:740} INFO - There are 2 files in /opt/airflow/dags
[2025-11-09T15:13:58.989+0000] {manager.py:878} INFO - 
================================================================================
DAG File Processing Stats

File Path                       PID    Runtime      # DAGs    # Errors  Last Runtime    Last Run
------------------------------  -----  ---------  --------  ----------  --------------  -------------------
/opt/airflow/dags/first_dag.py                           1           0  0.30s           2025-11-09T15:13:30
/opt/airflow/dags/connect.py                             0           1  0.15s           2025-11-09T15:13:43
================================================================================
[2025-11-09T15:14:29.320+0000] {manager.py:878} INFO - 
================================================================================
DAG File Processing Stats

File Path                       PID    Runtime      # DAGs    # Errors  Last Runtime    Last Run
------------------------------  -----  ---------  --------  ----------  --------------  -------------------
/opt/airflow/dags/first_dag.py                           1           0  0.20s           2025-11-09T15:14:00
/opt/airflow/dags/connect.py                             0           1  0.11s           2025-11-09T15:14:14
================================================================================
[2025-11-09T15:14:59.762+0000] {manager.py:878} INFO - 
================================================================================
DAG File Processing Stats

File Path                       PID    Runtime      # DAGs    # Errors  Last Runtime    Last Run
------------------------------  -----  ---------  --------  ----------  --------------  -------------------
/opt/airflow/dags/first_dag.py                           1           0  0.21s           2025-11-09T15:14:30
/opt/airflow/dags/connect.py                             0           1  0.16s           2025-11-09T15:14:44
================================================================================
[2025-11-09T15:15:30.031+0000] {manager.py:878} INFO - 
================================================================================
DAG File Processing Stats

File Path                       PID    Runtime      # DAGs    # Errors  Last Runtime    Last Run
------------------------------  -----  ---------  --------  ----------  --------------  -------------------
/opt/airflow/dags/first_dag.py                           1           0  0.29s           2025-11-09T15:15:01
/opt/airflow/dags/connect.py                             0           1  0.15s           2025-11-09T15:15:15
================================================================================
[2025-11-09T15:16:00.437+0000] {manager.py:878} INFO - 
================================================================================
DAG File Processing Stats

File Path                       PID    Runtime      # DAGs    # Errors  Last Runtime    Last Run
------------------------------  -----  ---------  --------  ----------  --------------  -------------------
/opt/airflow/dags/first_dag.py                           1           0  0.19s           2025-11-09T15:15:31
/opt/airflow/dags/connect.py                             0           1  0.09s           2025-11-09T15:15:45
================================================================================
[2025-11-09T15:16:30.755+0000] {manager.py:878} INFO - 
================================================================================
DAG File Processing Stats

File Path                       PID    Runtime      # DAGs    # Errors  Last Runtime    Last Run
------------------------------  -----  ---------  --------  ----------  --------------  -------------------
/opt/airflow/dags/first_dag.py                           1           0  0.28s           2025-11-09T15:16:01
/opt/airflow/dags/connect.py                             0           1  0.14s           2025-11-09T15:16:15
================================================================================
[2025-11-09T15:17:01.218+0000] {manager.py:878} INFO - 
================================================================================
DAG File Processing Stats

File Path                       PID    Runtime      # DAGs    # Errors  Last Runtime    Last Run
------------------------------  -----  ---------  --------  ----------  --------------  -------------------
/opt/airflow/dags/first_dag.py                           1           0  0.24s           2025-11-09T15:16:32
/opt/airflow/dags/connect.py                             0           1  0.16s           2025-11-09T15:16:46
================================================================================
[2025-11-09T15:17:31.479+0000] {manager.py:878} INFO - 
================================================================================
DAG File Processing Stats

File Path                       PID    Runtime      # DAGs    # Errors  Last Runtime    Last Run
------------------------------  -----  ---------  --------  ----------  --------------  -------------------
/opt/airflow/dags/first_dag.py                           1           0  0.17s           2025-11-09T15:17:02
/opt/airflow/dags/connect.py                             0           1  0.08s           2025-11-09T15:17:16
================================================================================
[2025-11-09T15:18:01.758+0000] {manager.py:878} INFO - 
================================================================================
DAG File Processing Stats

File Path                       PID    Runtime      # DAGs    # Errors  Last Runtime    Last Run
------------------------------  -----  ---------  --------  ----------  --------------  -------------------
/opt/airflow/dags/first_dag.py                           1           0  0.28s           2025-11-09T15:17:32
/opt/airflow/dags/connect.py                             0           1  0.13s           2025-11-09T15:17:46
================================================================================
[2025-11-09T15:18:32.258+0000] {manager.py:878} INFO - 
================================================================================
DAG File Processing Stats

File Path                       PID    Runtime      # DAGs    # Errors  Last Runtime    Last Run
------------------------------  -----  ---------  --------  ----------  --------------  -------------------
/opt/airflow/dags/first_dag.py                           1           0  0.17s           2025-11-09T15:18:03
/opt/airflow/dags/connect.py                             0           1  0.14s           2025-11-09T15:18:17
================================================================================
[2025-11-09T15:18:57.449+0000] {manager.py:737} INFO - Searching for files in /opt/airflow/dags
[2025-11-09T15:18:57.463+0000] {manager.py:740} INFO - There are 2 files in /opt/airflow/dags
[2025-11-09T15:19:02.518+0000] {manager.py:878} INFO - 
================================================================================
DAG File Processing Stats

File Path                       PID    Runtime      # DAGs    # Errors  Last Runtime    Last Run
------------------------------  -----  ---------  --------  ----------  --------------  -------------------
/opt/airflow/dags/first_dag.py                           1           0  0.19s           2025-11-09T15:18:33
/opt/airflow/dags/connect.py                             0           1  0.08s           2025-11-09T15:18:47
================================================================================
[2025-11-09T15:19:32.714+0000] {manager.py:878} INFO - 
================================================================================
DAG File Processing Stats

File Path                       PID    Runtime      # DAGs    # Errors  Last Runtime    Last Run
------------------------------  -----  ---------  --------  ----------  --------------  -------------------
/opt/airflow/dags/first_dag.py                           1           0  0.17s           2025-11-09T15:19:03
/opt/airflow/dags/connect.py                             0           1  0.10s           2025-11-09T15:19:17
================================================================================
[2025-11-09T15:20:03.023+0000] {manager.py:878} INFO - 
================================================================================
DAG File Processing Stats

File Path                       PID    Runtime      # DAGs    # Errors  Last Runtime    Last Run
------------------------------  -----  ---------  --------  ----------  --------------  -------------------
/opt/airflow/dags/first_dag.py                           1           0  0.15s           2025-11-09T15:19:33
/opt/airflow/dags/connect.py                             0           1  0.10s           2025-11-09T15:19:47
================================================================================
[2025-11-09T15:20:33.204+0000] {manager.py:878} INFO - 
================================================================================
DAG File Processing Stats

File Path                       PID    Runtime      # DAGs    # Errors  Last Runtime    Last Run
------------------------------  -----  ---------  --------  ----------  --------------  -------------------
/opt/airflow/dags/first_dag.py                           1           0  0.12s           2025-11-09T15:20:04
/opt/airflow/dags/connect.py                             0           1  0.06s           2025-11-09T15:20:18
================================================================================
[2025-11-09T15:21:03.619+0000] {manager.py:878} INFO - 
================================================================================
DAG File Processing Stats

File Path                       PID    Runtime      # DAGs    # Errors  Last Runtime    Last Run
------------------------------  -----  ---------  --------  ----------  --------------  -------------------
/opt/airflow/dags/first_dag.py                           1           0  0.16s           2025-11-09T15:20:34
/opt/airflow/dags/connect.py                             0           1  0.11s           2025-11-09T15:20:48
================================================================================
[2025-11-09T15:21:33.909+0000] {manager.py:878} INFO - 
================================================================================
DAG File Processing Stats

File Path                       PID    Runtime      # DAGs    # Errors  Last Runtime    Last Run
------------------------------  -----  ---------  --------  ----------  --------------  -------------------
/opt/airflow/dags/first_dag.py                           1           0  0.21s           2025-11-09T15:21:04
/opt/airflow/dags/connect.py                             0           1  0.13s           2025-11-09T15:21:18
================================================================================
[2025-11-09T15:22:04.311+0000] {manager.py:878} INFO - 
================================================================================
DAG File Processing Stats

File Path                       PID    Runtime      # DAGs    # Errors  Last Runtime    Last Run
------------------------------  -----  ---------  --------  ----------  --------------  -------------------
/opt/airflow/dags/first_dag.py                           1           0  0.18s           2025-11-09T15:21:35
/opt/airflow/dags/connect.py                             0           1  0.08s           2025-11-09T15:21:49
================================================================================
[2025-11-09T15:22:34.568+0000] {manager.py:878} INFO - 
================================================================================
DAG File Processing Stats

File Path                       PID    Runtime      # DAGs    # Errors  Last Runtime    Last Run
------------------------------  -----  ---------  --------  ----------  --------------  -------------------
/opt/airflow/dags/first_dag.py                           1           0  0.27s           2025-11-09T15:22:05
/opt/airflow/dags/connect.py                             0           1  0.08s           2025-11-09T15:22:19
================================================================================
[2025-11-09T15:23:04.866+0000] {manager.py:878} INFO - 
================================================================================
DAG File Processing Stats

File Path                       PID    Runtime      # DAGs    # Errors  Last Runtime    Last Run
------------------------------  -----  ---------  --------  ----------  --------------  -------------------
/opt/airflow/dags/first_dag.py                           1           0  0.23s           2025-11-09T15:22:35
/opt/airflow/dags/connect.py                             0           1  0.14s           2025-11-09T15:22:49
================================================================================
[2025-11-09T15:23:35.301+0000] {manager.py:878} INFO - 
================================================================================
DAG File Processing Stats

File Path                       PID    Runtime      # DAGs    # Errors  Last Runtime    Last Run
------------------------------  -----  ---------  --------  ----------  --------------  -------------------
/opt/airflow/dags/first_dag.py                           1           0  0.19s           2025-11-09T15:23:06
/opt/airflow/dags/connect.py                             0           1  0.11s           2025-11-09T15:23:20
================================================================================
[2025-11-09T15:23:57.544+0000] {manager.py:737} INFO - Searching for files in /opt/airflow/dags
[2025-11-09T15:23:57.547+0000] {manager.py:740} INFO - There are 2 files in /opt/airflow/dags
[2025-11-09T15:24:05.614+0000] {manager.py:878} INFO - 
================================================================================
DAG File Processing Stats

File Path                       PID    Runtime      # DAGs    # Errors  Last Runtime    Last Run
------------------------------  -----  ---------  --------  ----------  --------------  -------------------
/opt/airflow/dags/first_dag.py                           1           0  0.19s           2025-11-09T15:23:36
/opt/airflow/dags/connect.py                             0           1  0.08s           2025-11-09T15:23:50
================================================================================
[2025-11-09T15:24:35.895+0000] {manager.py:878} INFO - 
================================================================================
DAG File Processing Stats

File Path                       PID    Runtime      # DAGs    # Errors  Last Runtime    Last Run
------------------------------  -----  ---------  --------  ----------  --------------  -------------------
/opt/airflow/dags/first_dag.py                           1           0  0.20s           2025-11-09T15:24:06
/opt/airflow/dags/connect.py                             0           1  0.11s           2025-11-09T15:24:20
================================================================================
[2025-11-09T15:25:06.370+0000] {manager.py:878} INFO - 
================================================================================
DAG File Processing Stats

File Path                       PID    Runtime      # DAGs    # Errors  Last Runtime    Last Run
------------------------------  -----  ---------  --------  ----------  --------------  -------------------
/opt/airflow/dags/first_dag.py                           1           0  0.21s           2025-11-09T15:24:37
/opt/airflow/dags/connect.py                             0           1  0.17s           2025-11-09T15:24:51
================================================================================
[2025-11-09T15:25:36.643+0000] {manager.py:878} INFO - 
================================================================================
DAG File Processing Stats

File Path                       PID    Runtime      # DAGs    # Errors  Last Runtime    Last Run
------------------------------  -----  ---------  --------  ----------  --------------  -------------------
/opt/airflow/dags/first_dag.py                           1           0  0.19s           2025-11-09T15:25:07
/opt/airflow/dags/connect.py                             0           1  0.08s           2025-11-09T15:25:21
================================================================================
[2025-11-09T15:26:06.925+0000] {manager.py:878} INFO - 
================================================================================
DAG File Processing Stats

File Path                       PID    Runtime      # DAGs    # Errors  Last Runtime    Last Run
------------------------------  -----  ---------  --------  ----------  --------------  -------------------
/opt/airflow/dags/first_dag.py                           1           0  0.24s           2025-11-09T15:25:37
/opt/airflow/dags/connect.py                             0           1  0.15s           2025-11-09T15:25:51
================================================================================
[2025-11-09T15:26:37.455+0000] {manager.py:878} INFO - 
================================================================================
DAG File Processing Stats

File Path                       PID    Runtime      # DAGs    # Errors  Last Runtime    Last Run
------------------------------  -----  ---------  --------  ----------  --------------  -------------------
/opt/airflow/dags/first_dag.py                           1           0  0.30s           2025-11-09T15:26:08
/opt/airflow/dags/connect.py                             0           1  0.16s           2025-11-09T15:26:22
================================================================================
[2025-11-09T15:27:07.734+0000] {manager.py:878} INFO - 
================================================================================
DAG File Processing Stats

File Path                       PID    Runtime      # DAGs    # Errors  Last Runtime    Last Run
------------------------------  -----  ---------  --------  ----------  --------------  -------------------
/opt/airflow/dags/first_dag.py                           1           0  0.19s           2025-11-09T15:26:38
/opt/airflow/dags/connect.py                             0           1  0.09s           2025-11-09T15:26:52
================================================================================
[2025-11-09T15:27:38.044+0000] {manager.py:878} INFO - 
================================================================================
DAG File Processing Stats

File Path                       PID    Runtime      # DAGs    # Errors  Last Runtime    Last Run
------------------------------  -----  ---------  --------  ----------  --------------  -------------------
/opt/airflow/dags/first_dag.py                           1           0  0.23s           2025-11-09T15:27:08
/opt/airflow/dags/connect.py                             0           1  0.14s           2025-11-09T15:27:23
================================================================================
[2025-11-09T15:28:08.554+0000] {manager.py:878} INFO - 
================================================================================
DAG File Processing Stats

File Path                       PID    Runtime      # DAGs    # Errors  Last Runtime    Last Run
------------------------------  -----  ---------  --------  ----------  --------------  -------------------
/opt/airflow/dags/first_dag.py                           1           0  0.27s           2025-11-09T15:27:39
/opt/airflow/dags/connect.py                             0           1  0.15s           2025-11-09T15:27:53
================================================================================
[2025-11-09T15:28:38.799+0000] {manager.py:878} INFO - 
================================================================================
DAG File Processing Stats

File Path                       PID    Runtime      # DAGs    # Errors  Last Runtime    Last Run
------------------------------  -----  ---------  --------  ----------  --------------  -------------------
/opt/airflow/dags/first_dag.py                           1           0  0.21s           2025-11-09T15:28:09
/opt/airflow/dags/connect.py                             0           1  0.08s           2025-11-09T15:28:23
================================================================================
[2025-11-09T15:28:58.006+0000] {manager.py:737} INFO - Searching for files in /opt/airflow/dags
[2025-11-09T15:28:58.017+0000] {manager.py:740} INFO - There are 2 files in /opt/airflow/dags
[2025-11-09T15:29:09.141+0000] {manager.py:878} INFO - 
================================================================================
DAG File Processing Stats

File Path                       PID    Runtime      # DAGs    # Errors  Last Runtime    Last Run
------------------------------  -----  ---------  --------  ----------  --------------  -------------------
/opt/airflow/dags/first_dag.py                           1           0  0.27s           2025-11-09T15:28:40
/opt/airflow/dags/connect.py                             0           1  0.15s           2025-11-09T15:28:54
================================================================================
[2025-11-09T15:29:39.646+0000] {manager.py:878} INFO - 
================================================================================
DAG File Processing Stats

File Path                       PID    Runtime      # DAGs    # Errors  Last Runtime    Last Run
------------------------------  -----  ---------  --------  ----------  --------------  -------------------
/opt/airflow/dags/first_dag.py                           1           0  0.27s           2025-11-09T15:29:10
/opt/airflow/dags/connect.py                             0           1  0.14s           2025-11-09T15:29:24
================================================================================
[2025-11-09T15:30:09.884+0000] {manager.py:878} INFO - 
================================================================================
DAG File Processing Stats

File Path                       PID    Runtime      # DAGs    # Errors  Last Runtime    Last Run
------------------------------  -----  ---------  --------  ----------  --------------  -------------------
/opt/airflow/dags/first_dag.py                           1           0  0.19s           2025-11-09T15:29:40
/opt/airflow/dags/connect.py                             0           1  0.09s           2025-11-09T15:29:54
================================================================================
[2025-11-09T15:30:40.206+0000] {manager.py:878} INFO - 
================================================================================
DAG File Processing Stats

File Path                       PID    Runtime      # DAGs    # Errors  Last Runtime    Last Run
------------------------------  -----  ---------  --------  ----------  --------------  -------------------
/opt/airflow/dags/first_dag.py                           1           0  0.28s           2025-11-09T15:30:11
/opt/airflow/dags/connect.py                             0           1  0.15s           2025-11-09T15:30:25
================================================================================
[2025-11-09T15:31:10.675+0000] {manager.py:878} INFO - 
================================================================================
DAG File Processing Stats

File Path                       PID    Runtime      # DAGs    # Errors  Last Runtime    Last Run
------------------------------  -----  ---------  --------  ----------  --------------  -------------------
/opt/airflow/dags/first_dag.py                           1           0  0.24s           2025-11-09T15:30:41
/opt/airflow/dags/connect.py                             0           1  0.14s           2025-11-09T15:30:55
================================================================================
[2025-11-09T15:31:40.981+0000] {manager.py:878} INFO - 
================================================================================
DAG File Processing Stats

File Path                       PID    Runtime      # DAGs    # Errors  Last Runtime    Last Run
------------------------------  -----  ---------  --------  ----------  --------------  -------------------
/opt/airflow/dags/first_dag.py                           1           0  0.20s           2025-11-09T15:31:11
/opt/airflow/dags/connect.py                             0           1  0.10s           2025-11-09T15:31:25
================================================================================
[2025-11-09T15:32:11.305+0000] {manager.py:878} INFO - 
================================================================================
DAG File Processing Stats

File Path                       PID    Runtime      # DAGs    # Errors  Last Runtime    Last Run
------------------------------  -----  ---------  --------  ----------  --------------  -------------------
/opt/airflow/dags/first_dag.py                           1           0  0.32s           2025-11-09T15:31:42
/opt/airflow/dags/connect.py                             0           1  0.19s           2025-11-09T15:31:56
================================================================================
[2025-11-09T15:32:41.725+0000] {manager.py:878} INFO - 
================================================================================
DAG File Processing Stats

File Path                       PID    Runtime      # DAGs    # Errors  Last Runtime    Last Run
------------------------------  -----  ---------  --------  ----------  --------------  -------------------
/opt/airflow/dags/first_dag.py                           1           0  0.30s           2025-11-09T15:32:12
/opt/airflow/dags/connect.py                             0           1  0.17s           2025-11-09T15:32:26
================================================================================
[2025-11-09T15:33:12.086+0000] {manager.py:878} INFO - 
================================================================================
DAG File Processing Stats

File Path                       PID    Runtime      # DAGs    # Errors  Last Runtime    Last Run
------------------------------  -----  ---------  --------  ----------  --------------  -------------------
/opt/airflow/dags/first_dag.py                           1           0  0.18s           2025-11-09T15:32:43
/opt/airflow/dags/connect.py                             0           1  0.08s           2025-11-09T15:32:57
================================================================================
[2025-11-09T15:33:42.446+0000] {manager.py:878} INFO - 
================================================================================
DAG File Processing Stats

File Path                       PID    Runtime      # DAGs    # Errors  Last Runtime    Last Run
------------------------------  -----  ---------  --------  ----------  --------------  -------------------
/opt/airflow/dags/first_dag.py                           1           0  0.35s           2025-11-09T15:33:13
/opt/airflow/dags/connect.py                             0           1  0.19s           2025-11-09T15:33:27
================================================================================
[2025-11-09T15:33:58.880+0000] {manager.py:737} INFO - Searching for files in /opt/airflow/dags
[2025-11-09T15:33:58.892+0000] {manager.py:740} INFO - There are 2 files in /opt/airflow/dags
[2025-11-09T15:34:13.018+0000] {manager.py:878} INFO - 
================================================================================
DAG File Processing Stats

File Path                       PID    Runtime      # DAGs    # Errors  Last Runtime    Last Run
------------------------------  -----  ---------  --------  ----------  --------------  -------------------
/opt/airflow/dags/first_dag.py                           1           0  0.32s           2025-11-09T15:33:43
/opt/airflow/dags/connect.py                             0           1  0.14s           2025-11-09T15:33:57
================================================================================
[2025-11-09T15:34:43.441+0000] {manager.py:878} INFO - 
================================================================================
DAG File Processing Stats

File Path                       PID    Runtime      # DAGs    # Errors  Last Runtime    Last Run
------------------------------  -----  ---------  --------  ----------  --------------  -------------------
/opt/airflow/dags/first_dag.py                           1           0  0.19s           2025-11-09T15:34:14
/opt/airflow/dags/connect.py                             0           1  0.16s           2025-11-09T15:34:28
================================================================================
[2025-11-09T15:35:13.730+0000] {manager.py:878} INFO - 
================================================================================
DAG File Processing Stats

File Path                       PID    Runtime      # DAGs    # Errors  Last Runtime    Last Run
------------------------------  -----  ---------  --------  ----------  --------------  -------------------
/opt/airflow/dags/first_dag.py                           1           0  0.37s           2025-11-09T15:34:44
/opt/airflow/dags/connect.py                             0           1  0.10s           2025-11-09T15:34:58
================================================================================
[2025-11-09T15:35:44.051+0000] {manager.py:878} INFO - 
================================================================================
DAG File Processing Stats

File Path                       PID    Runtime      # DAGs    # Errors  Last Runtime    Last Run
------------------------------  -----  ---------  --------  ----------  --------------  -------------------
/opt/airflow/dags/first_dag.py                           1           0  0.24s           2025-11-09T15:35:15
/opt/airflow/dags/connect.py                             0           1  0.07s           2025-11-09T15:35:29
================================================================================
[2025-11-09T15:36:14.333+0000] {manager.py:878} INFO - 
================================================================================
DAG File Processing Stats

File Path                       PID    Runtime      # DAGs    # Errors  Last Runtime    Last Run
------------------------------  -----  ---------  --------  ----------  --------------  -------------------
/opt/airflow/dags/first_dag.py                           1           0  0.19s           2025-11-09T15:35:45
/opt/airflow/dags/connect.py                             0           1  0.08s           2025-11-09T15:35:59
================================================================================
[2025-11-09T15:36:44.612+0000] {manager.py:878} INFO - 
================================================================================
DAG File Processing Stats

File Path                       PID    Runtime      # DAGs    # Errors  Last Runtime    Last Run
------------------------------  -----  ---------  --------  ----------  --------------  -------------------
/opt/airflow/dags/first_dag.py                           1           0  0.27s           2025-11-09T15:36:15
/opt/airflow/dags/connect.py                             0           1  0.13s           2025-11-09T15:36:29
================================================================================
[2025-11-09T15:37:15.005+0000] {manager.py:878} INFO - 
================================================================================
DAG File Processing Stats

File Path                       PID    Runtime      # DAGs    # Errors  Last Runtime    Last Run
------------------------------  -----  ---------  --------  ----------  --------------  -------------------
/opt/airflow/dags/first_dag.py                           1           0  0.16s           2025-11-09T15:36:45
/opt/airflow/dags/connect.py                             0           1  0.14s           2025-11-09T15:36:59
================================================================================
[2025-11-09T15:37:45.348+0000] {manager.py:878} INFO - 
================================================================================
DAG File Processing Stats

File Path                       PID    Runtime      # DAGs    # Errors  Last Runtime    Last Run
------------------------------  -----  ---------  --------  ----------  --------------  -------------------
/opt/airflow/dags/first_dag.py                           1           0  0.30s           2025-11-09T15:37:16
/opt/airflow/dags/connect.py                             0           1  0.11s           2025-11-09T15:37:30
================================================================================
[2025-11-09T15:38:15.777+0000] {manager.py:878} INFO - 
================================================================================
DAG File Processing Stats

File Path                       PID    Runtime      # DAGs    # Errors  Last Runtime    Last Run
------------------------------  -----  ---------  --------  ----------  --------------  -------------------
/opt/airflow/dags/first_dag.py                           1           0  0.19s           2025-11-09T15:37:46
/opt/airflow/dags/connect.py                             0           1  0.17s           2025-11-09T15:38:00
================================================================================
[2025-11-09T15:38:46.214+0000] {manager.py:878} INFO - 
================================================================================
DAG File Processing Stats

File Path                       PID    Runtime      # DAGs    # Errors  Last Runtime    Last Run
------------------------------  -----  ---------  --------  ----------  --------------  -------------------
/opt/airflow/dags/first_dag.py                           1           0  0.22s           2025-11-09T15:38:17
/opt/airflow/dags/connect.py                             0           1  0.14s           2025-11-09T15:38:31
================================================================================
[2025-11-09T15:38:59.344+0000] {manager.py:737} INFO - Searching for files in /opt/airflow/dags
[2025-11-09T15:38:59.368+0000] {manager.py:740} INFO - There are 2 files in /opt/airflow/dags
[2025-11-09T15:39:16.593+0000] {manager.py:878} INFO - 
================================================================================
DAG File Processing Stats

File Path                       PID    Runtime      # DAGs    # Errors  Last Runtime    Last Run
------------------------------  -----  ---------  --------  ----------  --------------  -------------------
/opt/airflow/dags/first_dag.py                           1           0  0.16s           2025-11-09T15:38:47
/opt/airflow/dags/connect.py                             0           1  0.09s           2025-11-09T15:39:01
================================================================================
[2025-11-09T15:39:46.938+0000] {manager.py:878} INFO - 
================================================================================
DAG File Processing Stats

File Path                       PID    Runtime      # DAGs    # Errors  Last Runtime    Last Run
------------------------------  -----  ---------  --------  ----------  --------------  -------------------
/opt/airflow/dags/first_dag.py                           1           0  0.18s           2025-11-09T15:39:17
/opt/airflow/dags/connect.py                             0           1  0.10s           2025-11-09T15:39:31
================================================================================
[2025-11-09T15:40:17.434+0000] {manager.py:878} INFO - 
================================================================================
DAG File Processing Stats

File Path                       PID    Runtime      # DAGs    # Errors  Last Runtime    Last Run
------------------------------  -----  ---------  --------  ----------  --------------  -------------------
/opt/airflow/dags/first_dag.py                           1           0  0.26s           2025-11-09T15:39:48
/opt/airflow/dags/connect.py                             0           1  0.21s           2025-11-09T15:40:02
================================================================================
[2025-11-09T15:40:47.647+0000] {manager.py:878} INFO - 
================================================================================
DAG File Processing Stats

File Path                       PID    Runtime      # DAGs    # Errors  Last Runtime    Last Run
------------------------------  -----  ---------  --------  ----------  --------------  -------------------
/opt/airflow/dags/first_dag.py                           1           0  0.23s           2025-11-09T15:40:18
/opt/airflow/dags/connect.py                             0           1  0.11s           2025-11-09T15:40:32
================================================================================
[2025-11-09T15:41:17.973+0000] {manager.py:878} INFO - 
================================================================================
DAG File Processing Stats

File Path                       PID    Runtime      # DAGs    # Errors  Last Runtime    Last Run
------------------------------  -----  ---------  --------  ----------  --------------  -------------------
/opt/airflow/dags/first_dag.py                           1           0  0.28s           2025-11-09T15:40:49
/opt/airflow/dags/connect.py                             0           1  0.09s           2025-11-09T15:41:02
================================================================================
[2025-11-09T15:41:48.275+0000] {manager.py:878} INFO - 
================================================================================
DAG File Processing Stats

File Path                       PID    Runtime      # DAGs    # Errors  Last Runtime    Last Run
------------------------------  -----  ---------  --------  ----------  --------------  -------------------
/opt/airflow/dags/first_dag.py                           1           0  0.24s           2025-11-09T15:41:19
/opt/airflow/dags/connect.py                             0           1  0.14s           2025-11-09T15:41:33
================================================================================
[2025-11-09T15:42:18.610+0000] {manager.py:878} INFO - 
================================================================================
DAG File Processing Stats

File Path                       PID    Runtime      # DAGs    # Errors  Last Runtime    Last Run
------------------------------  -----  ---------  --------  ----------  --------------  -------------------
/opt/airflow/dags/first_dag.py                           1           0  0.22s           2025-11-09T15:41:49
/opt/airflow/dags/connect.py                             0           1  0.13s           2025-11-09T15:42:03
================================================================================
[2025-11-09T15:42:48.996+0000] {manager.py:878} INFO - 
================================================================================
DAG File Processing Stats

File Path                       PID    Runtime      # DAGs    # Errors  Last Runtime    Last Run
------------------------------  -----  ---------  --------  ----------  --------------  -------------------
/opt/airflow/dags/first_dag.py                           1           0  0.20s           2025-11-09T15:42:19
/opt/airflow/dags/connect.py                             0           1  0.10s           2025-11-09T15:42:33
================================================================================
[2025-11-09T15:43:19.459+0000] {manager.py:878} INFO - 
================================================================================
DAG File Processing Stats

File Path                       PID    Runtime      # DAGs    # Errors  Last Runtime    Last Run
------------------------------  -----  ---------  --------  ----------  --------------  -------------------
/opt/airflow/dags/first_dag.py                           1           0  0.24s           2025-11-09T15:42:50
/opt/airflow/dags/connect.py                             0           1  0.21s           2025-11-09T15:43:04
================================================================================
[2025-11-09T15:43:49.786+0000] {manager.py:878} INFO - 
================================================================================
DAG File Processing Stats

File Path                       PID    Runtime      # DAGs    # Errors  Last Runtime    Last Run
------------------------------  -----  ---------  --------  ----------  --------------  -------------------
/opt/airflow/dags/first_dag.py                           1           0  0.28s           2025-11-09T15:43:20
/opt/airflow/dags/connect.py                             0           1  0.12s           2025-11-09T15:43:34
================================================================================
[2025-11-09T15:43:59.948+0000] {manager.py:737} INFO - Searching for files in /opt/airflow/dags
[2025-11-09T15:43:59.960+0000] {manager.py:740} INFO - There are 2 files in /opt/airflow/dags
[2025-11-09T15:44:20.124+0000] {manager.py:878} INFO - 
================================================================================
DAG File Processing Stats

File Path                       PID    Runtime      # DAGs    # Errors  Last Runtime    Last Run
------------------------------  -----  ---------  --------  ----------  --------------  -------------------
/opt/airflow/dags/first_dag.py                           1           0  0.45s           2025-11-09T15:43:51
/opt/airflow/dags/connect.py                             0           1  0.08s           2025-11-09T15:44:05
================================================================================
[2025-11-09T15:44:50.439+0000] {manager.py:878} INFO - 
================================================================================
DAG File Processing Stats

File Path                       PID    Runtime      # DAGs    # Errors  Last Runtime    Last Run
------------------------------  -----  ---------  --------  ----------  --------------  -------------------
/opt/airflow/dags/first_dag.py                           1           0  0.23s           2025-11-09T15:44:22
/opt/airflow/dags/connect.py                             0           1  0.13s           2025-11-09T15:44:35
================================================================================
[2025-11-09T15:45:20.811+0000] {manager.py:878} INFO - 
================================================================================
DAG File Processing Stats

File Path                       PID    Runtime      # DAGs    # Errors  Last Runtime    Last Run
------------------------------  -----  ---------  --------  ----------  --------------  -------------------
/opt/airflow/dags/first_dag.py                           1           0  0.18s           2025-11-09T15:44:52
/opt/airflow/dags/connect.py                             0           1  0.16s           2025-11-09T15:45:05
================================================================================
[2025-11-09T15:45:51.132+0000] {manager.py:878} INFO - 
================================================================================
DAG File Processing Stats

File Path                       PID    Runtime      # DAGs    # Errors  Last Runtime    Last Run
------------------------------  -----  ---------  --------  ----------  --------------  -------------------
/opt/airflow/dags/first_dag.py                           1           0  0.25s           2025-11-09T15:45:23
/opt/airflow/dags/connect.py                             0           1  0.07s           2025-11-09T15:45:36
================================================================================
[2025-11-09T15:46:21.553+0000] {manager.py:878} INFO - 
================================================================================
DAG File Processing Stats

File Path                       PID    Runtime      # DAGs    # Errors  Last Runtime    Last Run
------------------------------  -----  ---------  --------  ----------  --------------  -------------------
/opt/airflow/dags/first_dag.py                           1           0  0.19s           2025-11-09T15:45:53
/opt/airflow/dags/connect.py                             0           1  0.15s           2025-11-09T15:46:06
================================================================================
[2025-11-09T15:46:51.847+0000] {manager.py:878} INFO - 
================================================================================
DAG File Processing Stats

File Path                       PID    Runtime      # DAGs    # Errors  Last Runtime    Last Run
------------------------------  -----  ---------  --------  ----------  --------------  -------------------
/opt/airflow/dags/first_dag.py                           1           0  0.18s           2025-11-09T15:46:23
/opt/airflow/dags/connect.py                             0           1  0.11s           2025-11-09T15:46:36
================================================================================
[2025-11-09T15:47:22.158+0000] {manager.py:878} INFO - 
================================================================================
DAG File Processing Stats

File Path                       PID    Runtime      # DAGs    # Errors  Last Runtime    Last Run
------------------------------  -----  ---------  --------  ----------  --------------  -------------------
/opt/airflow/dags/first_dag.py                           1           0  0.20s           2025-11-09T15:46:54
/opt/airflow/dags/connect.py                             0           1  0.07s           2025-11-09T15:47:07
================================================================================
[2025-11-09T15:47:52.542+0000] {manager.py:878} INFO - 
================================================================================
DAG File Processing Stats

File Path                       PID    Runtime      # DAGs    # Errors  Last Runtime    Last Run
------------------------------  -----  ---------  --------  ----------  --------------  -------------------
/opt/airflow/dags/first_dag.py                           1           0  0.15s           2025-11-09T15:47:24
/opt/airflow/dags/connect.py                             0           1  0.12s           2025-11-09T15:47:37
================================================================================
[2025-11-09T15:48:22.814+0000] {manager.py:878} INFO - 
================================================================================
DAG File Processing Stats

File Path                       PID    Runtime      # DAGs    # Errors  Last Runtime    Last Run
------------------------------  -----  ---------  --------  ----------  --------------  -------------------
/opt/airflow/dags/first_dag.py                           1           0  0.24s           2025-11-09T15:47:54
/opt/airflow/dags/connect.py                             0           1  0.18s           2025-11-09T15:48:07
================================================================================
[2025-11-09T15:48:53.167+0000] {manager.py:878} INFO - 
================================================================================
DAG File Processing Stats

File Path                       PID    Runtime      # DAGs    # Errors  Last Runtime    Last Run
------------------------------  -----  ---------  --------  ----------  --------------  -------------------
/opt/airflow/dags/first_dag.py                           1           0  0.15s           2025-11-09T15:48:24
/opt/airflow/dags/connect.py                             0           1  0.07s           2025-11-09T15:48:38
================================================================================
[2025-11-09T15:49:00.297+0000] {manager.py:737} INFO - Searching for files in /opt/airflow/dags
[2025-11-09T15:49:00.305+0000] {manager.py:740} INFO - There are 2 files in /opt/airflow/dags
[2025-11-09T15:49:23.479+0000] {manager.py:878} INFO - 
================================================================================
DAG File Processing Stats

File Path                       PID    Runtime      # DAGs    # Errors  Last Runtime    Last Run
------------------------------  -----  ---------  --------  ----------  --------------  -------------------
/opt/airflow/dags/first_dag.py                           1           0  0.31s           2025-11-09T15:48:55
/opt/airflow/dags/connect.py                             0           1  0.15s           2025-11-09T15:49:08
================================================================================
[2025-11-09T15:49:53.882+0000] {manager.py:878} INFO - 
================================================================================
DAG File Processing Stats

File Path                       PID    Runtime      # DAGs    # Errors  Last Runtime    Last Run
------------------------------  -----  ---------  --------  ----------  --------------  -------------------
/opt/airflow/dags/first_dag.py                           1           0  0.26s           2025-11-09T15:49:25
/opt/airflow/dags/connect.py                             0           1  0.12s           2025-11-09T15:49:38
================================================================================
[2025-11-09T15:50:24.185+0000] {manager.py:878} INFO - 
================================================================================
DAG File Processing Stats

File Path                       PID    Runtime      # DAGs    # Errors  Last Runtime    Last Run
------------------------------  -----  ---------  --------  ----------  --------------  -------------------
/opt/airflow/dags/first_dag.py                           1           0  0.21s           2025-11-09T15:49:56
/opt/airflow/dags/connect.py                             0           1  0.08s           2025-11-09T15:50:09
================================================================================
[2025-11-09T15:50:54.476+0000] {manager.py:878} INFO - 
================================================================================
DAG File Processing Stats

File Path                       PID    Runtime      # DAGs    # Errors  Last Runtime    Last Run
------------------------------  -----  ---------  --------  ----------  --------------  -------------------
/opt/airflow/dags/first_dag.py                           1           0  0.20s           2025-11-09T15:50:26
/opt/airflow/dags/connect.py                             0           1  0.13s           2025-11-09T15:50:39
================================================================================
[2025-11-09T15:51:24.855+0000] {manager.py:878} INFO - 
================================================================================
DAG File Processing Stats

File Path                       PID    Runtime      # DAGs    # Errors  Last Runtime    Last Run
------------------------------  -----  ---------  --------  ----------  --------------  -------------------
/opt/airflow/dags/first_dag.py                           1           0  0.21s           2025-11-09T15:50:56
/opt/airflow/dags/connect.py                             0           1  0.12s           2025-11-09T15:51:09
================================================================================
[2025-11-09T15:51:55.057+0000] {manager.py:878} INFO - 
================================================================================
DAG File Processing Stats

File Path                       PID    Runtime      # DAGs    # Errors  Last Runtime    Last Run
------------------------------  -----  ---------  --------  ----------  --------------  -------------------
/opt/airflow/dags/first_dag.py                           1           0  0.16s           2025-11-09T15:51:27
/opt/airflow/dags/connect.py                             0           1  0.07s           2025-11-09T15:51:40
================================================================================
[2025-11-09T15:52:25.324+0000] {manager.py:878} INFO - 
================================================================================
DAG File Processing Stats

File Path                       PID    Runtime      # DAGs    # Errors  Last Runtime    Last Run
------------------------------  -----  ---------  --------  ----------  --------------  -------------------
/opt/airflow/dags/first_dag.py                           1           0  0.24s           2025-11-09T15:51:57
/opt/airflow/dags/connect.py                             0           1  0.13s           2025-11-09T15:52:10
================================================================================
[2025-11-09T15:52:55.703+0000] {manager.py:878} INFO - 
================================================================================
DAG File Processing Stats

File Path                       PID    Runtime      # DAGs    # Errors  Last Runtime    Last Run
------------------------------  -----  ---------  --------  ----------  --------------  -------------------
/opt/airflow/dags/first_dag.py                           1           0  0.19s           2025-11-09T15:52:27
/opt/airflow/dags/connect.py                             0           1  0.13s           2025-11-09T15:52:40
================================================================================
[2025-11-09T15:53:25.921+0000] {manager.py:878} INFO - 
================================================================================
DAG File Processing Stats

File Path                       PID    Runtime      # DAGs    # Errors  Last Runtime    Last Run
------------------------------  -----  ---------  --------  ----------  --------------  -------------------
/opt/airflow/dags/first_dag.py                           1           0  0.17s           2025-11-09T15:52:57
/opt/airflow/dags/connect.py                             0           1  0.06s           2025-11-09T15:53:10
================================================================================
[2025-11-09T15:53:56.169+0000] {manager.py:878} INFO - 
================================================================================
DAG File Processing Stats

File Path                       PID    Runtime      # DAGs    # Errors  Last Runtime    Last Run
------------------------------  -----  ---------  --------  ----------  --------------  -------------------
/opt/airflow/dags/first_dag.py                           1           0  0.19s           2025-11-09T15:53:28
/opt/airflow/dags/connect.py                             0           1  0.10s           2025-11-09T15:53:41
================================================================================
[2025-11-09T15:54:00.420+0000] {manager.py:737} INFO - Searching for files in /opt/airflow/dags
[2025-11-09T15:54:00.426+0000] {manager.py:740} INFO - There are 2 files in /opt/airflow/dags
[2025-11-09T15:54:26.435+0000] {manager.py:878} INFO - 
================================================================================
DAG File Processing Stats

File Path                       PID    Runtime      # DAGs    # Errors  Last Runtime    Last Run
------------------------------  -----  ---------  --------  ----------  --------------  -------------------
/opt/airflow/dags/first_dag.py                           1           0  0.22s           2025-11-09T15:53:58
/opt/airflow/dags/connect.py                             0           1  0.07s           2025-11-09T15:54:11
================================================================================
[2025-11-09T15:54:56.791+0000] {manager.py:878} INFO - 
================================================================================
DAG File Processing Stats

File Path                       PID    Runtime      # DAGs    # Errors  Last Runtime    Last Run
------------------------------  -----  ---------  --------  ----------  --------------  -------------------
/opt/airflow/dags/first_dag.py                           1           0  0.18s           2025-11-09T15:54:28
/opt/airflow/dags/connect.py                             0           1  0.14s           2025-11-09T15:54:41
================================================================================
[2025-11-09T15:55:26.989+0000] {manager.py:878} INFO - 
================================================================================
DAG File Processing Stats

File Path                       PID    Runtime      # DAGs    # Errors  Last Runtime    Last Run
------------------------------  -----  ---------  --------  ----------  --------------  -------------------
/opt/airflow/dags/first_dag.py                           1           0  0.19s           2025-11-09T15:54:58
/opt/airflow/dags/connect.py                             0           1  0.08s           2025-11-09T15:55:11
================================================================================
[2025-11-09T15:55:57.264+0000] {manager.py:878} INFO - 
================================================================================
DAG File Processing Stats

File Path                       PID    Runtime      # DAGs    # Errors  Last Runtime    Last Run
------------------------------  -----  ---------  --------  ----------  --------------  -------------------
/opt/airflow/dags/first_dag.py                           1           0  0.26s           2025-11-09T15:55:29
/opt/airflow/dags/connect.py                             0           1  0.13s           2025-11-09T15:55:42
================================================================================
[2025-11-09T15:56:27.606+0000] {manager.py:878} INFO - 
================================================================================
DAG File Processing Stats

File Path                       PID    Runtime      # DAGs    # Errors  Last Runtime    Last Run
------------------------------  -----  ---------  --------  ----------  --------------  -------------------
/opt/airflow/dags/first_dag.py                           1           0  0.16s           2025-11-09T15:55:59
/opt/airflow/dags/connect.py                             0           1  0.12s           2025-11-09T15:56:12
================================================================================
[2025-11-09T15:56:57.890+0000] {manager.py:878} INFO - 
================================================================================
DAG File Processing Stats

File Path                       PID    Runtime      # DAGs    # Errors  Last Runtime    Last Run
------------------------------  -----  ---------  --------  ----------  --------------  -------------------
/opt/airflow/dags/first_dag.py                           1           0  0.27s           2025-11-09T15:56:29
/opt/airflow/dags/connect.py                             0           1  0.07s           2025-11-09T15:56:42
================================================================================
[2025-11-09T15:57:28.123+0000] {manager.py:878} INFO - 
================================================================================
DAG File Processing Stats

File Path                       PID    Runtime      # DAGs    # Errors  Last Runtime    Last Run
------------------------------  -----  ---------  --------  ----------  --------------  -------------------
/opt/airflow/dags/first_dag.py                           1           0  0.23s           2025-11-09T15:57:00
/opt/airflow/dags/connect.py                             0           1  0.12s           2025-11-09T15:57:13
================================================================================
[2025-11-09T15:57:58.436+0000] {manager.py:878} INFO - 
================================================================================
DAG File Processing Stats

File Path                       PID    Runtime      # DAGs    # Errors  Last Runtime    Last Run
------------------------------  -----  ---------  --------  ----------  --------------  -------------------
/opt/airflow/dags/first_dag.py                           1           0  0.24s           2025-11-09T15:57:30
/opt/airflow/dags/connect.py                             0           1  0.13s           2025-11-09T15:57:43
================================================================================
[2025-11-09T15:58:28.764+0000] {manager.py:878} INFO - 
================================================================================
DAG File Processing Stats

File Path                       PID    Runtime      # DAGs    # Errors  Last Runtime    Last Run
------------------------------  -----  ---------  --------  ----------  --------------  -------------------
/opt/airflow/dags/first_dag.py                           1           0  0.16s           2025-11-09T15:58:00
/opt/airflow/dags/connect.py                             0           1  0.07s           2025-11-09T15:58:13
================================================================================
[2025-11-09T15:58:58.984+0000] {manager.py:878} INFO - 
================================================================================
DAG File Processing Stats

File Path                       PID    Runtime      # DAGs    # Errors  Last Runtime    Last Run
------------------------------  -----  ---------  --------  ----------  --------------  -------------------
/opt/airflow/dags/first_dag.py                           1           0  0.23s           2025-11-09T15:58:31
/opt/airflow/dags/connect.py                             0           1  0.11s           2025-11-09T15:58:43
================================================================================
[2025-11-09T15:59:00.999+0000] {manager.py:737} INFO - Searching for files in /opt/airflow/dags
[2025-11-09T15:59:01.011+0000] {manager.py:740} INFO - There are 2 files in /opt/airflow/dags
[2025-11-09T15:59:29.274+0000] {manager.py:878} INFO - 
================================================================================
DAG File Processing Stats

File Path                       PID    Runtime      # DAGs    # Errors  Last Runtime    Last Run
------------------------------  -----  ---------  --------  ----------  --------------  -------------------
/opt/airflow/dags/first_dag.py                           1           0  0.23s           2025-11-09T15:59:01
/opt/airflow/dags/connect.py                             0           1  0.12s           2025-11-09T15:59:14
================================================================================
[2025-11-09T15:59:59.579+0000] {manager.py:878} INFO - 
================================================================================
DAG File Processing Stats

File Path                       PID    Runtime      # DAGs    # Errors  Last Runtime    Last Run
------------------------------  -----  ---------  --------  ----------  --------------  -------------------
/opt/airflow/dags/first_dag.py                           1           0  0.21s           2025-11-09T15:59:31
/opt/airflow/dags/connect.py                             0           1  0.07s           2025-11-09T15:59:44
================================================================================
[2025-11-09T16:00:29.918+0000] {manager.py:878} INFO - 
================================================================================
DAG File Processing Stats

File Path                       PID    Runtime      # DAGs    # Errors  Last Runtime    Last Run
------------------------------  -----  ---------  --------  ----------  --------------  -------------------
/opt/airflow/dags/first_dag.py                           1           0  0.16s           2025-11-09T16:00:01
/opt/airflow/dags/connect.py                             0           1  0.13s           2025-11-09T16:00:14
================================================================================
[2025-11-09T16:01:00.147+0000] {manager.py:878} INFO - 
================================================================================
DAG File Processing Stats

File Path                       PID    Runtime      # DAGs    # Errors  Last Runtime    Last Run
------------------------------  -----  ---------  --------  ----------  --------------  -------------------
/opt/airflow/dags/first_dag.py                           1           0  0.25s           2025-11-09T16:00:32
/opt/airflow/dags/connect.py                             0           1  0.12s           2025-11-09T16:00:45
================================================================================
[2025-11-09T16:01:30.449+0000] {manager.py:878} INFO - 
================================================================================
DAG File Processing Stats

File Path                       PID    Runtime      # DAGs    # Errors  Last Runtime    Last Run
------------------------------  -----  ---------  --------  ----------  --------------  -------------------
/opt/airflow/dags/first_dag.py                           1           0  0.15s           2025-11-09T16:01:02
/opt/airflow/dags/connect.py                             0           1  0.07s           2025-11-09T16:01:15
================================================================================
[2025-11-09T16:02:00.696+0000] {manager.py:878} INFO - 
================================================================================
DAG File Processing Stats

File Path                       PID    Runtime      # DAGs    # Errors  Last Runtime    Last Run
------------------------------  -----  ---------  --------  ----------  --------------  -------------------
/opt/airflow/dags/first_dag.py                           1           0  0.27s           2025-11-09T16:01:32
/opt/airflow/dags/connect.py                             0           1  0.24s           2025-11-09T16:01:45
================================================================================
[2025-11-09T16:02:31.102+0000] {manager.py:878} INFO - 
================================================================================
DAG File Processing Stats

File Path                       PID    Runtime      # DAGs    # Errors  Last Runtime    Last Run
------------------------------  -----  ---------  --------  ----------  --------------  -------------------
/opt/airflow/dags/first_dag.py                           1           0  0.19s           2025-11-09T16:02:03
/opt/airflow/dags/connect.py                             0           1  0.12s           2025-11-09T16:02:16
================================================================================
[2025-11-09T16:03:01.407+0000] {manager.py:878} INFO - 
================================================================================
DAG File Processing Stats

File Path                       PID    Runtime      # DAGs    # Errors  Last Runtime    Last Run
------------------------------  -----  ---------  --------  ----------  --------------  -------------------
/opt/airflow/dags/first_dag.py                           1           0  0.38s           2025-11-09T16:02:33
/opt/airflow/dags/connect.py                             0           1  0.11s           2025-11-09T16:02:46
================================================================================
[2025-11-09T16:03:31.715+0000] {manager.py:878} INFO - 
================================================================================
DAG File Processing Stats

File Path                       PID    Runtime      # DAGs    # Errors  Last Runtime    Last Run
------------------------------  -----  ---------  --------  ----------  --------------  -------------------
/opt/airflow/dags/first_dag.py                           1           0  0.25s           2025-11-09T16:03:03
/opt/airflow/dags/connect.py                             0           1  0.14s           2025-11-09T16:03:16
================================================================================
[2025-11-09T16:04:01.116+0000] {manager.py:737} INFO - Searching for files in /opt/airflow/dags
[2025-11-09T16:04:01.130+0000] {manager.py:740} INFO - There are 2 files in /opt/airflow/dags
[2025-11-09T16:04:02.014+0000] {manager.py:878} INFO - 
================================================================================
DAG File Processing Stats

File Path                       PID    Runtime      # DAGs    # Errors  Last Runtime    Last Run
------------------------------  -----  ---------  --------  ----------  --------------  -------------------
/opt/airflow/dags/first_dag.py                           1           0  0.26s           2025-11-09T16:03:34
/opt/airflow/dags/connect.py                             0           1  0.13s           2025-11-09T16:03:47
================================================================================
[2025-11-09T16:04:32.356+0000] {manager.py:878} INFO - 
================================================================================
DAG File Processing Stats

File Path                       PID    Runtime      # DAGs    # Errors  Last Runtime    Last Run
------------------------------  -----  ---------  --------  ----------  --------------  -------------------
/opt/airflow/dags/first_dag.py                           1           0  0.16s           2025-11-09T16:04:04
/opt/airflow/dags/connect.py                             0           1  0.12s           2025-11-09T16:04:17
================================================================================
[2025-11-09T16:05:02.662+0000] {manager.py:878} INFO - 
================================================================================
DAG File Processing Stats

File Path                       PID    Runtime      # DAGs    # Errors  Last Runtime    Last Run
------------------------------  -----  ---------  --------  ----------  --------------  -------------------
/opt/airflow/dags/first_dag.py                           1           0  0.23s           2025-11-09T16:04:34
/opt/airflow/dags/connect.py                             0           1  0.07s           2025-11-09T16:04:47
================================================================================
[2025-11-09T16:05:32.881+0000] {manager.py:878} INFO - 
================================================================================
DAG File Processing Stats

File Path                       PID    Runtime      # DAGs    # Errors  Last Runtime    Last Run
------------------------------  -----  ---------  --------  ----------  --------------  -------------------
/opt/airflow/dags/first_dag.py                           1           0  0.23s           2025-11-09T16:05:04
/opt/airflow/dags/connect.py                             0           1  0.12s           2025-11-09T16:05:17
================================================================================
[2025-11-09T16:06:03.314+0000] {manager.py:878} INFO - 
================================================================================
DAG File Processing Stats

File Path                       PID    Runtime      # DAGs    # Errors  Last Runtime    Last Run
------------------------------  -----  ---------  --------  ----------  --------------  -------------------
/opt/airflow/dags/connect.py                             0           1  0.15s           2025-11-09T16:05:48
/opt/airflow/dags/first_dag.py                           1           0  0.14s           2025-11-09T16:05:35
================================================================================
[2025-11-09T16:06:33.554+0000] {manager.py:878} INFO - 
================================================================================
DAG File Processing Stats

File Path                       PID    Runtime      # DAGs    # Errors  Last Runtime    Last Run
------------------------------  -----  ---------  --------  ----------  --------------  -------------------
/opt/airflow/dags/first_dag.py                           1           0  0.18s           2025-11-09T16:06:05
/opt/airflow/dags/connect.py                             0           1  0.07s           2025-11-09T16:06:18
================================================================================
[2025-11-09T16:07:03.786+0000] {manager.py:878} INFO - 
================================================================================
DAG File Processing Stats

File Path                       PID    Runtime      # DAGs    # Errors  Last Runtime    Last Run
------------------------------  -----  ---------  --------  ----------  --------------  -------------------
/opt/airflow/dags/first_dag.py                           1           0  0.27s           2025-11-09T16:06:35
/opt/airflow/dags/connect.py                             0           1  0.15s           2025-11-09T16:06:48
================================================================================
[2025-11-09T16:07:34.112+0000] {manager.py:878} INFO - 
================================================================================
DAG File Processing Stats

File Path                       PID    Runtime      # DAGs    # Errors  Last Runtime    Last Run
------------------------------  -----  ---------  --------  ----------  --------------  -------------------
/opt/airflow/dags/first_dag.py                           1           0  0.16s           2025-11-09T16:07:06
/opt/airflow/dags/connect.py                             0           1  0.12s           2025-11-09T16:07:19
================================================================================
[2025-11-09T16:08:04.468+0000] {manager.py:878} INFO - 
================================================================================
DAG File Processing Stats

File Path                       PID    Runtime      # DAGs    # Errors  Last Runtime    Last Run
------------------------------  -----  ---------  --------  ----------  --------------  -------------------
/opt/airflow/dags/first_dag.py                           1           0  0.13s           2025-11-09T16:07:36
/opt/airflow/dags/connect.py                             0           1  0.07s           2025-11-09T16:07:49
================================================================================
[2025-11-09T16:08:34.859+0000] {manager.py:878} INFO - 
================================================================================
DAG File Processing Stats

File Path                       PID    Runtime      # DAGs    # Errors  Last Runtime    Last Run
------------------------------  -----  ---------  --------  ----------  --------------  -------------------
/opt/airflow/dags/first_dag.py                           1           0  0.19s           2025-11-09T16:08:06
/opt/airflow/dags/connect.py                             0           1  0.19s           2025-11-09T16:08:19
================================================================================
[2025-11-09T16:09:01.157+0000] {manager.py:737} INFO - Searching for files in /opt/airflow/dags
[2025-11-09T16:09:01.169+0000] {manager.py:740} INFO - There are 2 files in /opt/airflow/dags
[2025-11-09T16:09:05.071+0000] {manager.py:878} INFO - 
================================================================================
DAG File Processing Stats

File Path                       PID    Runtime      # DAGs    # Errors  Last Runtime    Last Run
------------------------------  -----  ---------  --------  ----------  --------------  -------------------
/opt/airflow/dags/first_dag.py                           1           0  0.17s           2025-11-09T16:08:37
/opt/airflow/dags/connect.py                             0           1  0.13s           2025-11-09T16:08:50
================================================================================
[2025-11-09T16:09:35.431+0000] {manager.py:878} INFO - 
================================================================================
DAG File Processing Stats

File Path                       PID    Runtime      # DAGs    # Errors  Last Runtime    Last Run
------------------------------  -----  ---------  --------  ----------  --------------  -------------------
/opt/airflow/dags/first_dag.py                           1           0  0.15s           2025-11-09T16:09:07
/opt/airflow/dags/connect.py                             0           1  0.07s           2025-11-09T16:09:20
================================================================================
[2025-11-09T16:10:05.668+0000] {manager.py:878} INFO - 
================================================================================
DAG File Processing Stats

File Path                       PID    Runtime      # DAGs    # Errors  Last Runtime    Last Run
------------------------------  -----  ---------  --------  ----------  --------------  -------------------
/opt/airflow/dags/first_dag.py                           1           0  0.26s           2025-11-09T16:09:37
/opt/airflow/dags/connect.py                             0           1  0.12s           2025-11-09T16:09:50
================================================================================
[2025-11-09T16:10:35.997+0000] {manager.py:878} INFO - 
================================================================================
DAG File Processing Stats

File Path                       PID    Runtime      # DAGs    # Errors  Last Runtime    Last Run
------------------------------  -----  ---------  --------  ----------  --------------  -------------------
/opt/airflow/dags/first_dag.py                           1           0  0.29s           2025-11-09T16:10:08
/opt/airflow/dags/connect.py                             0           1  0.16s           2025-11-09T16:10:21
================================================================================
[2025-11-09T16:11:06.341+0000] {manager.py:878} INFO - 
================================================================================
DAG File Processing Stats

File Path                       PID    Runtime      # DAGs    # Errors  Last Runtime    Last Run
------------------------------  -----  ---------  --------  ----------  --------------  -------------------
/opt/airflow/dags/first_dag.py                           1           0  0.19s           2025-11-09T16:10:38
/opt/airflow/dags/connect.py                             0           1  0.07s           2025-11-09T16:10:51
================================================================================
[2025-11-09T16:11:36.613+0000] {manager.py:878} INFO - 
================================================================================
DAG File Processing Stats

File Path                       PID    Runtime      # DAGs    # Errors  Last Runtime    Last Run
------------------------------  -----  ---------  --------  ----------  --------------  -------------------
/opt/airflow/dags/first_dag.py                           1           0  0.21s           2025-11-09T16:11:08
/opt/airflow/dags/connect.py                             0           1  0.14s           2025-11-09T16:11:21
================================================================================
[2025-11-09T16:12:07.090+0000] {manager.py:878} INFO - 
================================================================================
DAG File Processing Stats

File Path                       PID    Runtime      # DAGs    # Errors  Last Runtime    Last Run
------------------------------  -----  ---------  --------  ----------  --------------  -------------------
/opt/airflow/dags/first_dag.py                           1           0  0.24s           2025-11-09T16:11:38
/opt/airflow/dags/connect.py                             0           1  0.15s           2025-11-09T16:11:51
================================================================================
[2025-11-09T16:12:37.286+0000] {manager.py:878} INFO - 
================================================================================
DAG File Processing Stats

File Path                       PID    Runtime      # DAGs    # Errors  Last Runtime    Last Run
------------------------------  -----  ---------  --------  ----------  --------------  -------------------
/opt/airflow/dags/first_dag.py                           1           0  0.16s           2025-11-09T16:12:09
/opt/airflow/dags/connect.py                             0           1  0.07s           2025-11-09T16:12:22
================================================================================
[2025-11-09T16:13:07.594+0000] {manager.py:878} INFO - 
================================================================================
DAG File Processing Stats

File Path                       PID    Runtime      # DAGs    # Errors  Last Runtime    Last Run
------------------------------  -----  ---------  --------  ----------  --------------  -------------------
/opt/airflow/dags/first_dag.py                           1           0  0.25s           2025-11-09T16:12:39
/opt/airflow/dags/connect.py                             0           1  0.07s           2025-11-09T16:12:52
================================================================================
[2025-11-09T16:13:37.836+0000] {manager.py:878} INFO - 
================================================================================
DAG File Processing Stats

File Path                       PID    Runtime      # DAGs    # Errors  Last Runtime    Last Run
------------------------------  -----  ---------  --------  ----------  --------------  -------------------
/opt/airflow/dags/first_dag.py                           1           0  0.22s           2025-11-09T16:13:09
/opt/airflow/dags/connect.py                             0           1  0.11s           2025-11-09T16:13:22
================================================================================
[2025-11-09T16:14:01.202+0000] {manager.py:737} INFO - Searching for files in /opt/airflow/dags
[2025-11-09T16:14:01.207+0000] {manager.py:740} INFO - There are 2 files in /opt/airflow/dags
[2025-11-09T16:14:08.161+0000] {manager.py:878} INFO - 
================================================================================
DAG File Processing Stats

File Path                       PID    Runtime      # DAGs    # Errors  Last Runtime    Last Run
------------------------------  -----  ---------  --------  ----------  --------------  -------------------
/opt/airflow/dags/first_dag.py                           1           0  0.15s           2025-11-09T16:13:40
/opt/airflow/dags/connect.py                             0           1  0.13s           2025-11-09T16:13:53
================================================================================
[2025-11-09T16:14:38.458+0000] {manager.py:878} INFO - 
================================================================================
DAG File Processing Stats

File Path                       PID    Runtime      # DAGs    # Errors  Last Runtime    Last Run
------------------------------  -----  ---------  --------  ----------  --------------  -------------------
/opt/airflow/dags/first_dag.py                           1           0  0.26s           2025-11-09T16:14:10
/opt/airflow/dags/connect.py                             0           1  0.07s           2025-11-09T16:14:23
================================================================================
[2025-11-09T16:15:08.863+0000] {manager.py:878} INFO - 
================================================================================
DAG File Processing Stats

File Path                       PID    Runtime      # DAGs    # Errors  Last Runtime    Last Run
------------------------------  -----  ---------  --------  ----------  --------------  -------------------
/opt/airflow/dags/first_dag.py                           1           0  0.18s           2025-11-09T16:14:40
/opt/airflow/dags/connect.py                             0           1  0.07s           2025-11-09T16:14:53
================================================================================
[2025-11-09T16:15:39.130+0000] {manager.py:878} INFO - 
================================================================================
DAG File Processing Stats

File Path                       PID    Runtime      # DAGs    # Errors  Last Runtime    Last Run
------------------------------  -----  ---------  --------  ----------  --------------  -------------------
/opt/airflow/dags/first_dag.py                           1           0  0.17s           2025-11-09T16:15:11
/opt/airflow/dags/connect.py                             0           1  0.15s           2025-11-09T16:15:24
================================================================================
[2025-11-09T16:16:09.446+0000] {manager.py:878} INFO - 
================================================================================
DAG File Processing Stats

File Path                       PID    Runtime      # DAGs    # Errors  Last Runtime    Last Run
------------------------------  -----  ---------  --------  ----------  --------------  -------------------
/opt/airflow/dags/first_dag.py                           1           0  0.20s           2025-11-09T16:15:41
/opt/airflow/dags/connect.py                             0           1  0.08s           2025-11-09T16:15:54
================================================================================
[2025-11-09T16:16:39.722+0000] {manager.py:878} INFO - 
================================================================================
DAG File Processing Stats

File Path                       PID    Runtime      # DAGs    # Errors  Last Runtime    Last Run
------------------------------  -----  ---------  --------  ----------  --------------  -------------------
/opt/airflow/dags/first_dag.py                           1           0  0.27s           2025-11-09T16:16:11
/opt/airflow/dags/connect.py                             0           1  0.14s           2025-11-09T16:16:24
================================================================================
[2025-11-09T16:17:10.092+0000] {manager.py:878} INFO - 
================================================================================
DAG File Processing Stats

File Path                       PID    Runtime      # DAGs    # Errors  Last Runtime    Last Run
------------------------------  -----  ---------  --------  ----------  --------------  -------------------
/opt/airflow/dags/first_dag.py                           1           0  0.18s           2025-11-09T16:16:42
/opt/airflow/dags/connect.py                             0           1  0.15s           2025-11-09T16:16:55
================================================================================
[2025-11-09T16:17:40.469+0000] {manager.py:878} INFO - 
================================================================================
DAG File Processing Stats

File Path                       PID    Runtime      # DAGs    # Errors  Last Runtime    Last Run
------------------------------  -----  ---------  --------  ----------  --------------  -------------------
/opt/airflow/dags/first_dag.py                           1           0  0.19s           2025-11-09T16:17:12
/opt/airflow/dags/connect.py                             0           1  0.08s           2025-11-09T16:17:25
================================================================================
[2025-11-09T16:18:10.706+0000] {manager.py:878} INFO - 
================================================================================
DAG File Processing Stats

File Path                       PID    Runtime      # DAGs    # Errors  Last Runtime    Last Run
------------------------------  -----  ---------  --------  ----------  --------------  -------------------
/opt/airflow/dags/first_dag.py                           1           0  0.27s           2025-11-09T16:17:42
/opt/airflow/dags/connect.py                             0           1  0.15s           2025-11-09T16:17:55
================================================================================
[2025-11-09T16:18:41.068+0000] {manager.py:878} INFO - 
================================================================================
DAG File Processing Stats

File Path                       PID    Runtime      # DAGs    # Errors  Last Runtime    Last Run
------------------------------  -----  ---------  --------  ----------  --------------  -------------------
/opt/airflow/dags/first_dag.py                           1           0  0.21s           2025-11-09T16:18:13
/opt/airflow/dags/connect.py                             0           1  0.15s           2025-11-09T16:18:26
================================================================================
[2025-11-09T16:19:01.354+0000] {manager.py:737} INFO - Searching for files in /opt/airflow/dags
[2025-11-09T16:19:01.365+0000] {manager.py:740} INFO - There are 2 files in /opt/airflow/dags
[2025-11-09T16:19:11.459+0000] {manager.py:878} INFO - 
================================================================================
DAG File Processing Stats

File Path                       PID    Runtime      # DAGs    # Errors  Last Runtime    Last Run
------------------------------  -----  ---------  --------  ----------  --------------  -------------------
/opt/airflow/dags/first_dag.py                           1           0  0.18s           2025-11-09T16:18:43
/opt/airflow/dags/connect.py                             0           1  0.15s           2025-11-09T16:18:56
================================================================================
[2025-11-09T16:19:42.043+0000] {manager.py:878} INFO - 
================================================================================
DAG File Processing Stats

File Path                       PID    Runtime      # DAGs    # Errors  Last Runtime    Last Run
------------------------------  -----  ---------  --------  ----------  --------------  -------------------
/opt/airflow/dags/connect.py                             0           1  0.27s           2025-11-09T16:19:26
/opt/airflow/dags/first_dag.py                           1           0  0.24s           2025-11-09T16:19:13
================================================================================
[2025-11-09T16:20:12.336+0000] {manager.py:878} INFO - 
================================================================================
DAG File Processing Stats

File Path                       PID    Runtime      # DAGs    # Errors  Last Runtime    Last Run
------------------------------  -----  ---------  --------  ----------  --------------  -------------------
/opt/airflow/dags/first_dag.py                           1           0  0.29s           2025-11-09T16:19:44
/opt/airflow/dags/connect.py                             0           1  0.13s           2025-11-09T16:19:57
================================================================================
[2025-11-09T16:20:42.669+0000] {manager.py:878} INFO - 
================================================================================
DAG File Processing Stats

File Path                       PID    Runtime      # DAGs    # Errors  Last Runtime    Last Run
------------------------------  -----  ---------  --------  ----------  --------------  -------------------
/opt/airflow/dags/first_dag.py                           1           0  0.19s           2025-11-09T16:20:14
/opt/airflow/dags/connect.py                             0           1  0.08s           2025-11-09T16:20:27
================================================================================
[2025-11-09T16:21:13.129+0000] {manager.py:878} INFO - 
================================================================================
DAG File Processing Stats

File Path                       PID    Runtime      # DAGs    # Errors  Last Runtime    Last Run
------------------------------  -----  ---------  --------  ----------  --------------  -------------------
/opt/airflow/dags/first_dag.py                           1           0  0.36s           2025-11-09T16:20:45
/opt/airflow/dags/connect.py                             0           1  0.15s           2025-11-09T16:20:58
================================================================================
[2025-11-09T16:21:43.463+0000] {manager.py:878} INFO - 
================================================================================
DAG File Processing Stats

File Path                       PID    Runtime      # DAGs    # Errors  Last Runtime    Last Run
------------------------------  -----  ---------  --------  ----------  --------------  -------------------
/opt/airflow/dags/first_dag.py                           1           0  0.28s           2025-11-09T16:21:15
/opt/airflow/dags/connect.py                             0           1  0.15s           2025-11-09T16:21:28
================================================================================
[2025-11-09T16:22:13.969+0000] {manager.py:878} INFO - 
================================================================================
DAG File Processing Stats

File Path                       PID    Runtime      # DAGs    # Errors  Last Runtime    Last Run
------------------------------  -----  ---------  --------  ----------  --------------  -------------------
/opt/airflow/dags/first_dag.py                           1           0  0.21s           2025-11-09T16:21:45
/opt/airflow/dags/connect.py                             0           1  0.12s           2025-11-09T16:21:58
================================================================================
[2025-11-09T16:22:44.273+0000] {manager.py:878} INFO - 
================================================================================
DAG File Processing Stats

File Path                       PID    Runtime      # DAGs    # Errors  Last Runtime    Last Run
------------------------------  -----  ---------  --------  ----------  --------------  -------------------
/opt/airflow/dags/first_dag.py                           1           0  0.28s           2025-11-09T16:22:16
/opt/airflow/dags/connect.py                             0           1  0.08s           2025-11-09T16:22:29
================================================================================
[2025-11-09T16:23:14.613+0000] {manager.py:878} INFO - 
================================================================================
DAG File Processing Stats

File Path                       PID    Runtime      # DAGs    # Errors  Last Runtime    Last Run
------------------------------  -----  ---------  --------  ----------  --------------  -------------------
/opt/airflow/dags/first_dag.py                           1           0  0.28s           2025-11-09T16:22:46
/opt/airflow/dags/connect.py                             0           1  0.14s           2025-11-09T16:22:59
================================================================================
[2025-11-09T16:23:45.096+0000] {manager.py:878} INFO - 
================================================================================
DAG File Processing Stats

File Path                       PID    Runtime      # DAGs    # Errors  Last Runtime    Last Run
------------------------------  -----  ---------  --------  ----------  --------------  -------------------
/opt/airflow/dags/first_dag.py                           1           0  0.21s           2025-11-09T16:23:16
/opt/airflow/dags/connect.py                             0           1  0.12s           2025-11-09T16:23:30
================================================================================
[2025-11-09T16:24:01.404+0000] {manager.py:737} INFO - Searching for files in /opt/airflow/dags
[2025-11-09T16:24:01.421+0000] {manager.py:740} INFO - There are 2 files in /opt/airflow/dags
[2025-11-09T16:24:15.398+0000] {manager.py:878} INFO - 
================================================================================
DAG File Processing Stats

File Path                       PID    Runtime      # DAGs    # Errors  Last Runtime    Last Run
------------------------------  -----  ---------  --------  ----------  --------------  -------------------
/opt/airflow/dags/first_dag.py                           1           0  0.28s           2025-11-09T16:23:47
/opt/airflow/dags/connect.py                             0           1  0.12s           2025-11-09T16:24:00
================================================================================
[2025-11-09T16:24:45.766+0000] {manager.py:878} INFO - 
================================================================================
DAG File Processing Stats

File Path                       PID    Runtime      # DAGs    # Errors  Last Runtime    Last Run
------------------------------  -----  ---------  --------  ----------  --------------  -------------------
/opt/airflow/dags/first_dag.py                           1           0  0.26s           2025-11-09T16:24:17
/opt/airflow/dags/connect.py                             0           1  0.08s           2025-11-09T16:24:30
================================================================================
[2025-11-09T16:25:16.072+0000] {manager.py:878} INFO - 
================================================================================
DAG File Processing Stats

File Path                       PID    Runtime      # DAGs    # Errors  Last Runtime    Last Run
------------------------------  -----  ---------  --------  ----------  --------------  -------------------
/opt/airflow/dags/first_dag.py                           1           0  0.20s           2025-11-09T16:24:47
/opt/airflow/dags/connect.py                             0           1  0.10s           2025-11-09T16:25:01
================================================================================
[2025-11-09T16:25:46.447+0000] {manager.py:878} INFO - 
================================================================================
DAG File Processing Stats

File Path                       PID    Runtime      # DAGs    # Errors  Last Runtime    Last Run
------------------------------  -----  ---------  --------  ----------  --------------  -------------------
/opt/airflow/dags/first_dag.py                           1           0  0.27s           2025-11-09T16:25:18
/opt/airflow/dags/connect.py                             0           1  0.09s           2025-11-09T16:25:31
================================================================================
[2025-11-09T16:26:16.925+0000] {manager.py:878} INFO - 
================================================================================
DAG File Processing Stats

File Path                       PID    Runtime      # DAGs    # Errors  Last Runtime    Last Run
------------------------------  -----  ---------  --------  ----------  --------------  -------------------
/opt/airflow/dags/first_dag.py                           1           0  0.25s           2025-11-09T16:25:48
/opt/airflow/dags/connect.py                             0           1  0.15s           2025-11-09T16:26:01
================================================================================
[2025-11-09T16:26:47.196+0000] {manager.py:878} INFO - 
================================================================================
DAG File Processing Stats

File Path                       PID    Runtime      # DAGs    # Errors  Last Runtime    Last Run
------------------------------  -----  ---------  --------  ----------  --------------  -------------------
/opt/airflow/dags/first_dag.py                           1           0  0.33s           2025-11-09T16:26:19
/opt/airflow/dags/connect.py                             0           1  0.09s           2025-11-09T16:26:32
================================================================================
[2025-11-09T16:27:17.498+0000] {manager.py:878} INFO - 
================================================================================
DAG File Processing Stats

File Path                       PID    Runtime      # DAGs    # Errors  Last Runtime    Last Run
------------------------------  -----  ---------  --------  ----------  --------------  -------------------
/opt/airflow/dags/first_dag.py                           1           0  0.19s           2025-11-09T16:26:49
/opt/airflow/dags/connect.py                             0           1  0.09s           2025-11-09T16:27:02
================================================================================
[2025-11-09T16:27:47.974+0000] {manager.py:878} INFO - 
================================================================================
DAG File Processing Stats

File Path                       PID    Runtime      # DAGs    # Errors  Last Runtime    Last Run
------------------------------  -----  ---------  --------  ----------  --------------  -------------------
/opt/airflow/dags/first_dag.py                           1           0  0.23s           2025-11-09T16:27:19
/opt/airflow/dags/connect.py                             0           1  0.14s           2025-11-09T16:27:32
================================================================================
[2025-11-09T16:28:18.311+0000] {manager.py:878} INFO - 
================================================================================
DAG File Processing Stats

File Path                       PID    Runtime      # DAGs    # Errors  Last Runtime    Last Run
------------------------------  -----  ---------  --------  ----------  --------------  -------------------
/opt/airflow/dags/first_dag.py                           1           0  0.20s           2025-11-09T16:27:50
/opt/airflow/dags/connect.py                             0           1  0.10s           2025-11-09T16:28:03
================================================================================
[2025-11-09T16:28:48.629+0000] {manager.py:878} INFO - 
================================================================================
DAG File Processing Stats

File Path                       PID    Runtime      # DAGs    # Errors  Last Runtime    Last Run
------------------------------  -----  ---------  --------  ----------  --------------  -------------------
/opt/airflow/dags/first_dag.py                           1           0  0.21s           2025-11-09T16:28:20
/opt/airflow/dags/connect.py                             0           1  0.09s           2025-11-09T16:28:33
================================================================================
[2025-11-09T16:29:01.813+0000] {manager.py:737} INFO - Searching for files in /opt/airflow/dags
[2025-11-09T16:29:01.829+0000] {manager.py:740} INFO - There are 2 files in /opt/airflow/dags
[2025-11-09T16:29:19.189+0000] {manager.py:878} INFO - 
================================================================================
DAG File Processing Stats

File Path                       PID    Runtime      # DAGs    # Errors  Last Runtime    Last Run
------------------------------  -----  ---------  --------  ----------  --------------  -------------------
/opt/airflow/dags/first_dag.py                           1           0  0.26s           2025-11-09T16:28:50
/opt/airflow/dags/connect.py                             0           1  0.15s           2025-11-09T16:29:04
================================================================================
[2025-11-09T16:29:49.474+0000] {manager.py:878} INFO - 
================================================================================
DAG File Processing Stats

File Path                       PID    Runtime      # DAGs    # Errors  Last Runtime    Last Run
------------------------------  -----  ---------  --------  ----------  --------------  -------------------
/opt/airflow/dags/first_dag.py                           1           0  0.21s           2025-11-09T16:29:21
/opt/airflow/dags/connect.py                             0           1  0.14s           2025-11-09T16:29:34
================================================================================
[2025-11-09T16:30:19.904+0000] {manager.py:878} INFO - 
================================================================================
DAG File Processing Stats

File Path                       PID    Runtime      # DAGs    # Errors  Last Runtime    Last Run
------------------------------  -----  ---------  --------  ----------  --------------  -------------------
/opt/airflow/dags/first_dag.py                           1           0  0.19s           2025-11-09T16:29:51
/opt/airflow/dags/connect.py                             0           1  0.09s           2025-11-09T16:30:04
================================================================================
[2025-11-09T16:30:50.157+0000] {manager.py:878} INFO - 
================================================================================
DAG File Processing Stats

File Path                       PID    Runtime      # DAGs    # Errors  Last Runtime    Last Run
------------------------------  -----  ---------  --------  ----------  --------------  -------------------
/opt/airflow/dags/first_dag.py                           1           0  0.25s           2025-11-09T16:30:22
/opt/airflow/dags/connect.py                             0           1  0.14s           2025-11-09T16:30:35
================================================================================
[2025-11-09T16:31:20.764+0000] {manager.py:878} INFO - 
================================================================================
DAG File Processing Stats

File Path                       PID    Runtime      # DAGs    # Errors  Last Runtime    Last Run
------------------------------  -----  ---------  --------  ----------  --------------  -------------------
/opt/airflow/dags/connect.py                             0           1  0.19s           2025-11-09T16:31:05
/opt/airflow/dags/first_dag.py                           1           0  0.18s           2025-11-09T16:30:52
================================================================================
[2025-11-09T16:31:51.032+0000] {manager.py:878} INFO - 
================================================================================
DAG File Processing Stats

File Path                       PID    Runtime      # DAGs    # Errors  Last Runtime    Last Run
------------------------------  -----  ---------  --------  ----------  --------------  -------------------
/opt/airflow/dags/first_dag.py                           1           0  0.20s           2025-11-09T16:31:22
/opt/airflow/dags/connect.py                             0           1  0.10s           2025-11-09T16:31:36
================================================================================
[2025-11-09T16:32:21.387+0000] {manager.py:878} INFO - 
================================================================================
DAG File Processing Stats

File Path                       PID    Runtime      # DAGs    # Errors  Last Runtime    Last Run
------------------------------  -----  ---------  --------  ----------  --------------  -------------------
/opt/airflow/dags/first_dag.py                           1           0  0.23s           2025-11-09T16:31:53
/opt/airflow/dags/connect.py                             0           1  0.12s           2025-11-09T16:32:06
================================================================================
[2025-11-09T16:32:51.851+0000] {manager.py:878} INFO - 
================================================================================
DAG File Processing Stats

File Path                       PID    Runtime      # DAGs    # Errors  Last Runtime    Last Run
------------------------------  -----  ---------  --------  ----------  --------------  -------------------
/opt/airflow/dags/first_dag.py                           1           0  0.22s           2025-11-09T16:32:23
/opt/airflow/dags/connect.py                             0           1  0.14s           2025-11-09T16:32:36
================================================================================
[2025-11-09T16:33:22.168+0000] {manager.py:878} INFO - 
================================================================================
DAG File Processing Stats

File Path                       PID    Runtime      # DAGs    # Errors  Last Runtime    Last Run
------------------------------  -----  ---------  --------  ----------  --------------  -------------------
/opt/airflow/dags/first_dag.py                           1           0  0.19s           2025-11-09T16:32:54
/opt/airflow/dags/connect.py                             0           1  0.10s           2025-11-09T16:33:07
================================================================================
[2025-11-09T16:33:52.683+0000] {manager.py:878} INFO - 
================================================================================
DAG File Processing Stats

File Path                       PID    Runtime      # DAGs    # Errors  Last Runtime    Last Run
------------------------------  -----  ---------  --------  ----------  --------------  -------------------
/opt/airflow/dags/first_dag.py                           1           0  0.25s           2025-11-09T16:33:24
/opt/airflow/dags/connect.py                             0           1  0.14s           2025-11-09T16:33:37
================================================================================
[2025-11-09T16:34:01.981+0000] {manager.py:737} INFO - Searching for files in /opt/airflow/dags
[2025-11-09T16:34:01.997+0000] {manager.py:740} INFO - There are 2 files in /opt/airflow/dags
[2025-11-09T16:34:22.954+0000] {manager.py:878} INFO - 
================================================================================
DAG File Processing Stats

File Path                       PID    Runtime      # DAGs    # Errors  Last Runtime    Last Run
------------------------------  -----  ---------  --------  ----------  --------------  -------------------
/opt/airflow/dags/first_dag.py                           1           0  0.19s           2025-11-09T16:33:54
/opt/airflow/dags/connect.py                             0           1  0.11s           2025-11-09T16:34:07
================================================================================
[2025-11-09T16:34:53.412+0000] {manager.py:878} INFO - 
================================================================================
DAG File Processing Stats

File Path                       PID    Runtime      # DAGs    # Errors  Last Runtime    Last Run
------------------------------  -----  ---------  --------  ----------  --------------  -------------------
/opt/airflow/dags/first_dag.py                           1           0  0.21s           2025-11-09T16:34:25
/opt/airflow/dags/connect.py                             0           1  0.13s           2025-11-09T16:34:38
================================================================================
[2025-11-09T16:35:23.739+0000] {manager.py:878} INFO - 
================================================================================
DAG File Processing Stats

File Path                       PID    Runtime      # DAGs    # Errors  Last Runtime    Last Run
------------------------------  -----  ---------  --------  ----------  --------------  -------------------
/opt/airflow/dags/first_dag.py                           1           0  0.28s           2025-11-09T16:34:55
/opt/airflow/dags/connect.py                             0           1  0.12s           2025-11-09T16:35:08
================================================================================
[2025-11-09T16:35:54.233+0000] {manager.py:878} INFO - 
================================================================================
DAG File Processing Stats

File Path                       PID    Runtime      # DAGs    # Errors  Last Runtime    Last Run
------------------------------  -----  ---------  --------  ----------  --------------  -------------------
/opt/airflow/dags/first_dag.py                           1           0  0.19s           2025-11-09T16:35:25
/opt/airflow/dags/connect.py                             0           1  0.16s           2025-11-09T16:35:39
================================================================================
[2025-11-09T16:36:24.492+0000] {manager.py:878} INFO - 
================================================================================
DAG File Processing Stats

File Path                       PID    Runtime      # DAGs    # Errors  Last Runtime    Last Run
------------------------------  -----  ---------  --------  ----------  --------------  -------------------
/opt/airflow/dags/first_dag.py                           1           0  0.19s           2025-11-09T16:35:56
/opt/airflow/dags/connect.py                             0           1  0.08s           2025-11-09T16:36:09
================================================================================
[2025-11-09T16:36:54.794+0000] {manager.py:878} INFO - 
================================================================================
DAG File Processing Stats

File Path                       PID    Runtime      # DAGs    # Errors  Last Runtime    Last Run
------------------------------  -----  ---------  --------  ----------  --------------  -------------------
/opt/airflow/dags/first_dag.py                           1           0  0.29s           2025-11-09T16:36:26
/opt/airflow/dags/connect.py                             0           1  0.10s           2025-11-09T16:36:39
================================================================================
[2025-11-09T16:37:25.138+0000] {manager.py:878} INFO - 
================================================================================
DAG File Processing Stats

File Path                       PID    Runtime      # DAGs    # Errors  Last Runtime    Last Run
------------------------------  -----  ---------  --------  ----------  --------------  -------------------
/opt/airflow/dags/first_dag.py                           1           0  0.24s           2025-11-09T16:36:57
/opt/airflow/dags/connect.py                             0           1  0.15s           2025-11-09T16:37:10
================================================================================
[2025-11-09T16:37:55.531+0000] {manager.py:878} INFO - 
================================================================================
DAG File Processing Stats

File Path                       PID    Runtime      # DAGs    # Errors  Last Runtime    Last Run
------------------------------  -----  ---------  --------  ----------  --------------  -------------------
/opt/airflow/dags/first_dag.py                           1           0  0.20s           2025-11-09T16:37:27
/opt/airflow/dags/connect.py                             0           1  0.08s           2025-11-09T16:37:40
================================================================================
[2025-11-09T16:38:25.797+0000] {manager.py:878} INFO - 
================================================================================
DAG File Processing Stats

File Path                       PID    Runtime      # DAGs    # Errors  Last Runtime    Last Run
------------------------------  -----  ---------  --------  ----------  --------------  -------------------
/opt/airflow/dags/first_dag.py                           1           0  0.22s           2025-11-09T16:37:57
/opt/airflow/dags/connect.py                             0           1  0.17s           2025-11-09T16:38:10
================================================================================
[2025-11-09T16:38:56.275+0000] {manager.py:878} INFO - 
================================================================================
DAG File Processing Stats

File Path                       PID    Runtime      # DAGs    # Errors  Last Runtime    Last Run
------------------------------  -----  ---------  --------  ----------  --------------  -------------------
/opt/airflow/dags/first_dag.py                           1           0  0.24s           2025-11-09T16:38:28
/opt/airflow/dags/connect.py                             0           1  0.15s           2025-11-09T16:38:41
================================================================================
[2025-11-09T16:39:02.383+0000] {manager.py:737} INFO - Searching for files in /opt/airflow/dags
[2025-11-09T16:39:02.392+0000] {manager.py:740} INFO - There are 2 files in /opt/airflow/dags
[2025-11-09T16:39:26.669+0000] {manager.py:878} INFO - 
================================================================================
DAG File Processing Stats

File Path                       PID    Runtime      # DAGs    # Errors  Last Runtime    Last Run
------------------------------  -----  ---------  --------  ----------  --------------  -------------------
/opt/airflow/dags/first_dag.py                           1           0  0.18s           2025-11-09T16:38:58
/opt/airflow/dags/connect.py                             0           1  0.09s           2025-11-09T16:39:11
================================================================================
[2025-11-09T16:39:56.964+0000] {manager.py:878} INFO - 
================================================================================
DAG File Processing Stats

File Path                       PID    Runtime      # DAGs    # Errors  Last Runtime    Last Run
------------------------------  -----  ---------  --------  ----------  --------------  -------------------
/opt/airflow/dags/first_dag.py                           1           0  0.24s           2025-11-09T16:39:28
/opt/airflow/dags/connect.py                             0           1  0.16s           2025-11-09T16:39:42
================================================================================
[2025-11-09T16:40:27.355+0000] {manager.py:878} INFO - 
================================================================================
DAG File Processing Stats

File Path                       PID    Runtime      # DAGs    # Errors  Last Runtime    Last Run
------------------------------  -----  ---------  --------  ----------  --------------  -------------------
/opt/airflow/dags/first_dag.py                           1           0  0.33s           2025-11-09T16:39:59
/opt/airflow/dags/connect.py                             0           1  0.16s           2025-11-09T16:40:12
================================================================================
[2025-11-09T16:40:57.770+0000] {manager.py:878} INFO - 
================================================================================
DAG File Processing Stats

File Path                       PID    Runtime      # DAGs    # Errors  Last Runtime    Last Run
------------------------------  -----  ---------  --------  ----------  --------------  -------------------
/opt/airflow/dags/first_dag.py                           1           0  0.20s           2025-11-09T16:40:29
/opt/airflow/dags/connect.py                             0           1  0.09s           2025-11-09T16:40:42
================================================================================
[2025-11-09T16:41:28.044+0000] {manager.py:878} INFO - 
================================================================================
DAG File Processing Stats

File Path                       PID    Runtime      # DAGs    # Errors  Last Runtime    Last Run
------------------------------  -----  ---------  --------  ----------  --------------  -------------------
/opt/airflow/dags/first_dag.py                           1           0  0.29s           2025-11-09T16:41:00
/opt/airflow/dags/connect.py                             0           1  0.13s           2025-11-09T16:41:13
================================================================================
[2025-11-09T16:41:58.461+0000] {manager.py:878} INFO - 
================================================================================
DAG File Processing Stats

File Path                       PID    Runtime      # DAGs    # Errors  Last Runtime    Last Run
------------------------------  -----  ---------  --------  ----------  --------------  -------------------
/opt/airflow/dags/first_dag.py                           1           0  0.28s           2025-11-09T16:41:30
/opt/airflow/dags/connect.py                             0           1  0.13s           2025-11-09T16:41:43
================================================================================
[2025-11-09T16:42:28.745+0000] {manager.py:878} INFO - 
================================================================================
DAG File Processing Stats

File Path                       PID    Runtime      # DAGs    # Errors  Last Runtime    Last Run
------------------------------  -----  ---------  --------  ----------  --------------  -------------------
/opt/airflow/dags/first_dag.py                           1           0  0.20s           2025-11-09T16:42:00
/opt/airflow/dags/connect.py                             0           1  0.06s           2025-11-09T16:42:13
================================================================================
[2025-11-09T16:42:58.965+0000] {manager.py:878} INFO - 
================================================================================
DAG File Processing Stats

File Path                       PID    Runtime      # DAGs    # Errors  Last Runtime    Last Run
------------------------------  -----  ---------  --------  ----------  --------------  -------------------
/opt/airflow/dags/first_dag.py                           1           0  0.20s           2025-11-09T16:42:31
/opt/airflow/dags/connect.py                             0           1  0.10s           2025-11-09T16:42:43
================================================================================
[2025-11-09T16:43:29.262+0000] {manager.py:878} INFO - 
================================================================================
DAG File Processing Stats

File Path                       PID    Runtime      # DAGs    # Errors  Last Runtime    Last Run
------------------------------  -----  ---------  --------  ----------  --------------  -------------------
/opt/airflow/dags/first_dag.py                           1           0  0.17s           2025-11-09T16:43:01
/opt/airflow/dags/connect.py                             0           1  0.11s           2025-11-09T16:43:14
================================================================================
[2025-11-09T16:43:59.548+0000] {manager.py:878} INFO - 
================================================================================
DAG File Processing Stats

File Path                       PID    Runtime      # DAGs    # Errors  Last Runtime    Last Run
------------------------------  -----  ---------  --------  ----------  --------------  -------------------
/opt/airflow/dags/first_dag.py                           1           0  0.14s           2025-11-09T16:43:31
/opt/airflow/dags/connect.py                             0           1  0.06s           2025-11-09T16:43:44
================================================================================
[2025-11-09T16:44:02.578+0000] {manager.py:737} INFO - Searching for files in /opt/airflow/dags
[2025-11-09T16:44:02.587+0000] {manager.py:740} INFO - There are 2 files in /opt/airflow/dags
[2025-11-09T16:44:29.751+0000] {manager.py:878} INFO - 
================================================================================
DAG File Processing Stats

File Path                       PID    Runtime      # DAGs    # Errors  Last Runtime    Last Run
------------------------------  -----  ---------  --------  ----------  --------------  -------------------
/opt/airflow/dags/first_dag.py                           1           0  0.19s           2025-11-09T16:44:01
/opt/airflow/dags/connect.py                             0           1  0.05s           2025-11-09T16:44:14
================================================================================
[2025-11-09T16:44:59.953+0000] {manager.py:878} INFO - 
================================================================================
DAG File Processing Stats

File Path                       PID    Runtime      # DAGs    # Errors  Last Runtime    Last Run
------------------------------  -----  ---------  --------  ----------  --------------  -------------------
/opt/airflow/dags/first_dag.py                           1           0  0.16s           2025-11-09T16:44:31
/opt/airflow/dags/connect.py                             0           1  0.10s           2025-11-09T16:44:44
================================================================================
[2025-11-09T16:45:30.314+0000] {manager.py:878} INFO - 
================================================================================
DAG File Processing Stats

File Path                       PID    Runtime      # DAGs    # Errors  Last Runtime    Last Run
------------------------------  -----  ---------  --------  ----------  --------------  -------------------
/opt/airflow/dags/first_dag.py                           1           0  0.18s           2025-11-09T16:45:02
/opt/airflow/dags/connect.py                             0           1  0.12s           2025-11-09T16:45:15
================================================================================
[2025-11-09T16:46:00.518+0000] {manager.py:878} INFO - 
================================================================================
DAG File Processing Stats

File Path                       PID    Runtime      # DAGs    # Errors  Last Runtime    Last Run
------------------------------  -----  ---------  --------  ----------  --------------  -------------------
/opt/airflow/dags/first_dag.py                           1           0  0.14s           2025-11-09T16:45:32
/opt/airflow/dags/connect.py                             0           1  0.06s           2025-11-09T16:45:45
================================================================================
[2025-11-09T16:46:30.729+0000] {manager.py:878} INFO - 
================================================================================
DAG File Processing Stats

File Path                       PID    Runtime      # DAGs    # Errors  Last Runtime    Last Run
------------------------------  -----  ---------  --------  ----------  --------------  -------------------
/opt/airflow/dags/first_dag.py                           1           0  0.15s           2025-11-09T16:46:02
/opt/airflow/dags/connect.py                             0           1  0.09s           2025-11-09T16:46:15
================================================================================
[2025-11-09T16:47:01.029+0000] {manager.py:878} INFO - 
================================================================================
DAG File Processing Stats

File Path                       PID    Runtime      # DAGs    # Errors  Last Runtime    Last Run
------------------------------  -----  ---------  --------  ----------  --------------  -------------------
/opt/airflow/dags/first_dag.py                           1           0  0.14s           2025-11-09T16:46:32
/opt/airflow/dags/connect.py                             0           1  0.09s           2025-11-09T16:46:45
================================================================================
[2025-11-09T16:47:31.220+0000] {manager.py:878} INFO - 
================================================================================
DAG File Processing Stats

File Path                       PID    Runtime      # DAGs    # Errors  Last Runtime    Last Run
------------------------------  -----  ---------  --------  ----------  --------------  -------------------
/opt/airflow/dags/first_dag.py                           1           0  0.20s           2025-11-09T16:47:03
/opt/airflow/dags/connect.py                             0           1  0.06s           2025-11-09T16:47:16
================================================================================
[2025-11-09T16:48:01.435+0000] {manager.py:878} INFO - 
================================================================================
DAG File Processing Stats

File Path                       PID    Runtime      # DAGs    # Errors  Last Runtime    Last Run
------------------------------  -----  ---------  --------  ----------  --------------  -------------------
/opt/airflow/dags/first_dag.py                           1           0  0.19s           2025-11-09T16:47:33
/opt/airflow/dags/connect.py                             0           1  0.08s           2025-11-09T16:47:46
================================================================================
[2025-11-09T16:48:31.691+0000] {manager.py:878} INFO - 
================================================================================
DAG File Processing Stats

File Path                       PID    Runtime      # DAGs    # Errors  Last Runtime    Last Run
------------------------------  -----  ---------  --------  ----------  --------------  -------------------
/opt/airflow/dags/first_dag.py                           1           0  0.15s           2025-11-09T16:48:03
/opt/airflow/dags/connect.py                             0           1  0.10s           2025-11-09T16:48:16
================================================================================
[2025-11-09T16:49:01.961+0000] {manager.py:878} INFO - 
================================================================================
DAG File Processing Stats

File Path                       PID    Runtime      # DAGs    # Errors  Last Runtime    Last Run
------------------------------  -----  ---------  --------  ----------  --------------  -------------------
/opt/airflow/dags/first_dag.py                           1           0  0.12s           2025-11-09T16:48:33
/opt/airflow/dags/connect.py                             0           1  0.06s           2025-11-09T16:48:46
================================================================================
[2025-11-09T16:49:02.967+0000] {manager.py:737} INFO - Searching for files in /opt/airflow/dags
[2025-11-09T16:49:02.976+0000] {manager.py:740} INFO - There are 2 files in /opt/airflow/dags
[2025-11-09T16:49:32.167+0000] {manager.py:878} INFO - 
================================================================================
DAG File Processing Stats

File Path                       PID    Runtime      # DAGs    # Errors  Last Runtime    Last Run
------------------------------  -----  ---------  --------  ----------  --------------  -------------------
/opt/airflow/dags/first_dag.py                           1           0  0.20s           2025-11-09T16:49:04
/opt/airflow/dags/connect.py                             0           1  0.10s           2025-11-09T16:49:17
================================================================================
[2025-11-09T16:50:02.421+0000] {manager.py:878} INFO - 
================================================================================
DAG File Processing Stats

File Path                       PID    Runtime      # DAGs    # Errors  Last Runtime    Last Run
------------------------------  -----  ---------  --------  ----------  --------------  -------------------
/opt/airflow/dags/first_dag.py                           1           0  0.18s           2025-11-09T16:49:34
/opt/airflow/dags/connect.py                             0           1  0.10s           2025-11-09T16:49:47
================================================================================
[2025-11-09T16:50:32.675+0000] {manager.py:878} INFO - 
================================================================================
DAG File Processing Stats

File Path                       PID    Runtime      # DAGs    # Errors  Last Runtime    Last Run
------------------------------  -----  ---------  --------  ----------  --------------  -------------------
/opt/airflow/dags/first_dag.py                           1           0  0.17s           2025-11-09T16:50:04
/opt/airflow/dags/connect.py                             0           1  0.06s           2025-11-09T16:50:17
================================================================================
[2025-11-09T16:51:02.902+0000] {manager.py:878} INFO - 
================================================================================
DAG File Processing Stats

File Path                       PID    Runtime      # DAGs    # Errors  Last Runtime    Last Run
------------------------------  -----  ---------  --------  ----------  --------------  -------------------
/opt/airflow/dags/first_dag.py                           1           0  0.13s           2025-11-09T16:50:34
/opt/airflow/dags/connect.py                             0           1  0.05s           2025-11-09T16:50:47
================================================================================
[2025-11-09T16:51:33.096+0000] {manager.py:878} INFO - 
================================================================================
DAG File Processing Stats

File Path                       PID    Runtime      # DAGs    # Errors  Last Runtime    Last Run
------------------------------  -----  ---------  --------  ----------  --------------  -------------------
/opt/airflow/dags/first_dag.py                           1           0  0.19s           2025-11-09T16:51:05
/opt/airflow/dags/connect.py                             0           1  0.10s           2025-11-09T16:51:18
================================================================================
[2025-11-09T16:52:03.398+0000] {manager.py:878} INFO - 
================================================================================
DAG File Processing Stats

File Path                       PID    Runtime      # DAGs    # Errors  Last Runtime    Last Run
------------------------------  -----  ---------  --------  ----------  --------------  -------------------
/opt/airflow/dags/first_dag.py                           1           0  0.13s           2025-11-09T16:51:35
/opt/airflow/dags/connect.py                             0           1  0.06s           2025-11-09T16:51:48
================================================================================
[2025-11-09T16:52:33.584+0000] {manager.py:878} INFO - 
================================================================================
DAG File Processing Stats

File Path                       PID    Runtime      # DAGs    # Errors  Last Runtime    Last Run
------------------------------  -----  ---------  --------  ----------  --------------  -------------------
/opt/airflow/dags/first_dag.py                           1           0  0.14s           2025-11-09T16:52:05
/opt/airflow/dags/connect.py                             0           1  0.05s           2025-11-09T16:52:18
================================================================================
[2025-11-09T16:53:03.782+0000] {manager.py:878} INFO - 
================================================================================
DAG File Processing Stats

File Path                       PID    Runtime      # DAGs    # Errors  Last Runtime    Last Run
------------------------------  -----  ---------  --------  ----------  --------------  -------------------
/opt/airflow/dags/first_dag.py                           1           0  0.17s           2025-11-09T16:52:35
/opt/airflow/dags/connect.py                             0           1  0.10s           2025-11-09T16:52:48
================================================================================
[2025-11-09T16:53:34.065+0000] {manager.py:878} INFO - 
================================================================================
DAG File Processing Stats

File Path                       PID    Runtime      # DAGs    # Errors  Last Runtime    Last Run
------------------------------  -----  ---------  --------  ----------  --------------  -------------------
/opt/airflow/dags/first_dag.py                           1           0  0.13s           2025-11-09T16:53:05
/opt/airflow/dags/connect.py                             0           1  0.10s           2025-11-09T16:53:19
================================================================================
[2025-11-09T16:54:03.258+0000] {manager.py:737} INFO - Searching for files in /opt/airflow/dags
[2025-11-09T16:54:03.269+0000] {manager.py:740} INFO - There are 2 files in /opt/airflow/dags
[2025-11-09T16:54:04.299+0000] {manager.py:878} INFO - 
================================================================================
DAG File Processing Stats

File Path                       PID    Runtime      # DAGs    # Errors  Last Runtime    Last Run
------------------------------  -----  ---------  --------  ----------  --------------  -------------------
/opt/airflow/dags/first_dag.py                           1           0  0.12s           2025-11-09T16:53:36
/opt/airflow/dags/connect.py                             0           1  0.05s           2025-11-09T16:53:49
================================================================================
[2025-11-09T16:54:34.491+0000] {manager.py:878} INFO - 
================================================================================
DAG File Processing Stats

File Path                       PID    Runtime      # DAGs    # Errors  Last Runtime    Last Run
------------------------------  -----  ---------  --------  ----------  --------------  -------------------
/opt/airflow/dags/first_dag.py                           1           0  0.16s           2025-11-09T16:54:06
/opt/airflow/dags/connect.py                             0           1  0.09s           2025-11-09T16:54:19
================================================================================
[2025-11-09T16:55:04.735+0000] {manager.py:878} INFO - 
================================================================================
DAG File Processing Stats

File Path                       PID    Runtime      # DAGs    # Errors  Last Runtime    Last Run
------------------------------  -----  ---------  --------  ----------  --------------  -------------------
/opt/airflow/dags/first_dag.py                           1           0  0.19s           2025-11-09T16:54:36
/opt/airflow/dags/connect.py                             0           1  0.10s           2025-11-09T16:54:49
================================================================================
[2025-11-09T16:55:34.981+0000] {manager.py:878} INFO - 
================================================================================
DAG File Processing Stats

File Path                       PID    Runtime      # DAGs    # Errors  Last Runtime    Last Run
------------------------------  -----  ---------  --------  ----------  --------------  -------------------
/opt/airflow/dags/first_dag.py                           1           0  0.17s           2025-11-09T16:55:06
/opt/airflow/dags/connect.py                             0           1  0.06s           2025-11-09T16:55:19
================================================================================
[2025-11-09T16:56:05.180+0000] {manager.py:878} INFO - 
================================================================================
DAG File Processing Stats

File Path                       PID    Runtime      # DAGs    # Errors  Last Runtime    Last Run
------------------------------  -----  ---------  --------  ----------  --------------  -------------------
/opt/airflow/dags/first_dag.py                           1           0  0.18s           2025-11-09T16:55:37
/opt/airflow/dags/connect.py                             0           1  0.09s           2025-11-09T16:55:50
================================================================================
[2025-11-14T18:10:59.814+0000] {manager.py:470} INFO - Processing files using up to 2 processes at a time 
[2025-11-14T18:10:59.815+0000] {manager.py:471} INFO - Process each file at most once every 30 seconds
[2025-11-14T18:10:59.816+0000] {manager.py:472} INFO - Checking for new files in /opt/airflow/dags every 300 seconds
[2025-11-14T18:10:59.816+0000] {manager.py:737} INFO - Searching for files in /opt/airflow/dags
[2025-11-14T18:10:59.820+0000] {manager.py:740} INFO - There are 2 files in /opt/airflow/dags
[2025-11-14T18:11:02.942+0000] {manager.py:878} INFO - 
================================================================================
DAG File Processing Stats

File Path                       PID    Runtime      # DAGs    # Errors  Last Runtime    Last Run
------------------------------  -----  ---------  --------  ----------  --------------  -------------------
/opt/airflow/dags/first_dag.py                           1           0  0.14s           2025-11-14T18:11:00
/opt/airflow/dags/connect.py                             0           1  0.08s           2025-11-14T18:10:59
================================================================================
[2025-11-14T18:11:33.163+0000] {manager.py:878} INFO - 
================================================================================
DAG File Processing Stats

File Path                       PID    Runtime      # DAGs    # Errors  Last Runtime    Last Run
------------------------------  -----  ---------  --------  ----------  --------------  -------------------
/opt/airflow/dags/first_dag.py                           1           0  0.16s           2025-11-14T18:11:30
/opt/airflow/dags/connect.py                             0           1  0.05s           2025-11-14T18:11:30
================================================================================
[2025-11-14T18:12:03.393+0000] {manager.py:878} INFO - 
================================================================================
DAG File Processing Stats

File Path                       PID    Runtime      # DAGs    # Errors  Last Runtime    Last Run
------------------------------  -----  ---------  --------  ----------  --------------  -------------------
/opt/airflow/dags/first_dag.py                           1           0  0.10s           2025-11-14T18:12:00
/opt/airflow/dags/connect.py                             0           1  0.06s           2025-11-14T18:12:00
================================================================================
[2025-11-14T18:12:33.615+0000] {manager.py:878} INFO - 
================================================================================
DAG File Processing Stats

File Path                       PID    Runtime      # DAGs    # Errors  Last Runtime    Last Run
------------------------------  -----  ---------  --------  ----------  --------------  -------------------
/opt/airflow/dags/first_dag.py                           1           0  0.13s           2025-11-14T18:12:30
/opt/airflow/dags/connect.py                             0           1  0.07s           2025-11-14T18:12:30
================================================================================
[2025-11-14T18:13:03.903+0000] {manager.py:878} INFO - 
================================================================================
DAG File Processing Stats

File Path                       PID    Runtime      # DAGs    # Errors  Last Runtime    Last Run
------------------------------  -----  ---------  --------  ----------  --------------  -------------------
/opt/airflow/dags/first_dag.py                           1           0  0.14s           2025-11-14T18:13:00
/opt/airflow/dags/connect.py                             0           1  0.09s           2025-11-14T18:13:00
================================================================================
[2025-11-14T18:13:34.178+0000] {manager.py:878} INFO - 
================================================================================
DAG File Processing Stats

File Path                       PID    Runtime      # DAGs    # Errors  Last Runtime    Last Run
------------------------------  -----  ---------  --------  ----------  --------------  -------------------
/opt/airflow/dags/first_dag.py                           1           0  0.12s           2025-11-14T18:13:31
/opt/airflow/dags/connect.py                             0           1  0.09s           2025-11-14T18:13:31
================================================================================
[2025-11-14T18:14:04.412+0000] {manager.py:878} INFO - 
================================================================================
DAG File Processing Stats

File Path                       PID    Runtime      # DAGs    # Errors  Last Runtime    Last Run
------------------------------  -----  ---------  --------  ----------  --------------  -------------------
/opt/airflow/dags/first_dag.py                           1           0  0.14s           2025-11-14T18:14:01
/opt/airflow/dags/connect.py                             0           1  0.06s           2025-11-14T18:14:01
================================================================================
[2025-11-14T18:14:34.659+0000] {manager.py:878} INFO - 
================================================================================
DAG File Processing Stats

File Path                       PID    Runtime      # DAGs    # Errors  Last Runtime    Last Run
------------------------------  -----  ---------  --------  ----------  --------------  -------------------
/opt/airflow/dags/first_dag.py                           1           0  0.12s           2025-11-14T18:14:31
/opt/airflow/dags/connect.py                             0           1  0.08s           2025-11-14T18:14:31
================================================================================
[2025-11-14T18:15:04.938+0000] {manager.py:878} INFO - 
================================================================================
DAG File Processing Stats

File Path                       PID    Runtime      # DAGs    # Errors  Last Runtime    Last Run
------------------------------  -----  ---------  --------  ----------  --------------  -------------------
/opt/airflow/dags/first_dag.py                           1           0  0.18s           2025-11-14T18:15:01
/opt/airflow/dags/connect.py                             0           1  0.11s           2025-11-14T18:15:01
================================================================================
[2025-11-14T18:15:35.201+0000] {manager.py:878} INFO - 
================================================================================
DAG File Processing Stats

File Path                       PID    Runtime      # DAGs    # Errors  Last Runtime    Last Run
------------------------------  -----  ---------  --------  ----------  --------------  -------------------
/opt/airflow/dags/first_dag.py                           1           0  0.13s           2025-11-14T18:15:32
/opt/airflow/dags/connect.py                             0           1  0.09s           2025-11-14T18:15:32
================================================================================
[2025-11-14T18:16:00.374+0000] {manager.py:737} INFO - Searching for files in /opt/airflow/dags
[2025-11-14T18:16:00.388+0000] {manager.py:740} INFO - There are 2 files in /opt/airflow/dags
[2025-11-14T18:16:05.439+0000] {manager.py:878} INFO - 
================================================================================
DAG File Processing Stats

File Path                       PID    Runtime      # DAGs    # Errors  Last Runtime    Last Run
------------------------------  -----  ---------  --------  ----------  --------------  -------------------
/opt/airflow/dags/connect.py                             1           0  0.20s           2025-11-14T18:15:59
/opt/airflow/dags/first_dag.py                           1           0  0.13s           2025-11-14T18:16:02
================================================================================
[2025-11-14T18:16:35.778+0000] {manager.py:878} INFO - 
================================================================================
DAG File Processing Stats

File Path                       PID    Runtime      # DAGs    # Errors  Last Runtime    Last Run
------------------------------  -----  ---------  --------  ----------  --------------  -------------------
/opt/airflow/dags/first_dag.py                           1           0  0.12s           2025-11-14T18:16:32
/opt/airflow/dags/connect.py                             1           0  0.12s           2025-11-14T18:16:29
================================================================================
[2025-11-14T18:17:06.095+0000] {manager.py:878} INFO - 
================================================================================
DAG File Processing Stats

File Path                       PID    Runtime      # DAGs    # Errors  Last Runtime    Last Run
------------------------------  -----  ---------  --------  ----------  --------------  -------------------
/opt/airflow/dags/first_dag.py                           1           0  0.16s           2025-11-14T18:17:03
/opt/airflow/dags/connect.py                             1           0  0.15s           2025-11-14T18:17:00
================================================================================
[2025-11-14T18:17:36.328+0000] {manager.py:878} INFO - 
================================================================================
DAG File Processing Stats

File Path                       PID    Runtime      # DAGs    # Errors  Last Runtime    Last Run
------------------------------  -----  ---------  --------  ----------  --------------  -------------------
/opt/airflow/dags/connect.py                             1           0  0.13s           2025-11-14T18:17:30
/opt/airflow/dags/first_dag.py                           1           0  0.11s           2025-11-14T18:17:33
================================================================================
[2025-11-14T18:18:06.591+0000] {manager.py:878} INFO - 
================================================================================
DAG File Processing Stats

File Path                       PID    Runtime      # DAGs    # Errors  Last Runtime    Last Run
------------------------------  -----  ---------  --------  ----------  --------------  -------------------
/opt/airflow/dags/connect.py                             1           0  0.09s           2025-11-14T18:18:00
/opt/airflow/dags/first_dag.py                           1           0  0.09s           2025-11-14T18:18:03
================================================================================
[2025-11-14T18:18:36.885+0000] {manager.py:878} INFO - 
================================================================================
DAG File Processing Stats

File Path                       PID    Runtime      # DAGs    # Errors  Last Runtime    Last Run
------------------------------  -----  ---------  --------  ----------  --------------  -------------------
/opt/airflow/dags/first_dag.py                           1           0  0.13s           2025-11-14T18:18:33
/opt/airflow/dags/connect.py                             1           0  0.11s           2025-11-14T18:18:30
================================================================================
[2025-11-14T18:19:07.195+0000] {manager.py:878} INFO - 
================================================================================
DAG File Processing Stats

File Path                       PID    Runtime      # DAGs    # Errors  Last Runtime    Last Run
------------------------------  -----  ---------  --------  ----------  --------------  -------------------
/opt/airflow/dags/connect.py                             1           0  0.13s           2025-11-14T18:19:01
/opt/airflow/dags/first_dag.py                           1           0  0.10s           2025-11-14T18:19:04
================================================================================
[2025-11-14T18:19:37.464+0000] {manager.py:878} INFO - 
================================================================================
DAG File Processing Stats

File Path                       PID    Runtime      # DAGs    # Errors  Last Runtime    Last Run
------------------------------  -----  ---------  --------  ----------  --------------  -------------------
/opt/airflow/dags/first_dag.py                           1           0  0.11s           2025-11-14T18:19:34
/opt/airflow/dags/connect.py                             1           0  0.11s           2025-11-14T18:19:31
================================================================================
[2025-11-14T18:20:07.703+0000] {manager.py:878} INFO - 
================================================================================
DAG File Processing Stats

File Path                       PID    Runtime      # DAGs    # Errors  Last Runtime    Last Run
------------------------------  -----  ---------  --------  ----------  --------------  -------------------
/opt/airflow/dags/first_dag.py                           1           0  0.09s           2025-11-14T18:20:04
/opt/airflow/dags/connect.py                             1           0  0.08s           2025-11-14T18:20:01
================================================================================
[2025-11-14T18:20:37.982+0000] {manager.py:878} INFO - 
================================================================================
DAG File Processing Stats

File Path                       PID    Runtime      # DAGs    # Errors  Last Runtime    Last Run
------------------------------  -----  ---------  --------  ----------  --------------  -------------------
/opt/airflow/dags/connect.py                             1           0  0.12s           2025-11-14T18:20:31
/opt/airflow/dags/first_dag.py                           1           0  0.10s           2025-11-14T18:20:34
================================================================================
[2025-11-14T18:21:01.114+0000] {manager.py:737} INFO - Searching for files in /opt/airflow/dags
[2025-11-14T18:21:01.126+0000] {manager.py:740} INFO - There are 2 files in /opt/airflow/dags
[2025-11-14T18:21:08.348+0000] {manager.py:878} INFO - 
================================================================================
DAG File Processing Stats

File Path                       PID    Runtime      # DAGs    # Errors  Last Runtime    Last Run
------------------------------  -----  ---------  --------  ----------  --------------  -------------------
/opt/airflow/dags/connect.py                             1           0  0.16s           2025-11-14T18:21:02
/opt/airflow/dags/first_dag.py                           1           0  0.15s           2025-11-14T18:21:05
================================================================================
[2025-11-14T18:21:38.608+0000] {manager.py:878} INFO - 
================================================================================
DAG File Processing Stats

File Path                       PID    Runtime      # DAGs    # Errors  Last Runtime    Last Run
------------------------------  -----  ---------  --------  ----------  --------------  -------------------
/opt/airflow/dags/first_dag.py                           1           0  0.10s           2025-11-14T18:21:35
/opt/airflow/dags/connect.py                             1           0  0.09s           2025-11-14T18:21:32
================================================================================
[2025-11-14T18:22:08.806+0000] {manager.py:878} INFO - 
================================================================================
DAG File Processing Stats

File Path                       PID    Runtime      # DAGs    # Errors  Last Runtime    Last Run
------------------------------  -----  ---------  --------  ----------  --------------  -------------------
/opt/airflow/dags/connect.py                             1           0  0.15s           2025-11-14T18:22:02
/opt/airflow/dags/first_dag.py                           1           0  0.10s           2025-11-14T18:22:05
================================================================================
[2025-11-14T18:22:39.086+0000] {manager.py:878} INFO - 
================================================================================
DAG File Processing Stats

File Path                       PID    Runtime      # DAGs    # Errors  Last Runtime    Last Run
------------------------------  -----  ---------  --------  ----------  --------------  -------------------
/opt/airflow/dags/connect.py                             1           0  0.11s           2025-11-14T18:22:33
/opt/airflow/dags/first_dag.py                           1           0  0.10s           2025-11-14T18:22:36
================================================================================
[2025-11-14T18:23:09.452+0000] {manager.py:878} INFO - 
================================================================================
DAG File Processing Stats

File Path                       PID    Runtime      # DAGs    # Errors  Last Runtime    Last Run
------------------------------  -----  ---------  --------  ----------  --------------  -------------------
/opt/airflow/dags/connect.py                             1           0  0.15s           2025-11-14T18:23:03
/opt/airflow/dags/first_dag.py                           1           0  0.12s           2025-11-14T18:23:06
================================================================================
[2025-11-14T18:23:39.651+0000] {manager.py:878} INFO - 
================================================================================
DAG File Processing Stats

File Path                       PID    Runtime      # DAGs    # Errors  Last Runtime    Last Run
------------------------------  -----  ---------  --------  ----------  --------------  -------------------
/opt/airflow/dags/connect.py                             1           0  0.15s           2025-11-14T18:23:33
/opt/airflow/dags/first_dag.py                           1           0  0.10s           2025-11-14T18:23:36
================================================================================
[2025-11-14T18:24:09.916+0000] {manager.py:878} INFO - 
================================================================================
DAG File Processing Stats

File Path                       PID    Runtime      # DAGs    # Errors  Last Runtime    Last Run
------------------------------  -----  ---------  --------  ----------  --------------  -------------------
/opt/airflow/dags/first_dag.py                           1           0  0.10s           2025-11-14T18:24:06
/opt/airflow/dags/connect.py                             1           0  0.10s           2025-11-14T18:24:03
================================================================================
[2025-11-14T18:24:40.190+0000] {manager.py:878} INFO - 
================================================================================
DAG File Processing Stats

File Path                       PID    Runtime      # DAGs    # Errors  Last Runtime    Last Run
------------------------------  -----  ---------  --------  ----------  --------------  -------------------
/opt/airflow/dags/connect.py                             1           0  0.12s           2025-11-14T18:24:34
/opt/airflow/dags/first_dag.py                           1           0  0.10s           2025-11-14T18:24:37
================================================================================
[2025-11-14T18:25:10.521+0000] {manager.py:878} INFO - 
================================================================================
DAG File Processing Stats

File Path                       PID    Runtime      # DAGs    # Errors  Last Runtime    Last Run
------------------------------  -----  ---------  --------  ----------  --------------  -------------------
/opt/airflow/dags/connect.py                             1           0  0.15s           2025-11-14T18:25:04
/opt/airflow/dags/first_dag.py                           1           0  0.13s           2025-11-14T18:25:07
================================================================================
[2025-11-14T18:25:40.769+0000] {manager.py:878} INFO - 
================================================================================
DAG File Processing Stats

File Path                       PID    Runtime      # DAGs    # Errors  Last Runtime    Last Run
------------------------------  -----  ---------  --------  ----------  --------------  -------------------
/opt/airflow/dags/first_dag.py                           1           0  0.12s           2025-11-14T18:25:37
/opt/airflow/dags/connect.py                             1           0  0.09s           2025-11-14T18:25:34
================================================================================
[2025-11-14T18:26:01.887+0000] {manager.py:737} INFO - Searching for files in /opt/airflow/dags
[2025-11-14T18:26:01.897+0000] {manager.py:740} INFO - There are 2 files in /opt/airflow/dags
[2025-11-14T18:26:11.053+0000] {manager.py:878} INFO - 
================================================================================
DAG File Processing Stats

File Path                       PID    Runtime      # DAGs    # Errors  Last Runtime    Last Run
------------------------------  -----  ---------  --------  ----------  --------------  -------------------
/opt/airflow/dags/first_dag.py                           1           0  0.10s           2025-11-14T18:26:08
/opt/airflow/dags/connect.py                             1           0  0.09s           2025-11-14T18:26:05
================================================================================
[2025-11-14T18:26:41.302+0000] {manager.py:878} INFO - 
================================================================================
DAG File Processing Stats

File Path                       PID    Runtime      # DAGs    # Errors  Last Runtime    Last Run
------------------------------  -----  ---------  --------  ----------  --------------  -------------------
/opt/airflow/dags/connect.py                             1           0  0.09s           2025-11-14T18:26:35
/opt/airflow/dags/first_dag.py                           1           0  0.09s           2025-11-14T18:26:38
================================================================================
[2025-11-14T18:27:11.545+0000] {manager.py:878} INFO - 
================================================================================
DAG File Processing Stats

File Path                       PID    Runtime      # DAGs    # Errors  Last Runtime    Last Run
------------------------------  -----  ---------  --------  ----------  --------------  -------------------
/opt/airflow/dags/first_dag.py                           1           0  0.10s           2025-11-14T18:27:08
/opt/airflow/dags/connect.py                             1           0  0.09s           2025-11-14T18:27:05
================================================================================
[2025-11-14T18:27:41.818+0000] {manager.py:878} INFO - 
================================================================================
DAG File Processing Stats

File Path                       PID    Runtime      # DAGs    # Errors  Last Runtime    Last Run
------------------------------  -----  ---------  --------  ----------  --------------  -------------------
/opt/airflow/dags/connect.py                             1           0  0.10s           2025-11-14T18:27:35
/opt/airflow/dags/first_dag.py                           1           0  0.09s           2025-11-14T18:27:38
================================================================================
[2025-11-14T18:28:12.073+0000] {manager.py:878} INFO - 
================================================================================
DAG File Processing Stats

File Path                       PID    Runtime      # DAGs    # Errors  Last Runtime    Last Run
------------------------------  -----  ---------  --------  ----------  --------------  -------------------
/opt/airflow/dags/first_dag.py                           1           0  0.09s           2025-11-14T18:28:09
/opt/airflow/dags/connect.py                             1           0  0.09s           2025-11-14T18:28:06
================================================================================
[2025-11-14T18:28:42.262+0000] {manager.py:878} INFO - 
================================================================================
DAG File Processing Stats

File Path                       PID    Runtime      # DAGs    # Errors  Last Runtime    Last Run
------------------------------  -----  ---------  --------  ----------  --------------  -------------------
/opt/airflow/dags/connect.py                             1           0  0.12s           2025-11-14T18:28:36
/opt/airflow/dags/first_dag.py                           1           0  0.09s           2025-11-14T18:28:39
================================================================================
[2025-11-14T18:29:12.512+0000] {manager.py:878} INFO - 
================================================================================
DAG File Processing Stats

File Path                       PID    Runtime      # DAGs    # Errors  Last Runtime    Last Run
------------------------------  -----  ---------  --------  ----------  --------------  -------------------
/opt/airflow/dags/connect.py                             1           0  0.10s           2025-11-14T18:29:06
/opt/airflow/dags/first_dag.py                           1           0  0.09s           2025-11-14T18:29:09
================================================================================
[2025-11-14T18:29:42.799+0000] {manager.py:878} INFO - 
================================================================================
DAG File Processing Stats

File Path                       PID    Runtime      # DAGs    # Errors  Last Runtime    Last Run
------------------------------  -----  ---------  --------  ----------  --------------  -------------------
/opt/airflow/dags/connect.py                             1           0  0.13s           2025-11-14T18:29:36
/opt/airflow/dags/first_dag.py                           1           0  0.10s           2025-11-14T18:29:39
================================================================================
[2025-11-14T18:30:13.033+0000] {manager.py:878} INFO - 
================================================================================
DAG File Processing Stats

File Path                       PID    Runtime      # DAGs    # Errors  Last Runtime    Last Run
------------------------------  -----  ---------  --------  ----------  --------------  -------------------
/opt/airflow/dags/first_dag.py                           1           0  0.10s           2025-11-14T18:30:10
/opt/airflow/dags/connect.py                             1           0  0.08s           2025-11-14T18:30:07
================================================================================
[2025-11-14T18:30:43.283+0000] {manager.py:878} INFO - 
================================================================================
DAG File Processing Stats

File Path                       PID    Runtime      # DAGs    # Errors  Last Runtime    Last Run
------------------------------  -----  ---------  --------  ----------  --------------  -------------------
/opt/airflow/dags/first_dag.py                           1           0  0.11s           2025-11-14T18:30:40
/opt/airflow/dags/connect.py                             1           0  0.09s           2025-11-14T18:30:37
================================================================================
[2025-11-14T18:31:02.385+0000] {manager.py:737} INFO - Searching for files in /opt/airflow/dags
[2025-11-14T18:31:02.393+0000] {manager.py:740} INFO - There are 2 files in /opt/airflow/dags
[2025-11-14T18:31:13.558+0000] {manager.py:878} INFO - 
================================================================================
DAG File Processing Stats

File Path                       PID    Runtime      # DAGs    # Errors  Last Runtime    Last Run
------------------------------  -----  ---------  --------  ----------  --------------  -------------------
/opt/airflow/dags/first_dag.py                           1           0  0.10s           2025-11-14T18:31:10
/opt/airflow/dags/connect.py                             1           0  0.09s           2025-11-14T18:31:07
================================================================================
[2025-11-14T18:31:43.776+0000] {manager.py:878} INFO - 
================================================================================
DAG File Processing Stats

File Path                       PID    Runtime      # DAGs    # Errors  Last Runtime    Last Run
------------------------------  -----  ---------  --------  ----------  --------------  -------------------
/opt/airflow/dags/connect.py                             1           0  0.12s           2025-11-14T18:31:37
/opt/airflow/dags/first_dag.py                           1           0  0.08s           2025-11-14T18:31:40
================================================================================
[2025-11-14T18:32:14.039+0000] {manager.py:878} INFO - 
================================================================================
DAG File Processing Stats

File Path                       PID    Runtime      # DAGs    # Errors  Last Runtime    Last Run
------------------------------  -----  ---------  --------  ----------  --------------  -------------------
/opt/airflow/dags/connect.py                             1           0  0.10s           2025-11-14T18:32:08
/opt/airflow/dags/first_dag.py                           1           0  0.09s           2025-11-14T18:32:11
================================================================================
[2025-11-14T18:32:44.285+0000] {manager.py:878} INFO - 
================================================================================
DAG File Processing Stats

File Path                       PID    Runtime      # DAGs    # Errors  Last Runtime    Last Run
------------------------------  -----  ---------  --------  ----------  --------------  -------------------
/opt/airflow/dags/first_dag.py                           1           0  0.09s           2025-11-14T18:32:41
/opt/airflow/dags/connect.py                             1           0  0.09s           2025-11-14T18:32:38
================================================================================
